1,289,Databases,1.0144028308017714
1,293,database,0.9953511640647501
1,331,Transact-SQL,0.9802000851935729
1,288,Oracle_Database,0.9769614385244267
1,21,Lists_of_mathematics_topics,0.972065186532318
1,306,MarketPenetration,0.9718228217461705
1,109,Primary_Research,0.9682045821505914
1,298,db,0.9665636240861154
1,291,NoSQL,0.9655396582718238
1,173,DSENG04_DB1,0.9645669345731492
1,278,DB1,0.9645669345731492
1,100,Secondary_research,0.9610085477066932
1,32,Financial_market,0.9566591125872088
1,48,Executive_search_firms,0.9546737595192067
1,33,Financial_market_efficiency,0.9545607550598181
1,320,Java,0.9519053441444508
1,51,Employment_websites,0.9517353717097402
1,334,Computer_network,0.9479491190310741
1,59,Cloud_Computing,0.9476591045009265
1,65,Cloud Computing,0.9476591045009265
1,25,Financial_services,0.9461823322241053
1,143,DSDK06_Marketing,0.9420660078852623
1,285,Microsoft_SQL_Server,0.9356832841228571
1,122,DSDK06_ADFM,0.9327855153573594
1,34,FinancialRegulation,0.9283381161626725
1,275,ODBMS,0.9269984296600192
1,246,Mobile_marketing,0.924533442269133
1,74,MATLAB,0.9229143070866209
1,236,MATLAB,0.9229143070866209
1,286,IBM_DB2,0.9219470320781342
1,194,DSDK03_SFM,0.9207951335695003
1,57,Distributed Computing,0.918074219350717
1,63,Distributed_Computing,0.918074219350717
1,126,DSENG04_DB3,0.9151347195456253
1,294,DB3,0.9151347195456253
1,277,RDBMS,0.9125993287022364
1,73,Octave,0.9121342415623078
1,235,Octave,0.9121342415623078
1,212,DSENG04_DB4,0.9104347600006332
1,283,DB4,0.9104347600006332
1,325,PL-SQL,0.9097155239267153
1,35,Investment_theory,0.908827084634362
1,97,UndergraduateResearch,0.9070059507645502
1,42,6_BASIC_STATISTICAL_TOOLS,0.9052156513812771
1,138,DSDA02_BST,0.9052156513812771
1,99,IsOperationsResearchReallyResearch,0.9047701494381268
1,196,DSRM03_IORRR,0.9047701494381268
1,114,DSDM06_EORDM,0.9045891736918187
1,324,Scala,0.8970499815929386
1,302,productDevelopment,0.8956491620955049
1,37,Finance,0.8950045012655243
1,304,Product_life-CycleManagement,0.8924668115002448
1,53,Employment_agencies,0.891654414970776
1,244,MarketingMix,0.8891413011167024
1,191,DSDM06_IPRIDM,0.8890754038611891
1,92,Project management,0.8878107633087876
1,30,Financial_instrument,0.8869359700899068
1,329,JavaScript,0.8838013711542776
1,287,CouchDB,0.8809590034390036
1,281,Database2,0.8793218835359212
1,295,Database,0.877142095203532
1,250,Viral_marketing,0.8766558484520093
1,146,DSENG05_DS2,0.8762962270356877
1,9,European_Joint_Master_degree_in_Economics,0.868501409347757
1,296,Elasticsearch,0.8674112913296071
1,198,DSDK03_TROFITSPADMP,0.8638626508350506
1,121,DSDM06_ELACIPR,0.8623191502307082
1,243,Co-marketing,0.8618004907808751
1,157,DSDK04_Analytical_Support_Introduction,0.8611559260215681
1,144,DSENG06_LORS,0.8552574925788194
1,36,Stock_Exchange,0.8525557431343282
1,321,Objective-J,0.851772369575823
1,11,Educational_specialist,0.8458848000073216
1,106,DSRM06_Contribute_research_objectives,0.8441525200307558
1,185,DSRM05_CRO,0.8441525200307558
1,272,Apache_HBase,0.841284268297201
1,98,RM2,0.8393078221911943
1,184,DSRM01_RM2,0.8393078221911943
1,124,DSENG04_DB2,0.8388567116306058
1,274,DB2,0.8388567116306058
1,64,Hadoop,0.8351361778835897
1,318,Ruby,0.832378177433263
1,61,Grid_computing,0.8319306363176945
1,62,Grid computing,0.8319306363176945
1,110,FrascatiDefinitionofResearch,0.8307259460829834
1,161,DSRM03_FDOR,0.8307259460829834
1,276,MySQL,0.8304216870927108
1,227,DSENG05_SSM,0.828643359935505
1,297,PostgreSQL,0.8275813725870077
1,158,DSENG06_OR,0.8246878339746665
1,82,Online_marketplace,0.8213259044120295
1,310,C--,0.8211292088872735
1,15,Master_of_Laws,0.8191719575360616
1,282,MonetDB,0.8179859382394687
1,214,DSENG04_RNRD,0.813611983094106
1,292,DSENG04_Relational_non-relational_databases,0.813611983094106
1,38,Stock_Trader,0.813125188991451
1,317,Objective-C,0.8091452127131928
1,319,C++,0.8057705462944595
1,326,Julia,0.8046110748642322
1,162,DSDM01_Data_Management_Sample_Plan,0.7969608010068955
1,2,Bachelor_degree,0.7959627077157729
1,14,Professional_Science_Master's_Degree,0.7953878547519433
1,119,DSDK01_BPD,0.7911471660350149
1,308,Product,0.7879569783958845
1,6,Doctor_of_Philosophy,0.7865166481517231
1,28,CapitalMarket,0.785665942490652
1,188,DSDM02_Database_Model,0.7836646369050381
1,311,C,0.7836636075517058
1,93,Service-oriented modeling,0.7833533049301281
1,26,Financial_economics,0.7797805807961141
1,189,DSENG04_DB5,0.7795872469740541
1,279,DB5,0.7795872469740541
1,5,Terminal_degree,0.7788237439615493
1,247,Interactive_advertising,0.7786312292740154
1,94,Business Model,0.7777446578187506
1,1,Master's_degree_in_Europe,0.7770936138884729
1,210,DSDM03_DI3,0.776234311055026
1,8,Master_degree,0.7699728920491014
1,52,Human_resource_management,0.7676301111613226
1,186,DSENG02_CS3,0.7675713619755963
1,72,Oracle Data Mining,0.7669243851970041
1,80,Oracle_Data_Mining,0.7669243851970041
1,234,Oracle Data Mining,0.7669243851970041
1,242,Oracle_Data_Mining,0.7669243851970041
1,95,Corporate communication,0.7662235661449147
1,199,DSDA04_DB,0.7622949963984201
1,215,DSENG05_DS1,0.7610795606353732
1,112,DSDM05_FDDTDC,0.7605543574385747
1,203,DSDM04_Data_Sharing,0.7591723123150668
1,301,New_product_development,0.7591287445886141
1,322,PHP,0.7576574371106088
1,300,Time_toMarket,0.7574770938684183
1,303,VirtualProductDevelopment,0.7567299580156126
1,0,First_professional_degree,0.7559655172551774
1,103,DSRM01_Scientific_method,0.7533301113312577
1,192,DSRM01_SM,0.7533301113312577
1,200,DSDM01_Data_Management,0.7516186002654184
1,4,Chemistry_Quality_Eurolabels,0.7507134114250595
1,108,RM1,0.7487912863647568
1,115,DSRM06_RM1,0.7487912863647568
1,135,DSRM01_RM1,0.7487912863647568
1,163,DSDM05_Data_Steward,0.7482712812374515
1,327,Python,0.7448596972568777
1,216,DSDM03_DCAI,0.7446137362223818
1,171,DSDK02_HTDBDCS,0.7416648282895693
1,84,E-commerce_credit_card_payment_system,0.7416022136915581
1,316,C_Sharp,0.7404268835406096
1,12,Graduate_school,0.7372523028386557
1,47,Summary_Table_for_Statistical_Techniques,0.7365452319899303
1,7,Master_of_Science,0.7364331134953843
1,197,DSDK01_BP,0.7360003449703832
1,226,DSDM02_DBMS-Data_Models,0.735878654133977
1,142,DSDA05_BDAP,0.7353925512193477
1,88,Business Management,0.7344415750265664
1,208,DSDA04_DB2,0.7324551470880614
1,27,FinanceCapitalism,0.7279106837206621
1,81,E-commerce,0.7277508984564262
1,68,Git,0.7274754015268072
1,231,Git,0.7274754015268072
1,284,Data_mart,0.7212894560422642
1,187,DSRM04_SPIA,0.7203300018932148
1,56,Human_resource_consulting,0.7194293499007216
1,202,DSENG05_DS4,0.7191803274389421
1,29,Mathematical_finance,0.7170530971080036
1,79,Software,0.7161481255038453
1,241,Software,0.7161481255038453
1,107,RMO,0.7154472684860644
1,175,DSRM05_RMO,0.7154472684860644
1,89,Business,0.7143707920102829
1,178,DSRM04_DSAAP,0.7120241725954626
1,130,DSDM01_DMC,0.7118882280701233
1,201,DSDM02_DM,0.7109888400635083
1,10,Engineer_degree,0.7091748883487934
1,172,DSDM01_DMP,0.7002190031935798
1,50,Personality-job_fit_theory,0.6986787040956448
1,299,Data_warehouse,0.6974863259004853
1,111,SS,0.6935792445295075
1,116,DSRM02_SS,0.6935792445295075
1,90,Business Intelligence,0.6935714605334458
1,254,Supervised_Learning,0.6892688567921912
1,255,Supervised Learning,0.6892688567921912
1,55,Onboarding,0.6892676899773389
1,13,Master_of_Engineering,0.6888518294821215
1,75,GATE,0.6887390743052744
1,237,GATE,0.6887390743052744
1,205,DSDM05_DFM,0.6874446900272158
1,307,Pro-innovation_bias,0.6872118827584086
1,273,MongoDB,0.6849037559092683
1,249,Television_advertisement,0.6837102038826339
1,225,DSDM04_DG,0.6835168663788973
1,209,DSDK03_The_Significance_Of_Management_Information_Systems_For_Enhancing_Strategic_And_Tactical_Planning,0.6834968744146162
1,85,Non-store_retailing,0.6833342595703373
1,86,Digital_economy,0.6830607393045798
1,245,Advertising,0.6794026565568012
1,145,DSDK02_BDNPD,0.6772552238690724
1,323,System_programming,0.6750220162505929
1,222,DSDK04_AS,0.673663648564016
1,129,DSDM01_DMCP,0.6720099956700396
1,58,Hortonworks,0.6694012314997848
1,49,Executive_search,0.6689019347768941
1,313,pbdR,0.6687360749263975
1,147,DSDM03_DI2,0.6682911908934601
1,96,ScholarlyMethod,0.6674852377598328
1,211,DSDA06_DVT,0.666366690429316
1,309,RequirementsManagement,0.6626874375171059
1,3,Master_of_Applied_Science,0.662179822110112
1,101,RM5,0.6617414179672703
1,206,DSRM01_RM5,0.6617414179672703
1,137,DSDM01_WADMP,0.6575438167256432
1,170,DSDK03_SM,0.6558720772200786
1,166,DSDM03_DI1,0.6558404933305934
1,105,DSRM02_Systematic_study,0.6552618906914862
1,148,DSRM02_SysS,0.6552618906914862
1,78,Mathematica,0.6552582978678719
1,240,Mathematica,0.6552582978678719
1,91,Job interview,0.6528475453380091
1,180,DSRM06_DOI,0.6507007990591087
1,259,Information_Retrieval,0.6470028603100435
1,263,Information Retrieval,0.6470028603100435
1,181,DSDM04_DA,0.6455185627349541
1,87,Business communication,0.6454389805620413
1,248,Meta-advertising,0.6437558781901026
1,179,DSDA05_Platforms1,0.6386701375917578
1,120,DSENG04_DB6,0.6338896047565171
1,280,DB6,0.6338896047565171
1,31,Corporate_finance,0.63195940609394
1,118,DSDA05_Platforms3,0.6306051549682969
1,155,DSDK05_ACD,0.6264162257465495
1,167,DSRM04_SP,0.6238007419852138
1,183,DSDM06_EIIDM,0.6224000364993099
1,174,DSDA03_BDTA,0.620623985539237
1,102,RM3,0.6199176657471988
1,219,DSRM01_RM3,0.6199176657471988
1,268,Statistical method,0.6179617308933323
1,271,Statistical_method,0.6179617308933323
1,217,DSRM06_SM,0.6167843905304469
1,228,DSENG03_DM4,0.6165142544856106
1,159,DSDM03_DI5,0.6132611480504881
1,312,Computer_Programming,0.6099380030941697
1,153,DSDM04_DL,0.6079114573481944
1,104,RM4,0.60785602089885
1,128,DSRM01_RM4,0.60785602089885
1,169,DSDM03_DI4,0.6047958509904054
1,113,DSDM05_DP,0.6041380283861771
1,195,DSDA04_DI,0.6023205591396918
1,17,Biomedicine,0.5994282225137465
1,125,DSDA03_HPACIDM,0.5938946805527262
1,83,Types_of_e-commerce,0.5919084735974263
1,16,BiomedicalEngineers2,0.5838508733155425
1,260,Categorization,0.5834873139051524
1,207,DSENG06_BDAA,0.5806813464993116
1,204,DSENG01_EP,0.5793632370030093
1,332,Software_developer,0.5776067748783749
1,140,DSRM06_TCAIPSIS,0.5736728190527096
1,19,_BiomedicalEngineers,0.5733859012585266
1,60,Cloudera,0.5733260293527358
1,45,Correlation,0.5704993810696917
1,139,DSDA02_CoR,0.5704993810696917
1,269,Classification,0.5696656623947356
1,290,SPARQL,0.5668578956593953
1,221,DSRM06_Ing,0.565919306449866
1,251,Video_commerce,0.5623618935888148
1,156,DSENG03_DM1,0.562305847318445
1,152,DSDA04_DB3,0.561009632761102
1,333,R,0.5587797527177341
1,315,Programmer,0.5516424649477264
1,218,DSENG03_DM3,0.5497968533582958
1,264,Predictive Analytics,0.5399392203112371
1,270,Predictive_Analytics,0.5399392203112371
1,151,DSENG02_CS1,0.5386117547125204
1,132,DSENG06_DB,0.5379223138810005
1,18,BiomedicalEngineering,0.5364056844491036
1,117,DSENG06_AA,0.5356855829440095
1,133,DSDA01_PA,0.5335272163131748
1,164,DSENG02_CS,0.524782248815818
1,77,Waffles,0.5194016313859854
1,239,Waffles,0.5194016313859854
1,330,Software_engineer,0.5117972896285958
1,256,Data_mining,0.5107936275354342
1,267,Data mining,0.5107936275354342
1,39,A_Guide_to_Statistical_Techniques,0.5106051942827904
1,134,DSDK04_HBDATCHYO,0.5034571633896261
1,165,DSDA04_DB4,0.5034286004216512
1,168,DSDK02_S,0.5010435672436961
1,182,DSDA05_CDV,0.4990443337346536
1,213,DSDA03_DA,0.4970431933240489
1,177,DSDM02_DM101,0.496237169198426
1,193,DSDA03_AFDM,0.49281926552393374
1,220,DSENG03_DM5,0.48839203695196076
1,160,DSENG02_CS2,0.4881856521499812
1,262,Text mining,0.488117027968729
1,265,Text_mining,0.488117027968729
1,71,Weka,0.46297691181361966
1,233,Weka,0.46297691181361966
1,257,Clustering,0.46004779838959065
1,40,StatisticalTechniques,0.454245826359601
1,154,DSDA02_ST,0.454245826359601
1,76,KNIME,0.4510082805516068
1,238,KNIME,0.4510082805516068
1,223,DSDA05_DV,0.4490899925400824
1,127,DSDA05_Platforms2,0.4430124822254815
1,190,DSDA06_SV,0.4381797905007866
1,305,CAD,0.4340731790061009
1,252,Unsupervised_learning,0.42769783427377706
1,266,Unsupervised learning,0.42769783427377706
1,149,DSENG03_ATFDM,0.4272520599465788
1,23,Mathematics,0.41914062975594113
1,67,JMP,0.4163453153200456
1,230,JMP,0.4163453153200456
1,54,Employment_agency,0.40843505020186066
1,253,Statistics,0.3963920796838214
1,328,Software_architecture,0.3909521497185825
1,20,Statistics,0.3828429246183802
1,41,Statistics,0.3828429246183802
1,131,DSDA02_Stat,0.3828429246183802
1,24,Math_Stats_tools,0.36893628861227123
1,176,DSDA04_DB1,0.3574250799818077
1,66,SAS,0.3396152881928304
1,229,SAS,0.3396152881928304
1,314,SAS,0.3396152881928304
1,70,SPSS,0.33772227105354746
1,232,SPSS,0.33772227105354746
1,258,Machine learning,0.33331563029889655
1,261,Machine_learning,0.33331563029889655
1,224,DSENG03_DM2,0.30851749278568175
1,150,DSRM04_EAP,0.2955740884577477
1,46,DataAnalytics,0.2912303995976886
1,123,DSDA02_DA,0.2912303995976886
1,44,Important_Methods_For_Statistical_Data_Analysis,0.2790757536920212
1,136,DSDA02_IMFSDA,0.2790757536920212
1,22,List_of_statistical_packages,0.2726366561483138
1,69,List_of_statistical_packages,0.2726366561483138
1,43,List_of_statistical_packages,0.27202857330696095
1,141,DSDA02_LOSP,0.27202857330696095
2,34,FinancialRegulation,1.029784393574357
2,30,Financial_instrument,1.017946008719293
2,14,Professional_Science_Master's_Degree,0.9869922219486538
2,9,European_Joint_Master_degree_in_Economics,0.9773794892659069
2,289,Databases,0.9772667137017806
2,25,Financial_services,0.9731682837172962
2,21,Lists_of_mathematics_topics,0.9728586763313029
2,100,Secondary_research,0.9669733728429554
2,27,FinanceCapitalism,0.9576675230019954
2,37,Finance,0.9557340359771681
2,32,Financial_market,0.9540699292111782
2,109,Primary_Research,0.9482285063687909
2,10,Engineer_degree,0.9469384913405701
2,7,Master_of_Science,0.9469306374935664
2,13,Master_of_Engineering,0.9445940314119583
2,35,Investment_theory,0.9414165215159447
2,103,DSRM01_Scientific_method,0.9410613604603331
2,192,DSRM01_SM,0.9410613604603331
2,288,Oracle_Database,0.9400078970053506
2,331,Transact-SQL,0.939072634155231
2,97,UndergraduateResearch,0.9373040506106994
2,104,RM4,0.9354094560017513
2,128,DSRM01_RM4,0.9354094560017513
2,101,RM5,0.9311220850841235
2,206,DSRM01_RM5,0.9311220850841235
2,73,Octave,0.9302988636997654
2,235,Octave,0.9302988636997654
2,51,Employment_websites,0.9290043062524729
2,33,Financial_market_efficiency,0.9288873295923068
2,106,DSRM06_Contribute_research_objectives,0.9249956658890178
2,185,DSRM05_CRO,0.9249956658890178
2,3,Master_of_Applied_Science,0.9235098154328047
2,11,Educational_specialist,0.9221519897457291
2,98,RM2,0.9221118391189251
2,184,DSRM01_RM2,0.9221118391189251
2,59,Cloud_Computing,0.9207580676311152
2,65,Cloud Computing,0.9207580676311152
2,0,First_professional_degree,0.9206389685726937
2,334,Computer_network,0.9181721445415767
2,5,Terminal_degree,0.9124898493994702
2,2,Bachelor_degree,0.9112659096501929
2,217,DSRM06_SM,0.9084772894900338
2,48,Executive_search_firms,0.9061309107846701
2,15,Master_of_Laws,0.9055689590651784
2,99,IsOperationsResearchReallyResearch,0.905039366905816
2,196,DSRM03_IORRR,0.905039366905816
2,74,MATLAB,0.9045555833561956
2,236,MATLAB,0.9045555833561956
2,8,Master_degree,0.9037475581686087
2,325,PL-SQL,0.9030170287371415
2,6,Doctor_of_Philosophy,0.9022256540814209
2,194,DSDK03_SFM,0.8998268070516978
2,102,RM3,0.8967070894223449
2,219,DSRM01_RM3,0.8967070894223449
2,285,Microsoft_SQL_Server,0.8957109994327044
2,42,6_BASIC_STATISTICAL_TOOLS,0.885957530346757
2,138,DSDA02_BST,0.885957530346757
2,1,Master's_degree_in_Europe,0.8845169907264154
2,108,RM1,0.8796428065148527
2,115,DSRM06_RM1,0.8796428065148527
2,135,DSRM01_RM1,0.8796428065148527
2,226,DSDM02_DBMS-Data_Models,0.878889044747154
2,144,DSENG06_LORS,0.8734098594122738
2,319,C++,0.8666169764244886
2,26,Financial_economics,0.863462595481959
2,107,RMO,0.8619464137028887
2,175,DSRM05_RMO,0.8619464137028887
2,212,DSENG04_DB4,0.861709675145419
2,283,DB4,0.861709675145419
2,291,NoSQL,0.8576448562974628
2,173,DSENG04_DB1,0.8571406066960063
2,278,DB1,0.8571406066960063
2,18,BiomedicalEngineering,0.8559771854030933
2,110,FrascatiDefinitionofResearch,0.8514499343814352
2,161,DSRM03_FDOR,0.8514499343814352
2,298,db,0.8500411980510334
2,29,Mathematical_finance,0.8491972441280258
2,203,DSDM04_Data_Sharing,0.8478752856200317
2,293,database,0.8475631745440222
2,38,Stock_Trader,0.8429718779488271
2,158,DSENG06_OR,0.842574764030928
2,151,DSENG02_CS1,0.8424534188199325
2,329,JavaScript,0.8402459356978941
2,204,DSENG01_EP,0.8386771439802319
2,318,Ruby,0.8300413479867095
2,254,Supervised_Learning,0.8299782069776674
2,255,Supervised Learning,0.8299782069776674
2,311,C,0.8241299871972781
2,94,Business Model,0.8228027602268341
2,188,DSDM02_Database_Model,0.8227924184116827
2,295,Database,0.8212495128751335
2,277,RDBMS,0.8182712340570573
2,186,DSENG02_CS3,0.8168036074834378
2,330,Software_engineer,0.8136608516243956
2,321,Objective-J,0.8136153962385119
2,112,DSDM05_FDDTDC,0.8120501770365297
2,126,DSENG04_DB3,0.8111288929764744
2,294,DB3,0.8111288929764744
2,53,Employment_agencies,0.8097710089027504
2,201,DSDM02_DM,0.8079762816287571
2,310,C--,0.8034289505824275
2,28,CapitalMarket,0.8020159570206046
2,96,ScholarlyMethod,0.8003640947676818
2,322,PHP,0.800015959750004
2,326,Julia,0.7997579842837688
2,275,ODBMS,0.7981878313531855
2,16,BiomedicalEngineers2,0.7971960609327079
2,317,Objective-C,0.796270252009057
2,268,Statistical method,0.7942776174372909
2,271,Statistical_method,0.7942776174372909
2,114,DSDM06_EORDM,0.7928040516193517
2,12,Graduate_school,0.7918949267290022
2,198,DSDK03_TROFITSPADMP,0.7879256809446494
2,19,_BiomedicalEngineers,0.7828333055214357
2,47,Summary_Table_for_Statistical_Techniques,0.780466657767199
2,22,List_of_statistical_packages,0.7803035317938771
2,69,List_of_statistical_packages,0.7803035317938771
2,43,List_of_statistical_packages,0.7795074419788962
2,141,DSDA02_LOSP,0.7795074419788962
2,281,Database2,0.7729057544593395
2,276,MySQL,0.7721042330092547
2,157,DSDK04_Analytical_Support_Introduction,0.7712629489887258
2,286,IBM_DB2,0.770266658797936
2,189,DSENG04_DB5,0.7660815921783948
2,279,DB5,0.7660815921783948
2,160,DSENG02_CS2,0.7519864117170107
2,324,Scala,0.751294580623021
2,282,MonetDB,0.7507294917397069
2,162,DSDM01_Data_Management_Sample_Plan,0.7465907383039683
2,323,System_programming,0.7442967720874909
2,164,DSENG02_CS,0.744233917809727
2,306,MarketPenetration,0.7421245603944491
2,111,SS,0.7420850543219529
2,116,DSRM02_SS,0.7420850543219529
2,36,Stock_Exchange,0.7377615489348411
2,93,Service-oriented modeling,0.7336578164272365
2,121,DSDM06_ELACIPR,0.7301707046730908
2,105,DSRM02_Systematic_study,0.7214115783999419
2,148,DSRM02_SysS,0.7214115783999419
2,191,DSDM06_IPRIDM,0.7211250590807061
2,214,DSENG04_RNRD,0.7210933664594142
2,292,DSENG04_Relational_non-relational_databases,0.7210933664594142
2,297,PostgreSQL,0.7197279173194381
2,183,DSDM06_EIIDM,0.7127689713232017
2,287,CouchDB,0.7100200770022349
2,327,Python,0.7090067897445815
2,312,Computer_Programming,0.7064158378784668
2,146,DSENG05_DS2,0.7057624019205879
2,316,C_Sharp,0.7017044329251394
2,122,DSDK06_ADFM,0.6907961501403266
2,243,Co-marketing,0.6819606593781431
2,140,DSRM06_TCAIPSIS,0.6794151336551066
2,307,Pro-innovation_bias,0.6791177100949325
2,31,Corporate_finance,0.6780240916793772
2,72,Oracle Data Mining,0.6653556276050021
2,80,Oracle_Data_Mining,0.6653556276050021
2,234,Oracle Data Mining,0.6653556276050021
2,242,Oracle_Data_Mining,0.6653556276050021
2,252,Unsupervised_learning,0.6631758961229817
2,266,Unsupervised learning,0.6631758961229817
2,54,Employment_agency,0.6610048932341855
2,92,Project management,0.6491533382366439
2,332,Software_developer,0.6488487995728577
2,50,Personality-job_fit_theory,0.6480833480863726
2,82,Online_marketplace,0.6457050713302022
2,167,DSRM04_SP,0.6450527649872457
2,253,Statistics,0.6435443479649726
2,199,DSDA04_DB,0.6431746885525562
2,20,Statistics,0.6408945422944624
2,41,Statistics,0.6408945422944624
2,131,DSDA02_Stat,0.6408945422944624
2,251,Video_commerce,0.6398345635977989
2,248,Meta-advertising,0.6336722423873118
2,315,Programmer,0.6328513080210819
2,313,pbdR,0.6321604361396813
2,290,SPARQL,0.631121667105548
2,57,Distributed Computing,0.6246837450627294
2,63,Distributed_Computing,0.6246837450627294
2,52,Human_resource_management,0.6245260810176996
2,216,DSDM03_DCAI,0.6229974120905561
2,120,DSENG04_DB6,0.6224750432757316
2,280,DB6,0.6224750432757316
2,273,MongoDB,0.6186886163314245
2,86,Digital_economy,0.6177645927173272
2,218,DSENG03_DM3,0.6173771925768357
2,259,Information_Retrieval,0.6164190690401037
2,263,Information Retrieval,0.6164190690401037
2,284,Data_mart,0.6163052515417444
2,302,productDevelopment,0.6154006585620377
2,190,DSDA06_SV,0.6133823385004198
2,308,Product,0.610358447615207
2,85,Non-store_retailing,0.6078525680158662
2,172,DSDM01_DMP,0.6072070749131913
2,61,Grid_computing,0.6042416222705819
2,62,Grid computing,0.6042416222705819
2,180,DSRM06_DOI,0.604156331037475
2,45,Correlation,0.601675029306183
2,139,DSDA02_CoR,0.601675029306183
2,249,Television_advertisement,0.5964942545926453
2,23,Mathematics,0.5948562721586317
2,84,E-commerce_credit_card_payment_system,0.5931992230547085
2,168,DSDK02_S,0.5919123019448669
2,244,MarketingMix,0.591871143818387
2,333,R,0.5847185111172715
2,78,Mathematica,0.5845118615271732
2,240,Mathematica,0.5845118615271732
2,320,Java,0.5826559596053056
2,150,DSRM04_EAP,0.5816181043488269
2,182,DSDA05_CDV,0.5806476158580678
2,79,Software,0.5782420713854737
2,241,Software,0.5782420713854737
2,304,Product_life-CycleManagement,0.575778942479557
2,143,DSDK06_Marketing,0.5740041400996768
2,177,DSDM02_DM101,0.573736634028578
2,95,Corporate communication,0.5732756592801017
2,328,Software_architecture,0.5723337486669652
2,17,Biomedicine,0.5720405277709929
2,55,Onboarding,0.5717737497868038
2,56,Human_resource_consulting,0.5711029488887561
2,81,E-commerce,0.5707528943498295
2,124,DSENG04_DB2,0.5687269376903192
2,274,DB2,0.5687269376903192
2,49,Executive_search,0.5678291998621937
2,178,DSRM04_DSAAP,0.5664242089971447
2,202,DSENG05_DS4,0.5660772826852737
2,246,Mobile_marketing,0.5631116890674943
2,44,Important_Methods_For_Statistical_Data_Analysis,0.5595928205952407
2,136,DSDA02_IMFSDA,0.5595928205952407
2,250,Viral_marketing,0.5591764240397027
2,4,Chemistry_Quality_Eurolabels,0.5571259670555126
2,70,SPSS,0.5561688363962862
2,232,SPSS,0.5561688363962862
2,211,DSDA06_DVT,0.5532941596313281
2,215,DSENG05_DS1,0.5496199054878905
2,91,Job interview,0.5478337167396192
2,169,DSDM03_DI4,0.5477132834738806
2,39,A_Guide_to_Statistical_Techniques,0.5465740025178787
2,118,DSDA05_Platforms3,0.5462820921754246
2,60,Cloudera,0.5461465168379385
2,64,Hadoop,0.541931264612278
2,67,JMP,0.541846052613858
2,230,JMP,0.541846052613858
2,152,DSDA04_DB3,0.5407082659029729
2,258,Machine learning,0.5378451543049356
2,261,Machine_learning,0.5378451543049356
2,40,StatisticalTechniques,0.5310558285395877
2,154,DSDA02_ST,0.5310558285395877
2,245,Advertising,0.529285814947943
2,209,DSDK03_The_Significance_Of_Management_Information_Systems_For_Enhancing_Strategic_And_Tactical_Planning,0.5287713494497692
2,301,New_product_development,0.5211444839378061
2,83,Types_of_e-commerce,0.5210442924236232
2,166,DSDM03_DI1,0.5204197038341531
2,247,Interactive_advertising,0.5179823022779216
2,142,DSDA05_BDAP,0.5174874896934365
2,113,DSDM05_DP,0.5174548195227231
2,153,DSDM04_DL,0.5162135185992722
2,299,Data_warehouse,0.513703225355474
2,260,Categorization,0.5115805862760008
2,89,Business,0.5092610805990017
2,87,Business communication,0.5009310829512993
2,77,Waffles,0.5000038420734314
2,239,Waffles,0.5000038420734314
2,179,DSDA05_Platforms1,0.49910473900359853
2,303,VirtualProductDevelopment,0.49726550507979705
2,300,Time_toMarket,0.49551426897544393
2,163,DSDM05_Data_Steward,0.4905249740048647
2,68,Git,0.48927318481365334
2,231,Git,0.48927318481365334
2,75,GATE,0.487074706299391
2,237,GATE,0.487074706299391
2,272,Apache_HBase,0.4862938455771516
2,221,DSRM06_Ing,0.4862566145561217
2,129,DSDM01_DMCP,0.4855204581107836
2,176,DSDA04_DB1,0.48213587082460585
2,132,DSENG06_DB,0.4811341973372534
2,305,CAD,0.4810860216682734
2,88,Business Management,0.4809165859520603
2,187,DSRM04_SPIA,0.4788883478886663
2,156,DSENG03_DM1,0.4702224373113263
2,269,Classification,0.4696832944952136
2,119,DSDK01_BPD,0.46869774913014794
2,210,DSDM03_DI3,0.46852358449476794
2,309,RequirementsManagement,0.4626005956655379
2,222,DSDK04_AS,0.4594359034303652
2,264,Predictive Analytics,0.4589102058121194
2,270,Predictive_Analytics,0.4589102058121194
2,133,DSDA01_PA,0.4588007060974628
2,227,DSENG05_SSM,0.4561450507664522
2,197,DSDK01_BP,0.4556460438185035
2,181,DSDM04_DA,0.4489386291828936
2,208,DSDA04_DB2,0.44840568801455305
2,195,DSDA04_DI,0.4450800898181162
2,159,DSDM03_DI5,0.442951360297286
2,296,Elasticsearch,0.4424828381405812
2,145,DSDK02_BDNPD,0.4415460183065454
2,257,Clustering,0.4348580796611333
2,225,DSDM04_DG,0.4344364389616544
2,224,DSENG03_DM2,0.4333973216142102
2,147,DSDM03_DI2,0.433310681536071
2,170,DSDK03_SM,0.43316554409402463
2,125,DSDA03_HPACIDM,0.42831709094523485
2,130,DSDM01_DMC,0.42824150952360907
2,66,SAS,0.42084239393200107
2,229,SAS,0.42084239393200107
2,314,SAS,0.42084239393200107
2,58,Hortonworks,0.41921418225118
2,127,DSDA05_Platforms2,0.4161814033172926
2,137,DSDM01_WADMP,0.4132809034470297
2,171,DSDK02_HTDBDCS,0.412326143947635
2,200,DSDM01_Data_Management,0.4074364727915103
2,223,DSDA05_DV,0.40594344264784255
2,228,DSENG03_DM4,0.39323077667010486
2,149,DSENG03_ATFDM,0.3884478686935332
2,220,DSENG03_DM5,0.3874568280006403
2,256,Data_mining,0.38419569341938975
2,267,Data mining,0.38419569341938975
2,174,DSDA03_BDTA,0.37863998421592615
2,205,DSDM05_DFM,0.37788590701578917
2,90,Business Intelligence,0.370565811755326
2,76,KNIME,0.36873181080174144
2,238,KNIME,0.36873181080174144
2,24,Math_Stats_tools,0.3686728624565553
2,165,DSDA04_DB4,0.3653182379273918
2,46,DataAnalytics,0.3520690835562167
2,123,DSDA02_DA,0.3520690835562167
2,262,Text mining,0.3395574902274979
2,265,Text_mining,0.3395574902274979
2,207,DSENG06_BDAA,0.3331569960725944
2,213,DSDA03_DA,0.3308031314791773
2,134,DSDK04_HBDATCHYO,0.3260227425179457
2,193,DSDA03_AFDM,0.3157944235675656
2,155,DSDK05_ACD,0.31408872420653877
2,117,DSENG06_AA,0.26117859061364224
2,71,Weka,0.23749736769444862
2,233,Weka,0.23749736769444862
3,21,Lists_of_mathematics_topics,0.9752670421823564
3,320,Java,0.955792304662754
3,51,Employment_websites,0.9303786466865355
3,34,FinancialRegulation,0.9288422486759076
3,288,Oracle_Database,0.9275103419121342
3,33,Financial_market_efficiency,0.9269724062481013
3,9,European_Joint_Master_degree_in_Economics,0.9253372798466001
3,289,Databases,0.9240442375486712
3,32,Financial_market,0.9210360647810281
3,48,Executive_search_firms,0.9035011059124969
3,334,Computer_network,0.903344162026072
3,59,Cloud_Computing,0.9009574178650486
3,65,Cloud Computing,0.9009574178650486
3,306,MarketPenetration,0.8975137942791983
3,25,Financial_services,0.8965982549677303
3,331,Transact-SQL,0.8868401157359288
3,30,Financial_instrument,0.8858701795320555
3,293,database,0.8824948469538023
3,11,Educational_specialist,0.8781546824028567
3,291,NoSQL,0.8655042351673886
3,243,Co-marketing,0.8653103201145188
3,173,DSENG04_DB1,0.8645793722292939
3,278,DB1,0.8645793722292939
3,94,Business Model,0.8626684227744736
3,10,Engineer_degree,0.8594244879907236
3,42,6_BASIC_STATISTICAL_TOOLS,0.8579578350313739
3,138,DSDA02_BST,0.8579578350313739
3,2,Bachelor_degree,0.8537548079473283
3,226,DSDM02_DBMS-Data_Models,0.850153657335299
3,74,MATLAB,0.8487287545317413
3,236,MATLAB,0.8487287545317413
3,47,Summary_Table_for_Statistical_Techniques,0.8486571066441781
3,57,Distributed Computing,0.8483738223696212
3,63,Distributed_Computing,0.8483738223696212
3,14,Professional_Science_Master's_Degree,0.847349138508844
3,37,Finance,0.8440978186667909
3,298,db,0.8316576138025792
3,285,Microsoft_SQL_Server,0.8245150356165833
3,73,Octave,0.8236270972808153
3,235,Octave,0.8236270972808153
3,324,Scala,0.8206583540710698
3,3,Master_of_Applied_Science,0.8205453848594272
3,158,DSENG06_OR,0.8204889279050587
3,35,Investment_theory,0.8199200312433234
3,275,ODBMS,0.8180079897387488
3,144,DSENG06_LORS,0.8161732887264938
3,13,Master_of_Engineering,0.8157658991784986
3,8,Master_degree,0.8121508026506306
3,188,DSDM02_Database_Model,0.8116844162198936
3,296,Elasticsearch,0.8112862700454995
3,194,DSDK03_SFM,0.8080201019909309
3,212,DSENG04_DB4,0.8070788210460994
3,283,DB4,0.8070788210460994
3,268,Statistical method,0.8043762257888551
3,271,Statistical_method,0.8043762257888551
3,0,First_professional_degree,0.803583272513346
3,15,Master_of_Laws,0.802530880877637
3,27,FinanceCapitalism,0.8001525982834464
3,244,MarketingMix,0.7993435955221248
3,201,DSDM02_DM,0.7989852845112329
3,53,Employment_agencies,0.7933129352471991
3,329,JavaScript,0.7888395316808556
3,126,DSENG04_DB3,0.7887705658172398
3,294,DB3,0.7887705658172398
3,29,Mathematical_finance,0.7881296973978326
3,295,Database,0.785473729297135
3,325,PL-SQL,0.7840354751807258
3,286,IBM_DB2,0.7816694069457005
3,143,DSDK06_Marketing,0.7752639280126705
3,1,Master's_degree_in_Europe,0.7731720068235461
3,189,DSENG04_DB5,0.7708057026667182
3,279,DB5,0.7708057026667182
3,198,DSDK03_TROFITSPADMP,0.7681033107719968
3,38,Stock_Trader,0.7668435714152584
3,302,productDevelopment,0.7647721334148893
3,93,Service-oriented modeling,0.7615067659005642
3,304,Product_life-CycleManagement,0.7592264102225912
3,246,Mobile_marketing,0.7576805649186065
3,72,Oracle Data Mining,0.7571613731868374
3,80,Oracle_Data_Mining,0.7571613731868374
3,234,Oracle Data Mining,0.7571613731868374
3,242,Oracle_Data_Mining,0.7571613731868374
3,26,Financial_economics,0.7569433860300602
3,7,Master_of_Science,0.7550524674617999
3,5,Terminal_degree,0.7530127757440309
3,250,Viral_marketing,0.7521245006528265
3,277,RDBMS,0.7421031124825724
3,186,DSENG02_CS3,0.7418869940919744
3,281,Database2,0.7418025308409709
3,124,DSENG04_DB2,0.741552046915394
3,274,DB2,0.741552046915394
3,308,Product,0.7386175993969619
3,318,Ruby,0.7337618070461245
3,36,Stock_Exchange,0.7332314312793617
3,321,Objective-J,0.7299460493959009
3,146,DSENG05_DS2,0.7269949896694419
3,28,CapitalMarket,0.7171691252667842
3,157,DSDK04_Analytical_Support_Introduction,0.713725627677555
3,330,Software_engineer,0.704462667943285
3,204,DSENG01_EP,0.7013753029991763
3,61,Grid_computing,0.6946779195814463
3,62,Grid computing,0.6946779195814463
3,317,Objective-C,0.6933680399122756
3,18,BiomedicalEngineering,0.6922349653535766
3,319,C++,0.6894181756008941
3,101,RM5,0.6804906073784858
3,206,DSRM01_RM5,0.6804906073784858
3,276,MySQL,0.6785908777729222
3,82,Online_marketplace,0.6711028063631362
3,191,DSDM06_IPRIDM,0.6697785267302883
3,214,DSENG04_RNRD,0.6685574617389056
3,292,DSENG04_Relational_non-relational_databases,0.6685574617389056
3,64,Hadoop,0.6671363268260544
3,326,Julia,0.6641327209551666
3,310,C--,0.659656987907788
3,287,CouchDB,0.6553996578911214
3,311,C,0.653171382151941
3,316,C_Sharp,0.6517134518404339
3,6,Doctor_of_Philosophy,0.651274740406683
3,313,pbdR,0.6492326103280837
3,111,SS,0.6485429228815014
3,116,DSRM02_SS,0.6485429228815014
3,22,List_of_statistical_packages,0.6483988040612029
3,69,List_of_statistical_packages,0.6483988040612029
3,43,List_of_statistical_packages,0.647724323646906
3,141,DSDA02_LOSP,0.647724323646906
3,282,MonetDB,0.6464832136005652
3,102,RM3,0.646147383366798
3,219,DSRM01_RM3,0.646147383366798
3,253,Statistics,0.6430991397151743
3,217,DSRM06_SM,0.6415323291984725
3,301,New_product_development,0.6344460600389173
3,20,Statistics,0.6336520796592219
3,41,Statistics,0.6336520796592219
3,131,DSDA02_Stat,0.6336520796592219
3,84,E-commerce_credit_card_payment_system,0.6287783395308637
3,327,Python,0.6285648138659194
3,122,DSDK06_ADFM,0.6281543756266263
3,100,Secondary_research,0.6275016533458044
3,104,RM4,0.625249958532091
3,128,DSRM01_RM4,0.625249958532091
3,332,Software_developer,0.6247384464412731
3,70,SPSS,0.6242399256450186
3,232,SPSS,0.6242399256450186
3,151,DSENG02_CS1,0.6212769685287545
3,109,Primary_Research,0.6174456350743063
3,215,DSENG05_DS1,0.6095824224896784
3,322,PHP,0.6083867492551662
3,297,PostgreSQL,0.5971269593269294
3,323,System_programming,0.5970595996822287
3,284,Data_mart,0.5939817238933516
3,103,DSRM01_Scientific_method,0.5883335692224445
3,192,DSRM01_SM,0.5883335692224445
3,86,Digital_economy,0.5873691783278356
3,254,Supervised_Learning,0.585291316120558
3,255,Supervised Learning,0.585291316120558
3,160,DSENG02_CS2,0.5811741295475481
3,85,Non-store_retailing,0.5768375670274142
3,247,Interactive_advertising,0.5741306699210516
3,45,Correlation,0.572467550300021
3,139,DSDA02_CoR,0.572467550300021
3,303,VirtualProductDevelopment,0.5718390007852723
3,119,DSDK01_BPD,0.5693610775165121
3,272,Apache_HBase,0.5664389944198237
3,169,DSDM03_DI4,0.5659230565750353
3,4,Chemistry_Quality_Eurolabels,0.5644283965048211
3,112,DSDM05_FDDTDC,0.5633639433740596
3,97,UndergraduateResearch,0.5616023793493983
3,92,Project management,0.5609041539628647
3,312,Computer_Programming,0.5602375234560742
3,107,RMO,0.5599361048451508
3,175,DSRM05_RMO,0.5599361048451508
3,16,BiomedicalEngineers2,0.5596693454190786
3,142,DSDA05_BDAP,0.5561798607083912
3,99,IsOperationsResearchReallyResearch,0.5522016145937045
3,196,DSRM03_IORRR,0.5522016145937045
3,88,Business Management,0.5505038740599686
3,202,DSENG05_DS4,0.5493264575141839
3,19,_BiomedicalEngineers,0.5487418359563891
3,199,DSDA04_DB,0.5460898666535154
3,118,DSDA05_Platforms3,0.5455570385923265
3,68,Git,0.5445482548841569
3,231,Git,0.5445482548841569
3,210,DSDM03_DI3,0.5427282089613389
3,120,DSENG04_DB6,0.5402226147247224
3,280,DB6,0.5402226147247224
3,164,DSENG02_CS,0.5383492431370922
3,106,DSRM06_Contribute_research_objectives,0.5288209071389915
3,185,DSRM05_CRO,0.5288209071389915
3,216,DSDM03_DCAI,0.5283294942462089
3,96,ScholarlyMethod,0.5277548337219846
3,95,Corporate communication,0.5273423877689253
3,54,Employment_agency,0.5273101974248033
3,50,Personality-job_fit_theory,0.526943725917699
3,81,E-commerce,0.5239696700059169
3,98,RM2,0.5238853340980099
3,184,DSRM01_RM2,0.5238853340980099
3,78,Mathematica,0.5238405335465108
3,240,Mathematica,0.5238405335465108
3,315,Programmer,0.5211934438963537
3,307,Pro-innovation_bias,0.5200068732749861
3,197,DSDK01_BP,0.5199585276456612
3,168,DSDK02_S,0.5197171620785959
3,178,DSRM04_DSAAP,0.518302868496171
3,273,MongoDB,0.5164592564902808
3,259,Information_Retrieval,0.5155791247831751
3,263,Information Retrieval,0.5155791247831751
3,31,Corporate_finance,0.5147315425488614
3,145,DSDK02_BDNPD,0.5147054498425192
3,108,RM1,0.5145167988946426
3,115,DSRM06_RM1,0.5145167988946426
3,135,DSRM01_RM1,0.5145167988946426
3,256,Data_mining,0.5111836492744932
3,267,Data mining,0.5111836492744932
3,110,FrascatiDefinitionofResearch,0.5056111813678327
3,161,DSRM03_FDOR,0.5056111813678327
3,245,Advertising,0.5041057212399006
3,227,DSENG05_SSM,0.5018912058023177
3,83,Types_of_e-commerce,0.4989631016410486
3,249,Television_advertisement,0.4948991184843804
3,56,Human_resource_consulting,0.49263626081054435
3,251,Video_commerce,0.48951713732069924
3,152,DSDA04_DB3,0.4866545990113651
3,333,R,0.4858095530133263
3,147,DSDM03_DI2,0.4852902688052564
3,290,SPARQL,0.48385662692823717
3,248,Meta-advertising,0.4834165932529928
3,79,Software,0.4833151801514548
3,241,Software,0.4833151801514548
3,300,Time_toMarket,0.4814608646267722
3,121,DSDM06_ELACIPR,0.4786408887653497
3,114,DSDM06_EORDM,0.4759506321281609
3,60,Cloudera,0.47264334463730684
3,163,DSDM05_Data_Steward,0.4724897139389037
3,269,Classification,0.4722091335751929
3,299,Data_warehouse,0.46756342520852334
3,328,Software_architecture,0.4658357666215367
3,180,DSRM06_DOI,0.4606182899410708
3,208,DSDA04_DB2,0.4599992667176662
3,190,DSDA06_SV,0.4599370318459165
3,12,Graduate_school,0.4575153302925552
3,203,DSDM04_Data_Sharing,0.45680726230485225
3,170,DSDK03_SM,0.4546460125051649
3,89,Business,0.4505981814285177
3,262,Text mining,0.4490720430610481
3,265,Text_mining,0.4490720430610481
3,75,GATE,0.4476977014883131
3,237,GATE,0.4476977014883131
3,87,Business communication,0.44691510389135025
3,200,DSDM01_Data_Management,0.44397068062020206
3,129,DSDM01_DMCP,0.44130641366318735
3,252,Unsupervised_learning,0.4405297637726292
3,266,Unsupervised learning,0.4405297637726292
3,171,DSDK02_HTDBDCS,0.43973979999734947
3,211,DSDA06_DVT,0.4382427399452987
3,187,DSRM04_SPIA,0.436845764973821
3,166,DSDM03_DI1,0.43438478965345206
3,52,Human_resource_management,0.4273783704462366
3,179,DSDA05_Platforms1,0.42297353678152516
3,24,Math_Stats_tools,0.42152265491188934
3,177,DSDM02_DM101,0.4190384129756841
3,58,Hortonworks,0.41897021987178196
3,220,DSENG03_DM5,0.4179995057559027
3,218,DSENG03_DM3,0.41342016250238633
3,162,DSDM01_Data_Management_Sample_Plan,0.41129559911859526
3,309,RequirementsManagement,0.4109727750842662
3,39,A_Guide_to_Statistical_Techniques,0.40596268215177056
3,176,DSDA04_DB1,0.4037978682579635
3,44,Important_Methods_For_Statistical_Data_Analysis,0.4010171874613342
3,136,DSDA02_IMFSDA,0.4010171874613342
3,221,DSRM06_Ing,0.3984282729982219
3,150,DSRM04_EAP,0.39696369941834975
3,55,Onboarding,0.3946593752012083
3,260,Categorization,0.38703285758524875
3,159,DSDM03_DI5,0.38681432930810766
3,23,Mathematics,0.3841768380669467
3,305,CAD,0.3838889660395457
3,49,Executive_search,0.382716693776474
3,17,Biomedicine,0.3790533889965687
3,140,DSRM06_TCAIPSIS,0.3770414332143922
3,258,Machine learning,0.3766098251800395
3,261,Machine_learning,0.3766098251800395
3,167,DSRM04_SP,0.37246131971881047
3,222,DSDK04_AS,0.37141794622773405
3,90,Business Intelligence,0.36797522699425667
3,205,DSDM05_DFM,0.36593515278297006
3,105,DSRM02_Systematic_study,0.3635892008927125
3,148,DSRM02_SysS,0.3635892008927125
3,130,DSDM01_DMC,0.3624708601714586
3,183,DSDM06_EIIDM,0.3616800865593228
3,132,DSENG06_DB,0.35805251207414535
3,225,DSDM04_DG,0.3543991569787657
3,67,JMP,0.35235790081471163
3,230,JMP,0.35235790081471163
3,195,DSDA04_DI,0.35079214439794437
3,91,Job interview,0.35017029144498646
3,209,DSDK03_The_Significance_Of_Management_Information_Systems_For_Enhancing_Strategic_And_Tactical_Planning,0.34461743825558555
3,113,DSDM05_DP,0.33772081520070807
3,257,Clustering,0.3294982521707971
3,40,StatisticalTechniques,0.327635360697739
3,154,DSDA02_ST,0.327635360697739
3,181,DSDM04_DA,0.32530389692285533
3,223,DSDA05_DV,0.3248855480438284
3,76,KNIME,0.3210041662524009
3,238,KNIME,0.3210041662524009
3,153,DSDM04_DL,0.3131294666404526
3,182,DSDA05_CDV,0.31230986778221526
3,264,Predictive Analytics,0.3035576731124122
3,270,Predictive_Analytics,0.3035576731124122
3,125,DSDA03_HPACIDM,0.30185618060559116
3,165,DSDA04_DB4,0.30174634944419276
3,155,DSDK05_ACD,0.3011323542800297
3,133,DSDA01_PA,0.3006260361707459
3,127,DSDA05_Platforms2,0.2898244454659591
3,71,Weka,0.2881326352042404
3,233,Weka,0.2881326352042404
3,137,DSDM01_WADMP,0.2847652349524753
3,66,SAS,0.28069695915962267
3,229,SAS,0.28069695915962267
3,314,SAS,0.28069695915962267
3,174,DSDA03_BDTA,0.2760877665557133
3,77,Waffles,0.2733879555316201
3,239,Waffles,0.2733879555316201
3,172,DSDM01_DMP,0.2616827726474924
3,228,DSENG03_DM4,0.25146214591349825
3,156,DSENG03_DM1,0.24625463197910802
3,46,DataAnalytics,0.23698544451858072
3,123,DSDA02_DA,0.23698544451858072
3,207,DSENG06_BDAA,0.23506645131326998
3,193,DSDA03_AFDM,0.22928370891596395
3,117,DSENG06_AA,0.22631412098533576
3,134,DSDK04_HBDATCHYO,0.20916348883464642
3,224,DSENG03_DM2,0.20439958558002025
3,149,DSENG03_ATFDM,0.20360328954681017
3,213,DSDA03_DA,0.1342449811490195
4,33,Financial_market_efficiency,1.0489137511482758
4,306,MarketPenetration,1.010176375537188
4,32,Financial_market,0.9948945319519031
4,243,Co-marketing,0.9885751547086301
4,289,Databases,0.9754118276802075
4,21,Lists_of_mathematics_topics,0.974723291246821
4,331,Transact-SQL,0.9700671026312339
4,101,RM5,0.9696575828357147
4,206,DSRM01_RM5,0.9696575828357147
4,302,productDevelopment,0.9628892083568318
4,34,FinancialRegulation,0.9622989056720964
4,288,Oracle_Database,0.9620418531759363
4,250,Viral_marketing,0.9491544711036513
4,104,RM4,0.946291600147233
4,128,DSRM01_RM4,0.946291600147233
4,103,DSRM01_Scientific_method,0.9444710009075566
4,192,DSRM01_SM,0.9444710009075566
4,42,6_BASIC_STATISTICAL_TOOLS,0.9396685205431191
4,138,DSDA02_BST,0.9396685205431191
4,73,Octave,0.9361559576166792
4,235,Octave,0.9361559576166792
4,25,Financial_services,0.9359493923616092
4,217,DSRM06_SM,0.935568671227559
4,74,MATLAB,0.9320681631400468
4,236,MATLAB,0.9320681631400468
4,47,Summary_Table_for_Statistical_Techniques,0.9302231476087166
4,102,RM3,0.930056592091274
4,219,DSRM01_RM3,0.930056592091274
4,30,Financial_instrument,0.9294775994513467
4,320,Java,0.9288049519182909
4,324,Scala,0.9275411697631368
4,325,PL-SQL,0.9272477615230577
4,329,JavaScript,0.9249922554656033
4,59,Cloud_Computing,0.9216065897942225
4,65,Cloud Computing,0.9216065897942225
4,186,DSENG02_CS3,0.914802950890674
4,22,List_of_statistical_packages,0.9143049733144348
4,69,List_of_statistical_packages,0.9143049733144348
4,43,List_of_statistical_packages,0.9140289498990033
4,141,DSDA02_LOSP,0.9140289498990033
4,244,MarketingMix,0.911699035558623
4,72,Oracle Data Mining,0.9099345589490347
4,80,Oracle_Data_Mining,0.9099345589490347
4,234,Oracle Data Mining,0.9099345589490347
4,242,Oracle_Data_Mining,0.9099345589490347
4,27,FinanceCapitalism,0.908566704424878
4,246,Mobile_marketing,0.9083834119624471
4,143,DSDK06_Marketing,0.9072520792118279
4,51,Employment_websites,0.9067336452060292
4,318,Ruby,0.9058207772190806
4,254,Supervised_Learning,0.9035031261617559
4,255,Supervised Learning,0.9035031261617559
4,293,database,0.9023649446357094
4,285,Microsoft_SQL_Server,0.9012933535962419
4,319,C++,0.9000090722248042
4,122,DSDK06_ADFM,0.89883199328326
4,96,ScholarlyMethod,0.8987906634840417
4,334,Computer_network,0.8958485402949296
4,38,Stock_Trader,0.8933202947508783
4,253,Statistics,0.8930299747107655
4,20,Statistics,0.8892585059544187
4,41,Statistics,0.8892585059544187
4,131,DSDA02_Stat,0.8892585059544187
4,100,Secondary_research,0.8872388701761803
4,48,Executive_search_firms,0.8844158078035771
4,326,Julia,0.8805084789291251
4,109,Primary_Research,0.87986242727283
4,70,SPSS,0.8768603378026179
4,232,SPSS,0.8768603378026179
4,37,Finance,0.8767632167812233
4,317,Objective-C,0.872576453175307
4,108,RM1,0.8665905133235529
4,115,DSRM06_RM1,0.8665905133235529
4,135,DSRM01_RM1,0.8665905133235529
4,107,RMO,0.8653986800066564
4,175,DSRM05_RMO,0.8653986800066564
4,35,Investment_theory,0.8620186044958599
4,151,DSENG02_CS1,0.8597412274428208
4,291,NoSQL,0.8557792604447212
4,173,DSENG04_DB1,0.8555258673683401
4,278,DB1,0.8555258673683401
4,311,C,0.853897869367686
4,36,Stock_Exchange,0.8509283901603739
4,26,Financial_economics,0.8496927168775988
4,304,Product_life-CycleManagement,0.8457496593114621
4,18,BiomedicalEngineering,0.8452423946999182
4,313,pbdR,0.8442417560576526
4,286,IBM_DB2,0.8427057950794895
4,144,DSENG06_LORS,0.842262177053964
4,78,Mathematica,0.8418245340517747
4,240,Mathematica,0.8418245340517747
4,28,CapitalMarket,0.838609985003099
4,53,Employment_agencies,0.8372998946363565
4,106,DSRM06_Contribute_research_objectives,0.8369498826705477
4,185,DSRM05_CRO,0.8369498826705477
4,3,Master_of_Applied_Science,0.8353166997616541
4,194,DSDK03_SFM,0.8351145901880878
4,98,RM2,0.8344678978401205
4,184,DSRM01_RM2,0.8344678978401205
4,296,Elasticsearch,0.8308133103975215
4,204,DSENG01_EP,0.828711852037235
4,256,Data_mining,0.8271243777669768
4,267,Data mining,0.8271243777669768
4,310,C--,0.8259579514551275
4,316,C_Sharp,0.8244739881055838
4,321,Objective-J,0.8242108204183225
4,157,DSDK04_Analytical_Support_Introduction,0.8233325821260106
4,330,Software_engineer,0.8230333008681754
4,322,PHP,0.8161155912950966
4,57,Distributed Computing,0.8121493828933589
4,63,Distributed_Computing,0.8121493828933589
4,110,FrascatiDefinitionofResearch,0.8105624737443713
4,161,DSRM03_FDOR,0.8105624737443713
4,99,IsOperationsResearchReallyResearch,0.8105084516470544
4,196,DSRM03_IORRR,0.8105084516470544
4,112,DSDM05_FDDTDC,0.8094701372766416
4,298,db,0.8074278344737795
4,118,DSDA05_Platforms3,0.8072550830977052
4,158,DSENG06_OR,0.8071235332664771
4,327,Python,0.8038439725767308
4,97,UndergraduateResearch,0.8012395297657957
4,160,DSENG02_CS2,0.7999364569688365
4,164,DSENG02_CS,0.799870145106741
4,212,DSENG04_DB4,0.7956130266505261
4,283,DB4,0.7956130266505261
4,44,Important_Methods_For_Statistical_Data_Analysis,0.7908307282548104
4,136,DSDA02_IMFSDA,0.7908307282548104
4,24,Math_Stats_tools,0.789274547262513
4,275,ODBMS,0.7864867661764894
4,323,System_programming,0.7864125428856936
4,312,Computer_Programming,0.7829847779123644
4,247,Interactive_advertising,0.7799611993463473
4,10,Engineer_degree,0.7793538505702675
4,281,Database2,0.7774615886430585
4,203,DSDM04_Data_Sharing,0.7764097142604585
4,145,DSDK02_BDNPD,0.7745950326954776
4,126,DSENG04_DB3,0.7694549231722831
4,294,DB3,0.7694549231722831
4,14,Professional_Science_Master's_Degree,0.7673776187432673
4,258,Machine learning,0.7671883926824176
4,261,Machine_learning,0.7671883926824176
4,13,Master_of_Engineering,0.7666556727043374
4,308,Product,0.7659887659348915
4,295,Database,0.7645444042584323
4,82,Online_marketplace,0.7644123804556944
4,262,Text mining,0.7622271643602176
4,265,Text_mining,0.7622271643602176
4,9,European_Joint_Master_degree_in_Economics,0.7596667305410112
4,282,MonetDB,0.7584707056996496
4,214,DSENG04_RNRD,0.7576402234174635
4,292,DSENG04_Relational_non-relational_databases,0.7576402234174635
4,16,BiomedicalEngineers2,0.7553949772887572
4,142,DSDA05_BDAP,0.752561869415098
4,276,MySQL,0.7522262225021749
4,252,Unsupervised_learning,0.7488745041485863
4,266,Unsupervised learning,0.7488745041485863
4,111,SS,0.7442535358698592
4,116,DSRM02_SS,0.7442535358698592
4,19,_BiomedicalEngineers,0.7441671810525765
4,168,DSDK02_S,0.7435028153254515
4,277,RDBMS,0.7370019494622227
4,29,Mathematical_finance,0.7305763239370692
4,332,Software_developer,0.7283715601825189
4,245,Advertising,0.7266243557797267
4,218,DSENG03_DM3,0.7224768371731823
4,54,Employment_agency,0.7198800271533791
4,315,Programmer,0.7165661793795918
4,303,VirtualProductDevelopment,0.7151476999990549
4,45,Correlation,0.7151081711660224
4,139,DSDA02_CoR,0.7151081711660224
4,93,Service-oriented modeling,0.7135312237026286
4,64,Hadoop,0.7103130337980031
4,226,DSDM02_DBMS-Data_Models,0.7058870121835712
4,67,JMP,0.7053551388821234
4,230,JMP,0.7053551388821234
4,0,First_professional_degree,0.7050418865370344
4,198,DSDK03_TROFITSPADMP,0.7048381872033904
4,105,DSRM02_Systematic_study,0.7046483057482593
4,148,DSRM02_SysS,0.7046483057482593
4,268,Statistical method,0.7036727656653188
4,271,Statistical_method,0.7036727656653188
4,7,Master_of_Science,0.7035384591061287
4,146,DSENG05_DS2,0.7033836735982575
4,290,SPARQL,0.7032565158574219
4,11,Educational_specialist,0.6992301094303555
4,273,MongoDB,0.6970682420568932
4,301,New_product_development,0.6954149816996036
4,2,Bachelor_degree,0.6929457310683194
4,183,DSDM06_EIIDM,0.6911218279542317
4,251,Video_commerce,0.6910493935669069
4,60,Cloudera,0.6909643563656314
4,121,DSDM06_ELACIPR,0.6879661525182807
4,188,DSDM02_Database_Model,0.6857530894056201
4,333,R,0.6835147821242082
4,297,PostgreSQL,0.6814947071304126
4,15,Master_of_Laws,0.6814194653225267
4,6,Doctor_of_Philosophy,0.6796927779200512
4,61,Grid_computing,0.6782491372027668
4,62,Grid computing,0.6782491372027668
4,249,Television_advertisement,0.6775653600274688
4,8,Master_degree,0.676128897535375
4,156,DSENG03_DM1,0.6669406888457816
4,76,KNIME,0.6657632397846074
4,238,KNIME,0.6657632397846074
4,23,Mathematics,0.6639468121327965
4,191,DSDM06_IPRIDM,0.6630780461801722
4,140,DSRM06_TCAIPSIS,0.6618117368063269
4,190,DSDA06_SV,0.6587481302163849
4,179,DSDA05_Platforms1,0.6580857968946788
4,189,DSENG04_DB5,0.6556862516178835
4,279,DB5,0.6556862516178835
4,84,E-commerce_credit_card_payment_system,0.6554228248068226
4,5,Terminal_degree,0.6546490969958575
4,269,Classification,0.6541662131966788
4,167,DSRM04_SP,0.6528189347238376
4,307,Pro-innovation_bias,0.6485793292519202
4,40,StatisticalTechniques,0.6479073439893015
4,154,DSDA02_ST,0.6479073439893015
4,220,DSENG03_DM5,0.6457654944781394
4,39,A_Guide_to_Statistical_Techniques,0.6427173926156087
4,120,DSENG04_DB6,0.6426049760361231
4,280,DB6,0.6426049760361231
4,1,Master's_degree_in_Europe,0.6411327907337878
4,125,DSDA03_HPACIDM,0.641087013240762
4,124,DSENG04_DB2,0.6395588019919127
4,274,DB2,0.6395588019919127
4,201,DSDM02_DM,0.6387745529726052
4,199,DSDA04_DB,0.6363277615339705
4,114,DSDM06_EORDM,0.6351444819139671
4,248,Meta-advertising,0.6286159085133609
4,155,DSDK05_ACD,0.6248249625847377
4,159,DSDM03_DI5,0.6245655283485252
4,95,Corporate communication,0.6202136736646466
4,86,Digital_economy,0.6199093900772281
4,12,Graduate_school,0.617090458141243
4,211,DSDA06_DVT,0.6116317100884301
4,162,DSDM01_Data_Management_Sample_Plan,0.6096443512221734
4,75,GATE,0.6033000692648313
4,237,GATE,0.6033000692648313
4,216,DSDM03_DCAI,0.6027410505433306
4,171,DSDK02_HTDBDCS,0.5954930357016959
4,174,DSDA03_BDTA,0.5931945363083018
4,94,Business Model,0.5928485179980034
4,127,DSDA05_Platforms2,0.5893560120267072
4,176,DSDA04_DB1,0.5886047713373812
4,178,DSRM04_DSAAP,0.5876711556857401
4,68,Git,0.5872042616451127
4,231,Git,0.5872042616451127
4,50,Personality-job_fit_theory,0.5844547707378622
4,77,Waffles,0.5803797816359247
4,239,Waffles,0.5803797816359247
4,208,DSDA04_DB2,0.5789272848661242
4,264,Predictive Analytics,0.5781424981032084
4,270,Predictive_Analytics,0.5781424981032084
4,133,DSDA01_PA,0.5778652657618375
4,46,DataAnalytics,0.571310310064459
4,123,DSDA02_DA,0.571310310064459
4,257,Clustering,0.5701947942770366
4,83,Types_of_e-commerce,0.5619277556685605
4,81,E-commerce,0.5612645649241368
4,259,Information_Retrieval,0.561210025591135
4,263,Information Retrieval,0.561210025591135
4,287,CouchDB,0.5530575821897208
4,134,DSDK04_HBDATCHYO,0.553031380681513
4,85,Non-store_retailing,0.5521434767727983
4,328,Software_architecture,0.545420713951248
4,165,DSDA04_DB4,0.5449326061230186
4,71,Weka,0.5444943098577121
4,233,Weka,0.5444943098577121
4,210,DSDM03_DI3,0.5437367719547249
4,224,DSENG03_DM2,0.5325177599780548
4,180,DSRM06_DOI,0.5305063419093574
4,299,Data_warehouse,0.5238524346996605
4,195,DSDA04_DI,0.5217571885979522
4,166,DSDM03_DI1,0.5212122336212124
4,223,DSDA05_DV,0.5201916831701843
4,260,Categorization,0.5198414873785232
4,17,Biomedicine,0.518752908700048
4,213,DSDA03_DA,0.5166482318760717
4,182,DSDA05_CDV,0.5151002911802103
4,284,Data_mart,0.5148317183213271
4,153,DSDM04_DL,0.5091532384939627
4,170,DSDK03_SM,0.5018393477726402
4,129,DSDM01_DMCP,0.5014705203867753
4,221,DSRM06_Ing,0.49884689605440946
4,228,DSENG03_DM4,0.4963024366153589
4,149,DSENG03_ATFDM,0.495053442544932
4,152,DSDA04_DB3,0.4900483082526611
4,209,DSDK03_The_Significance_Of_Management_Information_Systems_For_Enhancing_Strategic_And_Tactical_Planning,0.48717533090834697
4,150,DSRM04_EAP,0.48589463219782125
4,66,SAS,0.4843244787089326
4,229,SAS,0.4843244787089326
4,314,SAS,0.4843244787089326
4,222,DSDK04_AS,0.47831152976558955
4,4,Chemistry_Quality_Eurolabels,0.47647780608435475
4,169,DSDM03_DI4,0.4746125556316182
4,55,Onboarding,0.47328746327976956
4,87,Business communication,0.47000973233930166
4,91,Job interview,0.4679375849255212
4,147,DSDM03_DI2,0.4607320463621908
4,31,Corporate_finance,0.46020271263130297
4,305,CAD,0.43853421700685347
4,272,Apache_HBase,0.43250144360782283
4,49,Executive_search,0.4275345755300729
4,56,Human_resource_consulting,0.4149526381917211
4,193,DSDA03_AFDM,0.4090198419491615
4,52,Human_resource_management,0.39194118489847884
4,177,DSDM02_DM101,0.3901121084831092
4,300,Time_toMarket,0.3830370227108195
4,113,DSDM05_DP,0.3796557193386353
4,132,DSENG06_DB,0.3796322922380889
4,172,DSDM01_DMP,0.37910285113496356
4,207,DSENG06_BDAA,0.3673816260073125
4,181,DSDM04_DA,0.35477675334331304
4,163,DSDM05_Data_Steward,0.35213115232530046
4,58,Hortonworks,0.335143245626089
4,117,DSENG06_AA,0.33512632403545706
4,137,DSDM01_WADMP,0.3250126129261731
4,225,DSDM04_DG,0.315483291760179
4,88,Business Management,0.303770950585299
4,197,DSDK01_BP,0.2898826060012252
4,202,DSENG05_DS4,0.28938677451553785
4,119,DSDK01_BPD,0.28276965460842274
4,215,DSENG05_DS1,0.25991057272026685
4,90,Business Intelligence,0.2372905599165882
4,205,DSDM05_DFM,0.23576246591192362
4,130,DSDM01_DMC,0.23365911179338883
4,309,RequirementsManagement,0.22709341913183534
4,200,DSDM01_Data_Management,0.20894071733457031
4,227,DSENG05_SSM,0.20884083798168063
4,79,Software,0.1924108091586203
4,241,Software,0.1924108091586203
4,187,DSRM04_SPIA,0.18145055069301186
4,92,Project management,0.12076058385224797
4,89,Business,0.12000511508079326
5,289,Databases,1.011360744973306
5,293,database,0.9974902620111675
5,275,ODBMS,0.9608717648786224
5,291,NoSQL,0.9579716305308329
5,173,DSENG04_DB1,0.9569026133254801
5,278,DB1,0.9569026133254801
5,288,Oracle_Database,0.9558608226533362
5,331,Transact-SQL,0.9548644857981397
5,325,PL-SQL,0.9405583713120995
5,310,C--,0.9395885292727434
5,74,MATLAB,0.9346421135559202
5,236,MATLAB,0.9346421135559202
5,285,Microsoft_SQL_Server,0.9271971116302817
5,126,DSENG04_DB3,0.9241862632901982
5,294,DB3,0.9241862632901982
5,320,Java,0.92093643227682
5,59,Cloud_Computing,0.9187921716961744
5,65,Cloud Computing,0.9187921716961744
5,286,IBM_DB2,0.9185991391021583
5,30,Financial_instrument,0.916541661107535
5,324,Scala,0.9160484927064806
5,329,JavaScript,0.9128307930179277
5,73,Octave,0.9105697457983333
5,235,Octave,0.9105697457983333
5,100,Secondary_research,0.9098094344496901
5,42,6_BASIC_STATISTICAL_TOOLS,0.9081818295832766
5,138,DSDA02_BST,0.9081818295832766
5,212,DSENG04_DB4,0.9070243069343716
5,283,DB4,0.9070243069343716
5,321,Objective-J,0.9032500943612498
5,298,db,0.9026759354786926
5,295,Database,0.9012063776249428
5,326,Julia,0.8923745969190335
5,92,Project management,0.8890280591999044
5,319,C++,0.8881382760821811
5,97,UndergraduateResearch,0.8826703080578778
5,276,MySQL,0.8806147950818446
5,277,RDBMS,0.8784896548369224
5,34,FinancialRegulation,0.8748082066493654
5,226,DSDM02_DBMS-Data_Models,0.8742898300544134
5,103,DSRM01_Scientific_method,0.8707226471130612
5,192,DSRM01_SM,0.8707226471130612
5,32,Financial_market,0.8693970592625115
5,25,Financial_services,0.8664031287870146
5,33,Financial_market_efficiency,0.8632196547108812
5,99,IsOperationsResearchReallyResearch,0.8622146758796895
5,196,DSRM03_IORRR,0.8622146758796895
5,282,MonetDB,0.8597353270385752
5,318,Ruby,0.8595503416264061
5,109,Primary_Research,0.8586373618010966
5,316,C_Sharp,0.8584621318379855
5,47,Summary_Table_for_Statistical_Techniques,0.8579452579337798
5,311,C,0.854564298242872
5,194,DSDK03_SFM,0.8539998796550459
5,191,DSDM06_IPRIDM,0.8536554358579589
5,317,Objective-C,0.8535573672373586
5,94,Business Model,0.8529571132994146
5,37,Finance,0.851254379455542
5,106,DSRM06_Contribute_research_objectives,0.8508454689962103
5,185,DSRM05_CRO,0.8508454689962103
5,110,FrascatiDefinitionofResearch,0.8488786645240385
5,161,DSRM03_FDOR,0.8488786645240385
5,287,CouchDB,0.8487208367208674
5,98,RM2,0.8480597015221665
5,184,DSRM01_RM2,0.8480597015221665
5,35,Investment_theory,0.8470461828776205
5,101,RM5,0.8423227997977153
5,206,DSRM01_RM5,0.8423227997977153
5,322,PHP,0.840455601927111
5,297,PostgreSQL,0.8402756598704588
5,11,Educational_specialist,0.8398882290571279
5,27,FinanceCapitalism,0.8386759244231496
5,108,RM1,0.8297951673065713
5,115,DSRM06_RM1,0.8297951673065713
5,135,DSRM01_RM1,0.8297951673065713
5,268,Statistical method,0.8285619213955424
5,271,Statistical_method,0.8285619213955424
5,14,Professional_Science_Master's_Degree,0.8250427333503658
5,104,RM4,0.8245364924586573
5,128,DSRM01_RM4,0.8245364924586573
5,243,Co-marketing,0.8229932541631633
5,201,DSDM02_DM,0.8223974647915301
5,214,DSENG04_RNRD,0.8189940976541483
5,292,DSENG04_Relational_non-relational_databases,0.8189940976541483
5,107,RMO,0.8138940504002584
5,175,DSRM05_RMO,0.8138940504002584
5,114,DSDM06_EORDM,0.8131651199619779
5,189,DSENG04_DB5,0.8122021311649966
5,279,DB5,0.8122021311649966
5,217,DSRM06_SM,0.8090616079394725
5,313,pbdR,0.8085827451919883
5,102,RM3,0.8050286966637884
5,219,DSRM01_RM3,0.8050286966637884
5,296,Elasticsearch,0.8047806507219551
5,272,Apache_HBase,0.8015457597846433
5,15,Master_of_Laws,0.7988618683452706
5,323,System_programming,0.7961271862312483
5,79,Software,0.7951495474173074
5,241,Software,0.7951495474173074
5,198,DSDK03_TROFITSPADMP,0.7923670277552598
5,2,Bachelor_degree,0.7899091217581715
5,157,DSDK04_Analytical_Support_Introduction,0.7877678543274679
5,327,Python,0.785893706028115
5,8,Master_degree,0.7833579332752911
5,188,DSDM02_Database_Model,0.782545417130269
5,306,MarketPenetration,0.7807570832566322
5,26,Financial_economics,0.7797302633203494
5,122,DSDK06_ADFM,0.7791789423473785
5,57,Distributed Computing,0.7757738809474259
5,63,Distributed_Computing,0.7757738809474259
5,1,Master's_degree_in_Europe,0.7740115208704341
5,0,First_professional_degree,0.7705067263070746
5,5,Terminal_degree,0.770120361688603
5,332,Software_developer,0.7698337921994818
5,112,DSDM05_FDDTDC,0.7672933732303977
5,144,DSENG06_LORS,0.7667593565957481
5,7,Master_of_Science,0.7622615150696638
5,96,ScholarlyMethod,0.7608155324902195
5,29,Mathematical_finance,0.7600650435529555
5,22,List_of_statistical_packages,0.759638939536048
5,69,List_of_statistical_packages,0.759638939536048
5,6,Doctor_of_Philosophy,0.7590979649423162
5,43,List_of_statistical_packages,0.7590364288155319
5,141,DSDA02_LOSP,0.7590364288155319
5,93,Service-oriented modeling,0.7542371229312104
5,143,DSDK06_Marketing,0.7531624478289136
5,162,DSDM01_Data_Management_Sample_Plan,0.7522020772355144
5,38,Stock_Trader,0.7506588634435376
5,186,DSENG02_CS3,0.7458680883115065
5,21,Lists_of_mathematics_topics,0.7444012575554217
5,244,MarketingMix,0.7436784821093949
5,202,DSENG05_DS4,0.7404867932789151
5,78,Mathematica,0.7391453505710315
5,240,Mathematica,0.7391453505710315
5,216,DSDM03_DCAI,0.73887731952937
5,281,Database2,0.7382339355855059
5,119,DSDK01_BPD,0.7376491874738904
5,199,DSDA04_DB,0.7364656344774634
5,72,Oracle Data Mining,0.7359362261631993
5,80,Oracle_Data_Mining,0.7359362261631993
5,234,Oracle Data Mining,0.7359362261631993
5,242,Oracle_Data_Mining,0.7359362261631993
5,142,DSDA05_BDAP,0.7352609380397517
5,9,European_Joint_Master_degree_in_Economics,0.7339297706382921
5,121,DSDM06_ELACIPR,0.7337158490808218
5,10,Engineer_degree,0.7336037744106333
5,215,DSENG05_DS1,0.7315652485303785
5,187,DSRM04_SPIA,0.7298684865536071
5,254,Supervised_Learning,0.7270120145266561
5,255,Supervised Learning,0.7270120145266561
5,51,Employment_websites,0.7263114094568262
5,64,Hadoop,0.7225581755372821
5,308,Product,0.7223276501592159
5,58,Hortonworks,0.7205567004427356
5,13,Master_of_Engineering,0.7177852304971333
5,88,Business Management,0.7159710631781304
5,284,Data_mart,0.7157040507295185
5,304,Product_life-CycleManagement,0.7148903275097469
5,302,productDevelopment,0.7125225158391567
5,246,Mobile_marketing,0.7107810435236723
5,89,Business,0.7105163470567158
5,273,MongoDB,0.7102431314431678
5,124,DSENG04_DB2,0.7090546129348213
5,274,DB2,0.7090546129348213
5,227,DSENG05_SSM,0.7070132571399705
5,48,Executive_search_firms,0.7028129658523137
5,28,CapitalMarket,0.7006306862851902
5,312,Computer_Programming,0.6998670812883683
