5,253,Statistics,0.6984260379917673
5,3,Master_of_Applied_Science,0.6984163481092052
5,68,Git,0.6953096043869105
5,231,Git,0.6953096043869105
5,36,Stock_Exchange,0.6948809912380167
5,198,DSDK01_BP,0.694700055005435
5,20,Statistics,0.6926578933110494
5,41,Statistics,0.6926578933110494
5,131,DSDA02_Stat,0.6926578933110494
5,52,Human_resource_management,0.690940628786989
5,31,Corporate_finance,0.6903724883117187
5,189,DSDM01_DM,0.6877171177290105
5,111,SS,0.6868758072595076
5,116,DSRM02_SS,0.6868758072595076
5,221,DSDM04_DS,0.6856854667343948
5,307,Pro-innovation_bias,0.6846637809943185
5,12,Graduate_school,0.6794812645425046
5,333,R,0.677465902664053
5,210,DSDM03_DI3,0.6774114446543236
5,171,DSDM01_DMP,0.6754649810521014
5,315,Programmer,0.6754235299523081
5,105,DSRM02_Systematic_study,0.6751208673077982
5,149,DSRM02_SysS,0.6751208673077982
5,250,Viral_marketing,0.6748176159715007
5,303,VirtualProductDevelopment,0.6739893531703127
5,191,DSDA06_SV,0.6736324161422993
5,70,SPSS,0.6735790322693029
5,232,SPSS,0.6735790322693029
5,309,RequirementsManagement,0.6664021414098199
5,158,DSENG06_OR,0.6633790455833894
5,200,DSDM05_DS,0.6625594609677947
5,300,Time_toMarket,0.6618624962288207
5,301,New_product_development,0.6554640215342866
5,83,Types_of_e-commerce,0.6539528190319577
5,130,DSDM01_DMC,0.6538192796995141
5,18,BiomedicalEngineering,0.6505030990701202
5,176,DSDM02_DM101,0.6489660246391832
5,56,Human_resource_consulting,0.6481999603214845
5,204,DSENG01_EP,0.6477153705193149
5,60,Cloudera,0.6469671424835963
5,330,Software_engineer,0.6443493421650381
5,45,Correlation,0.6423131874811936
5,140,DSDA02_CoR,0.6423131874811936
5,95,Corporate communication,0.6390767097049381
5,328,Software_architecture,0.6386102176879211
5,163,DSENG02_CS,0.638082932086967
5,16,BiomedicalEngineers2,0.6377238127949525
5,259,Information_Retrieval,0.6373378131635563
5,263,Information Retrieval,0.6373378131635563
5,61,Grid_computing,0.6339998400605793
5,62,Grid computing,0.6339998400605793
5,247,Interactive_advertising,0.6319284721167487
5,184,DSDM06_EIIDM,0.6309357005338087
5,85,Non-store_retailing,0.6305109990059226
5,19,_BiomedicalEngineers,0.6293451898946245
5,168,DSDM03_DI4,0.6280275443429066
5,55,Onboarding,0.6248072799585422
5,82,Online_marketplace,0.6237765623271498
5,87,Business communication,0.6230793621450986
5,152,DSENG02_CS1,0.617831582464819
5,151,DSRM04_EAP,0.6162630887252434
5,50,Personality-job_fit_theory,0.6156198028402053
5,299,Data_warehouse,0.6132592606369145
5,118,DSDA05_Platforms3,0.6017658451247339
5,167,DSDK02_S,0.6007629928097667
5,166,DSRM04_SP,0.5996606194498786
5,84,E-commerce_credit_card_payment_system,0.5980856274040808
5,211,DSDA06_DVT,0.5965332962144549
5,90,Business Intelligence,0.5963807849471708
5,91,Job interview,0.59577964280997
5,208,DSDA04_DB2,0.5933665082262911
5,290,SPARQL,0.5930439510496198
5,54,Employment_agency,0.5929228105995515
5,67,JMP,0.5927362587124922
5,230,JMP,0.5927362587124922
5,180,DSDA05_Platforms1,0.5905657945617805
5,129,DSDM01_DMCP,0.5894872568121367
5,53,Employment_agencies,0.5889727588224645
5,160,DSENG02_CS2,0.586644124226597
5,17,Biomedicine,0.5830700903543802
5,138,DSDM01_WADMP,0.5807891615794721
5,49,Executive_search,0.5800186212703243
5,141,DSRM06_TCAIPSIS,0.5796573661335485
5,182,DSDM04_DA,0.5786196499573584
5,205,DSDM05_DFM,0.5777137750511032
5,248,Meta-advertising,0.572726070037683
5,154,DSDM04_DL,0.569429922009289
5,178,DSDK03_TSOMISFESATP,0.5689230351452218
5,132,DSENG06_DB,0.5675909435123383
5,146,DSDK02_BDNPD,0.5664939241360509
5,177,DSRM04_DSAAP,0.5656691676130834
5,113,DSDM05_DP,0.5647841039927738
5,39,A_Guide_to_Statistical_Techniques,0.5627160076368969
5,269,Classification,0.5580934409095324
5,169,DSDK03_SM,0.5575673013293613
5,148,DSDM03_DI2,0.5556849097149346
5,44,Important_Methods_For_Statistical_Data_Analysis,0.5478473188263864
5,136,DSDA02_IMFSDA,0.5478473188263864
5,226,DSDM04_DG,0.5466771111990655
5,245,Advertising,0.5462667891446893
5,170,DSDK02_HTDBDCS,0.5439258741241748
5,175,DSDA04_DB1,0.5418303928675654
5,66,SAS,0.5398576114107827
5,229,SAS,0.5398576114107827
5,314,SAS,0.5398576114107827
5,220,DSENG03_DM5,0.5396617417583995
5,305,CAD,0.5350398342378564
5,81,E-commerce,0.5349401433540686
5,40,StatisticalTechniques,0.5280809472393155
5,155,DSDA02_ST,0.5280809472393155
5,223,DSDK04_AS,0.5244407365937022
5,75,GATE,0.5240077412964825
5,237,GATE,0.5240077412964825
5,222,DSRM06_Ing,0.5190879944711992
5,164,DSDA04_DB4,0.5088568640259811
5,153,DSDA04_DB3,0.5080778279433087
5,127,DSDA05_Platforms2,0.5051028096678394
5,249,Television_advertisement,0.499622040968836
5,23,Mathematics,0.49928127404381273
5,76,KNIME,0.49409558969538125
5,238,KNIME,0.49409558969538125
5,228,DSENG03_DM4,0.48953622747941317
5,165,DSDM03_DI1,0.48808908882581536
5,77,Waffles,0.486336555245246
5,239,Waffles,0.486336555245246
5,117,DSENG06_AA,0.4793846815249214
5,264,Predictive Analytics,0.4734436343523516
5,270,Predictive_Analytics,0.4734436343523516
5,159,DSDM03_DI5,0.47310980300596794
5,133,DSDA01_PA,0.47199731439762926
5,207,DSENG06_BDAA,0.46879833103170876
5,256,Data_mining,0.46514591252284765
5,267,Data mining,0.46514591252284765
5,157,DSENG03_DM1,0.45884176425500567
5,218,DSENG03_DM3,0.4531790667605291
5,125,DSDA03_HPACIDM,0.4521679772879649
5,252,Unsupervised_learning,0.4510760478649619
5,266,Unsupervised learning,0.4510760478649619
5,196,DSDA04_DI,0.44933646388391757
5,173,DSDA03_BDTA,0.44174625636093046
5,24,Math_Stats_tools,0.43727061897974506
5,71,Weka,0.4275258442869311
5,233,Weka,0.4275258442869311
5,194,DSDA03_AFDM,0.4270616996144341
5,156,DSDK05_ACD,0.4249988636612635
5,46,DataAnalytics,0.4216142138323814
5,123,DSDA02_DA,0.4216142138323814
5,183,DSDA05_CDV,0.415364946265539
5,257,Clustering,0.40390972165541583
5,134,DSDK04_HBDATCHYO,0.4026331286275736
5,147,DSENG05_DS2,0.40200596083861484
5,213,DSDA03_DA,0.39897301984133626
5,260,Categorization,0.39706577760533834
5,150,DSENG03_ATFDM,0.3949936658151635
5,4,Chemistry_Quality_Eurolabels,0.3892363867894334
5,120,DSENG04_DB6,0.38466513187732176
5,280,DB6,0.38466513187732176
5,224,DSDA05_DV,0.37075123402385424
5,262,Text mining,0.35448192922309163
5,265,Text_mining,0.35448192922309163
5,181,DSRM06_DOI,0.35409455523467237
5,258,Machine learning,0.351460180438648
5,261,Machine_learning,0.351460180438648
5,334,Computer_network,0.3513053395437724
5,251,Video_commerce,0.3311078817522085
5,86,Digital_economy,0.2865970721378094
5,225,DSENG03_DM2,0.2805750395137274
6,21,Lists_of_mathematics_topics,0.9985547293351655
6,103,DSRM01_Scientific_method,0.9952360649074808
6,193,DSRM01_SM,0.9952360649074808
6,101,RM5,0.9941546277714678
6,206,DSRM01_RM5,0.9941546277714678
6,73,Octave,0.9832295356896193
6,235,Octave,0.9832295356896193
6,324,Scala,0.9788148997492947
6,74,MATLAB,0.9760331863282407
6,236,MATLAB,0.9760331863282407
6,329,JavaScript,0.9743478798214891
6,47,Summary_Table_for_Statistical_Techniques,0.9669732317735527
6,102,RM3,0.9600236548381536
6,219,DSRM01_RM3,0.9600236548381536
6,217,DSRM06_SM,0.9592313391828136
6,57,Distributed Computing,0.9591140202809436
6,63,Distributed_Computing,0.9591140202809436
6,334,Computer_network,0.9589146152478518
6,51,Employment_websites,0.9571481636262482
6,319,C++,0.9562449120457703
6,107,RMO,0.9536875215505809
6,174,DSRM05_RMO,0.9536875215505809
6,42,6_BASIC_STATISTICAL_TOOLS,0.9533239131657973
6,139,DSDA02_BST,0.9533239131657973
6,330,Software_engineer,0.9532783889893973
6,104,RM4,0.951587375435615
6,128,DSRM01_RM4,0.951587375435615
6,310,C--,0.9463548416837708
6,253,Statistics,0.9440905189172591
6,3,Master_of_Applied_Science,0.9416344561591292
6,293,database,0.9401619371185144
6,20,Statistics,0.940108561412341
6,41,Statistics,0.940108561412341
6,131,DSDA02_Stat,0.940108561412341
6,318,Ruby,0.9395045988602201
6,275,ODBMS,0.9384152428282265
6,326,Julia,0.93368627172258
6,59,Cloud_Computing,0.9328249671631288
6,65,Cloud Computing,0.9328249671631288
6,298,db,0.9322423055789568
6,313,pbdR,0.9316983500449024
6,13,Master_of_Engineering,0.9298717587399172
6,30,Financial_instrument,0.9296992890890723
6,316,C_Sharp,0.9269616069207547
6,152,DSENG02_CS1,0.9264604598634035
6,311,C,0.9241631237418857
6,331,Transact-SQL,0.9236367439947456
6,108,RM1,0.9232744682016458
6,115,DSRM06_RM1,0.9232744682016458
6,135,DSRM01_RM1,0.9232744682016458
6,14,Professional_Science_Master's_Degree,0.9225148035868188
6,48,Executive_search_firms,0.9220483771572192
6,10,Engineer_degree,0.9204219374218332
6,22,List_of_statistical_packages,0.9199481827195888
6,69,List_of_statistical_packages,0.9199481827195888
6,43,List_of_statistical_packages,0.9197697077132512
6,142,DSDA02_LOSP,0.9197697077132512
6,320,Java,0.9184755686513435
6,163,DSENG02_CS,0.914439882102132
6,212,DSENG04_DB4,0.9115004714865929
6,283,DB4,0.9115004714865929
6,34,FinancialRegulation,0.9105933481181272
6,317,Objective-C,0.9105673382008
6,321,Objective-J,0.9086996609337026
6,204,DSENG01_EP,0.9086085894149158
6,291,NoSQL,0.9068072017166834
6,106,DSRM06_Contribute_research_objectives,0.9063137306611099
6,186,DSRM05_CRO,0.9063137306611099
6,172,DSENG04_DB1,0.9059348302720505
6,278,DB1,0.9059348302720505
6,98,RM2,0.9045419640105061
6,185,DSRM01_RM2,0.9045419640105061
6,160,DSENG02_CS2,0.9028859703241746
6,18,BiomedicalEngineering,0.9023641721242565
6,158,DSENG06_OR,0.9005332626822093
6,327,Python,0.8990450471151872
6,323,System_programming,0.8986736669141383
6,312,Computer_Programming,0.8979718064163976
6,254,Supervised_Learning,0.8975709671267487
6,255,Supervised Learning,0.8975709671267487
6,100,Secondary_research,0.8965153088578711
6,9,European_Joint_Master_degree_in_Economics,0.8943997446743768
6,209,DSDM02_DBMS-DM,0.8941839753477336
6,281,Database2,0.893399038991366
6,190,DSENG04_DB5,0.8932165361659535
6,279,DB5,0.8932165361659535
6,7,Master_of_Science,0.89091882876083
6,295,Database,0.8905434703657142
6,11,Educational_specialist,0.8904208844699295
6,322,PHP,0.8883234598297896
6,97,UndergraduateResearch,0.8869368504744286
6,268,Statistical method,0.8846835151952113
6,271,Statistical_method,0.8846835151952113
6,124,DSENG04_DB2,0.8843113241833299
6,274,DB2,0.8843113241833299
6,0,First_professional_degree,0.8839242240535932
6,126,DSENG04_DB3,0.8832710165063766
6,294,DB3,0.8832710165063766
6,137,DSDM02_DBM,0.8825809347440836
6,187,DSENG02_CS3,0.8757674201742155
6,2,Bachelor_degree,0.8722305104349493
6,96,ScholarlyMethod,0.8715639037772107
6,287,CouchDB,0.8666909410689447
6,202,DSDM02_DM,0.866491756482334
6,109,Primary_Research,0.8655215789416465
6,16,BiomedicalEngineers2,0.8645445155887805
6,332,Software_developer,0.8626068846802615
6,27,FinanceCapitalism,0.8609440483668951
6,110,FrascatiDefinitionofResearch,0.8588764832548447
6,161,DSRM03_FDOR,0.8588764832548447
6,19,_BiomedicalEngineers,0.8580383693869338
6,8,Master_degree,0.855569434212434
6,70,SPSS,0.8535653797664291
6,232,SPSS,0.8535653797664291
6,37,Finance,0.8523443715673421
6,61,Grid_computing,0.8522559806821056
6,62,Grid computing,0.8522559806821056
6,5,Terminal_degree,0.8522167631162403
6,99,IsOperationsResearchReallyResearch,0.8477428605563098
6,197,DSRM03_IORRR,0.8477428605563098
6,15,Master_of_Laws,0.8450958385125983
6,191,DSDA06_SV,0.8425871318945013
6,221,DSDM04_DS,0.8407599527488197
6,78,Mathematica,0.8392188222039492
6,240,Mathematica,0.8392188222039492
6,315,Programmer,0.8364057942335859
6,35,Investment_theory,0.8325209852756561
6,6,Doctor_of_Philosophy,0.8307178528157515
6,1,Master's_degree_in_Europe,0.8301855805695187
6,192,DSDM06_IPRIDM,0.825266023320115
6,64,Hadoop,0.8147048181515392
6,328,Software_architecture,0.8123008922168207
6,32,Financial_market,0.8107237854326532
6,25,Financial_services,0.8001164747628516
6,296,Elasticsearch,0.7983095328109348
6,111,SS,0.7977285176182183
6,116,DSRM02_SS,0.7977285176182183
6,94,Business Model,0.7963212365161357
6,282,MonetDB,0.7960694366452867
6,33,Financial_market_efficiency,0.7895064747183071
6,307,Pro-innovation_bias,0.7860599312050182
6,29,Mathematical_finance,0.7842090160751051
6,44,Important_Methods_For_Statistical_Data_Analysis,0.7802881257053262
6,136,DSDA02_IMFSDA,0.7802881257053262
6,112,DSDM05_FDDTDC,0.7763729026365886
6,114,DSDM06_EORDM,0.775484892592814
6,252,Unsupervised_learning,0.7735642114687542
6,266,Unsupervised learning,0.7735642114687542
6,258,Machine learning,0.7718919180129503
6,261,Machine_learning,0.7718919180129503
6,195,DSDK03_SFM,0.7704113295923826
6,214,DSENG04_RNRD,0.7695993236200482
6,292,DSENG04_Relational_non-relational_databases,0.7695993236200482
6,53,Employment_agencies,0.7652381504639417
6,68,Git,0.7645648108198273
6,231,Git,0.7645648108198273
6,45,Correlation,0.760029769977261
6,140,DSDA02_CoR,0.760029769977261
6,26,Financial_economics,0.7594573936995801
6,105,DSRM02_Systematic_study,0.7591488702254147
6,149,DSRM02_SysS,0.7591488702254147
6,289,Databases,0.7584654498694628
6,285,Microsoft_SQL_Server,0.7550533845381909
6,12,Graduate_school,0.7522303791027781
6,277,RDBMS,0.7452788825682328
6,121,DSDM06_ELACIPR,0.744457304454522
6,290,SPARQL,0.7444157741107182
6,79,Software,0.7441767069791893
6,241,Software,0.7441767069791893
6,84,E-commerce_credit_card_payment_system,0.7435809805475885
6,297,PostgreSQL,0.7383913764880593
6,179,DSDK04_ASI,0.7367440568963735
6,93,Service-oriented modeling,0.733805345696089
6,120,DSENG04_DB6,0.733714233057132
6,280,DB6,0.733714233057132
6,325,PL-SQL,0.7329702786642529
6,38,Stock_Trader,0.7320719456852908
6,184,DSDM06_EIIDM,0.7303678188403662
6,276,MySQL,0.7274961630637564
6,23,Mathematics,0.716880164472743
6,67,JMP,0.7122554353367785
6,230,JMP,0.7122554353367785
6,92,Project management,0.7088958740872895
6,284,Data_mart,0.7078269909040475
6,166,DSRM04_SP,0.7041733890256923
6,54,Employment_agency,0.7037160138224061
6,216,DSDM03_DCAI,0.7023808195263972
6,286,IBM_DB2,0.700938778292118
6,162,DSDM01_DMSP,0.7002630232075643
6,201,DSDA04_DB,0.6996639466396779
6,256,Data_mining,0.6984566796724154
6,267,Data mining,0.6984566796724154
6,273,MongoDB,0.6973786021819295
6,259,Information_Retrieval,0.6950872031830253
6,263,Information Retrieval,0.6950872031830253
6,141,DSRM06_TCAIPSIS,0.6932546216346404
6,118,DSDA05_Platforms3,0.6860968716278466
6,28,CapitalMarket,0.6859449084856074
6,288,Oracle_Database,0.6856869073234788
6,24,Math_Stats_tools,0.6807254211163212
6,39,A_Guide_to_Statistical_Techniques,0.6732854870617073
6,272,Apache_HBase,0.6701483120489299
6,248,Meta-advertising,0.6679994952234543
6,260,Categorization,0.6667562193381402
6,145,DSENG06_LORS,0.6654538026870276
6,113,DSDM05_DP,0.662328347171119
6,86,Digital_economy,0.6620802251707572
6,333,R,0.6592724222295829
6,151,DSRM04_EAP,0.6546813403237536
6,199,DSDK03_TROFITSPADMP,0.6537387510360448
6,211,DSDA06_DVT,0.6526798538604301
6,251,Video_commerce,0.6517843664256631
6,148,DSDM03_DI2,0.6507374460408735
6,31,Corporate_finance,0.6418397892274508
6,305,CAD,0.6401112429956737
6,220,DSENG03_DM5,0.637707998033716
6,177,DSRM04_DSAAP,0.6376647258936139
6,210,DSDM03_DI3,0.6330490982995065
6,58,Hortonworks,0.6329749730003507
6,168,DSDM03_DI4,0.6309539711259602
6,159,DSDM03_DI5,0.6301278885718337
6,17,Biomedicine,0.6259983190404923
6,200,DSDM05_DS,0.6255716044521964
6,143,DSDA05_BDAP,0.6238217130434457
6,175,DSDA04_DB1,0.6205714450239983
6,183,DSDA05_CDV,0.6167777463946247
6,153,DSDA04_DB3,0.6167431467334955
6,262,Text mining,0.6149968305447799
6,265,Text_mining,0.6149968305447799
6,176,DSDM02_DM101,0.6088694397849859
6,36,Stock_Exchange,0.608689292384581
6,129,DSDM01_DMCP,0.6078834327638148
6,76,KNIME,0.6068262192911085
6,238,KNIME,0.6068262192911085
6,249,Television_advertisement,0.6033612100141419
6,75,GATE,0.6013759398357956
6,237,GATE,0.6013759398357956
6,171,DSDM01_DMP,0.5910862944412549
6,52,Human_resource_management,0.5905420885739732
6,91,Job interview,0.5881577296869743
6,165,DSDM03_DI1,0.5838661244827388
6,299,Data_warehouse,0.5824458079689503
6,40,StatisticalTechniques,0.5783015843691843
6,155,DSDA02_ST,0.5783015843691843
6,218,DSENG03_DM3,0.5744907666043176
6,82,Online_marketplace,0.5743316094006109
6,188,DSRM04_SPIA,0.5694431275272872
6,50,Personality-job_fit_theory,0.5672790890552905
6,77,Waffles,0.5645419393866518
6,239,Waffles,0.5645419393866518
6,147,DSENG05_DS2,0.5641044394833452
6,72,Oracle Data Mining,0.5624074720976843
6,80,Oracle_Data_Mining,0.5624074720976843
6,234,Oracle Data Mining,0.5624074720976843
6,242,Oracle_Data_Mining,0.5624074720976843
6,182,DSDM04_DA,0.5597512232735098
6,49,Executive_search,0.557521664699172
6,181,DSRM06_DOI,0.555562622984773
6,257,Clustering,0.5519917864236292
6,269,Classification,0.5493862078457764
6,164,DSDA04_DB4,0.5421706034527604
6,132,DSENG06_DB,0.5415431651758859
6,83,Types_of_e-commerce,0.5410819738506563
6,56,Human_resource_consulting,0.5401790478685911
6,215,DSENG05_DS1,0.5381931109363698
6,205,DSDM05_DFM,0.5379965960385176
6,4,Chemistry_Quality_Eurolabels,0.5364132925325784
6,243,Co-marketing,0.5348829144541487
6,89,Business,0.5330898939889963
6,306,MarketPenetration,0.5287646288755096
6,122,DSDK06_ADFM,0.5281631618405559
6,87,Business communication,0.5272737297549257
6,55,Onboarding,0.5249573349712302
6,178,DSDK03_TSOMISFESATP,0.5223784715443489
6,81,E-commerce,0.5206253016656333
6,309,RequirementsManagement,0.5152051473565902
6,224,DSDA05_DV,0.5127706675744513
6,225,DSENG03_DM2,0.5085938428120726
6,88,Business Management,0.5064087285994177
6,154,DSDM04_DL,0.5025040711765536
6,85,Non-store_retailing,0.5000765650614628
6,196,DSDA04_DI,0.4991613213993893
6,46,DataAnalytics,0.4900048536695111
6,123,DSDA02_DA,0.4900048536695111
6,308,Product,0.48466322112574467
6,71,Weka,0.4833372824770523
6,233,Weka,0.4833372824770523
6,226,DSDM04_DG,0.4773118852294065
6,189,DSDM01_DM,0.4762778261114732
6,130,DSDM01_DMC,0.475214846462807
6,223,DSDK04_AS,0.4712006246595656
6,138,DSDM01_WADMP,0.46942682812720726
6,227,DSENG05_SSM,0.4686716042913105
6,119,DSDK01_BPD,0.4675512493831333
6,222,DSRM06_Ing,0.4652904424692653
6,245,Advertising,0.4648328631032854
6,203,DSENG05_DS4,0.4508498309726753
6,198,DSDK01_BP,0.44819977468064354
6,247,Interactive_advertising,0.44120783339709513
6,167,DSDK02_S,0.42946109562311996
6,95,Corporate communication,0.4222459152657959
6,244,MarketingMix,0.4204372648366399
6,250,Viral_marketing,0.41811249550213003
6,246,Mobile_marketing,0.416881803080573
6,66,SAS,0.4154302955249194
6,229,SAS,0.4154302955249194
6,314,SAS,0.4154302955249194
6,303,VirtualProductDevelopment,0.4148160692520926
6,300,Time_toMarket,0.39782545522097346
6,127,DSDA05_Platforms2,0.3951133772115304
6,302,productDevelopment,0.38200191171233466
6,60,Cloudera,0.3814962017876201
6,144,DSDK06_Marketing,0.3789091663278985
6,228,DSENG03_DM4,0.37743256714460294
6,304,Product_life-CycleManagement,0.36856690487397004
6,90,Business Intelligence,0.3583819557311452
6,157,DSENG03_DM1,0.3572511971450739
6,301,New_product_development,0.35600035129467955
6,194,DSDA03_AFDM,0.3506582142105621
6,208,DSDA04_DB2,0.3477209143351969
6,169,DSDK03_SM,0.3243053433627223
6,150,DSENG03_ATFDM,0.322256350964398
6,264,Predictive Analytics,0.2974229379238852
6,270,Predictive_Analytics,0.2974229379238852
6,133,DSDA01_PA,0.29669024459274473
6,180,DSDA05_Platforms1,0.28684946743154593
6,213,DSDA03_DA,0.2796704857705308
6,117,DSENG06_AA,0.256278895863312
6,146,DSDK02_BDNPD,0.23057274604737155
6,173,DSDA03_BDTA,0.2082181317138786
6,125,DSDA03_HPACIDM,0.20431226052849605
6,207,DSENG06_BDAA,0.20254790771016118
6,134,DSDK04_HBDATCHYO,0.1885531969566604
6,170,DSDK02_HTDBDCS,0.15550637509843246
6,156,DSDK05_ACD,0.10660428553719525
7,27,FinanceCapitalism,1.0110607028479441
7,104,RM4,1.010020081616041
7,128,DSRM01_RM4,1.010020081616041
7,101,RM5,1.003730846779584
7,206,DSRM01_RM5,1.003730846779584
7,30,Financial_instrument,0.9992667467185128
7,14,Professional_Science_Master's_Degree,0.9992419345623018
7,103,DSRM01_Scientific_method,0.9953097943286834
7,193,DSRM01_SM,0.9953097943286834
7,9,European_Joint_Master_degree_in_Economics,0.9898173765303392
7,21,Lists_of_mathematics_topics,0.9893664506438822
7,33,Financial_market_efficiency,0.9865525249108472
7,11,Educational_specialist,0.9856360157915965
7,217,DSRM06_SM,0.9842819960328799
7,108,RM1,0.9833381947445841
7,115,DSRM06_RM1,0.9833381947445841
7,135,DSRM01_RM1,0.9833381947445841
7,34,FinancialRegulation,0.9825772689032852
7,22,List_of_statistical_packages,0.9824013109887901
7,69,List_of_statistical_packages,0.9824013109887901
7,43,List_of_statistical_packages,0.9820643488234058
7,142,DSDA02_LOSP,0.9820643488234058
7,100,Secondary_research,0.9799725668926632
7,32,Financial_market,0.9792619174302915
7,102,RM3,0.9740307886976051
7,219,DSRM01_RM3,0.9740307886976051
7,195,DSDK03_SFM,0.973797351616357
7,254,Supervised_Learning,0.9718442666634216
7,255,Supervised Learning,0.9718442666634216
7,324,Scala,0.9715234736080575
7,96,ScholarlyMethod,0.9692825166552265
7,74,MATLAB,0.9690943097203314
7,236,MATLAB,0.9690943097203314
7,37,Finance,0.9685827511784527
7,73,Octave,0.9685495397654272
7,235,Octave,0.9685495397654272
7,97,UndergraduateResearch,0.9664080634812802
7,243,Co-marketing,0.9628398489835767
7,42,6_BASIC_STATISTICAL_TOOLS,0.9619415332030097
7,139,DSDA02_BST,0.9619415332030097
7,51,Employment_websites,0.9590958213316987
7,111,SS,0.9581719692517547
7,116,DSRM02_SS,0.9581719692517547
7,109,Primary_Research,0.95781019914348
7,107,RMO,0.9565187666807005
7,174,DSRM05_RMO,0.9565187666807005
7,106,DSRM06_Contribute_research_objectives,0.9562819642841879
7,186,DSRM05_CRO,0.9562819642841879
7,25,Financial_services,0.9552108164130508
7,98,RM2,0.9536362877762631
7,185,DSRM01_RM2,0.9536362877762631
7,125,DSDA03_HPACIDM,0.9524555562774768
7,48,Executive_search_firms,0.9522018567002344
7,8,Master_degree,0.9514384498152502
7,122,DSDK06_ADFM,0.9496740270975245
7,26,Financial_economics,0.9490113103536854
7,99,IsOperationsResearchReallyResearch,0.9445846259794741
7,197,DSRM03_IORRR,0.9445846259794741
7,320,Java,0.9443036007925364
7,35,Investment_theory,0.9442061799994675
7,47,Summary_Table_for_Statistical_Techniques,0.9441872844750926
7,15,Master_of_Laws,0.9374262815648324
7,318,Ruby,0.9362535442542991
7,306,MarketPenetration,0.9349799778968194
7,2,Bachelor_degree,0.9323096784647006
7,253,Statistics,0.9314924500539233
7,7,Master_of_Science,0.9306430241970296
7,20,Statistics,0.9303738361204427
7,41,Statistics,0.9303738361204427
7,131,DSDA02_Stat,0.9303738361204427
7,6,Doctor_of_Philosophy,0.9300349919118129
7,329,JavaScript,0.9272454818197936
7,38,Stock_Trader,0.9259342086079471
7,321,Objective-J,0.9243834348817573
7,143,DSDA05_BDAP,0.9228253756494574
7,53,Employment_agencies,0.9223592707089077
7,5,Terminal_degree,0.9212846343655282
7,110,FrascatiDefinitionofResearch,0.9206032363672042
7,161,DSRM03_FDOR,0.9206032363672042
7,252,Unsupervised_learning,0.9204590586958233
7,266,Unsupervised learning,0.9204590586958233
7,1,Master's_degree_in_Europe,0.91885645421437
7,0,First_professional_degree,0.9156321150625653
7,319,C++,0.909767561006153
7,59,Cloud_Computing,0.9094287136087107
7,65,Cloud Computing,0.9094287136087107
7,144,DSDK06_Marketing,0.9091920543730132
7,29,Mathematical_finance,0.9069845502845754
7,317,Objective-C,0.9065703403034406
7,244,MarketingMix,0.9020927249560782
7,133,DSDA01_PA,0.8999313745567509
7,264,Predictive Analytics,0.8995886140081633
7,270,Predictive_Analytics,0.8995886140081633
7,250,Viral_marketing,0.8995450580422811
7,331,Transact-SQL,0.8978255217137723
7,156,DSDK05_ACD,0.887401570120327
7,157,DSENG03_DM1,0.8866558626790777
7,310,C--,0.8856665644614863
7,158,DSENG06_OR,0.8855058431247573
7,316,C_Sharp,0.8814317365751773
7,199,DSDK03_TROFITSPADMP,0.8808790166111612
7,268,Statistical method,0.8805932201843601
7,271,Statistical_method,0.8805932201843601
7,302,productDevelopment,0.8783955620381424
7,167,DSDK02_S,0.8777881468357274
7,311,C,0.8774816912376141
7,207,DSENG06_BDAA,0.8734980422615535
7,94,Business Model,0.8734281512385982
7,313,pbdR,0.8698929180063747
7,36,Stock_Exchange,0.8666463714134061
7,326,Julia,0.866633217455719
7,179,DSDK04_ASI,0.8665279000501004
7,118,DSDA05_Platforms3,0.8662581719175819
7,296,Elasticsearch,0.864423419489129
7,134,DSDK04_HBDATCHYO,0.8612265217225898
7,112,DSDM05_FDDTDC,0.8592023664487722
7,163,DSENG02_CS,0.8585925718056788
7,162,DSDM01_DMSP,0.8581001156442274
7,221,DSDM04_DS,0.8578145172373538
7,28,CapitalMarket,0.8559004037511905
7,10,Engineer_degree,0.8550645887399093
7,327,Python,0.8547285072376324
7,145,DSENG06_LORS,0.8519588723145497
7,258,Machine learning,0.8469823014488108
7,261,Machine_learning,0.8469823014488108
7,12,Graduate_school,0.845485855091231
7,70,SPSS,0.8441419009585671
7,232,SPSS,0.8441419009585671
7,44,Important_Methods_For_Statistical_Data_Analysis,0.8404647871194826
7,136,DSDA02_IMFSDA,0.8404647871194826
7,31,Corporate_finance,0.8365497506793927
7,184,DSDM06_EIIDM,0.8349577106867295
7,146,DSDK02_BDNPD,0.8322695119020028
7,57,Distributed Computing,0.83050332391614
7,63,Distributed_Computing,0.83050332391614
7,246,Mobile_marketing,0.8293845436064009
7,77,Waffles,0.8255932677109405
7,239,Waffles,0.8255932677109405
7,114,DSDM06_EORDM,0.8249511848689748
7,141,DSRM06_TCAIPSIS,0.8232906052920632
7,256,Data_mining,0.8231799225604964
7,267,Data mining,0.8231799225604964
7,13,Master_of_Engineering,0.8223874451609657
7,304,Product_life-CycleManagement,0.8211707863088433
7,187,DSENG02_CS3,0.8207957332832162
7,322,PHP,0.8182980730022509
7,93,Service-oriented modeling,0.8106023181984057
7,72,Oracle Data Mining,0.8052352961480234
7,80,Oracle_Data_Mining,0.8052352961480234
7,234,Oracle Data Mining,0.8052352961480234
7,242,Oracle_Data_Mining,0.8052352961480234
7,213,DSDA03_DA,0.8043004394987647
7,24,Math_Stats_tools,0.8036728532046751
7,150,DSENG03_ATFDM,0.8028836080541881
7,40,StatisticalTechniques,0.8020826797222266
7,155,DSDA02_ST,0.8020826797222266
7,301,New_product_development,0.8005987882212153
7,95,Corporate communication,0.7970356916708463
7,262,Text mining,0.7956283032428667
7,265,Text_mining,0.7956283032428667
7,308,Product,0.7897970513565074
7,152,DSENG02_CS1,0.789588439335646
7,166,DSRM04_SP,0.7882399934424139
7,173,DSDA03_BDTA,0.7867174105756366
7,151,DSRM04_EAP,0.7856654041144582
7,303,VirtualProductDevelopment,0.7849539747698697
7,121,DSDM06_ELACIPR,0.7848055559121344
7,88,Business Management,0.7804935136865804
7,247,Interactive_advertising,0.7795845941235514
7,117,DSENG06_AA,0.7781636452142675
7,269,Classification,0.7768202530359318
7,3,Master_of_Applied_Science,0.7747492591125849
7,198,DSDK01_BP,0.7741227523829604
7,332,Software_developer,0.7710558006235775
7,46,DataAnalytics,0.7702269470748003
7,123,DSDA02_DA,0.7702269470748003
7,45,Correlation,0.7687409681712738
7,140,DSDA02_CoR,0.7687409681712738
7,124,DSENG04_DB2,0.7685581638500408
7,274,DB2,0.7685581638500408
7,169,DSDK03_SM,0.7678111800270948
7,78,Mathematica,0.7676856547290436
7,240,Mathematica,0.7676856547290436
7,50,Personality-job_fit_theory,0.7675814915941179
7,66,SAS,0.7672373962069856
7,229,SAS,0.7672373962069856
7,314,SAS,0.7672373962069856
7,92,Project management,0.7669192672075485
7,55,Onboarding,0.766598372149248
7,178,DSDK03_TSOMISFESATP,0.7653915147949032
7,87,Business communication,0.7636883844884303
7,119,DSDK01_BPD,0.7615180273523103
7,52,Human_resource_management,0.7538573608538547
7,323,System_programming,0.7520020824780392
7,82,Online_marketplace,0.7518844776431133
7,312,Computer_Programming,0.7503861294028815
7,61,Grid_computing,0.7503736173188488
7,62,Grid computing,0.7503736173188488
7,67,JMP,0.7500893118325674
7,230,JMP,0.7500893118325674
7,17,Biomedicine,0.7493156713689527
7,333,R,0.7466483371392658
7,218,DSENG03_DM3,0.7451205908775577
7,170,DSDK02_HTDBDCS,0.7429794592312737
7,203,DSENG05_DS4,0.7419783684867172
7,245,Advertising,0.7414095377808073
7,79,Software,0.7350618314816321
7,241,Software,0.7350618314816321
7,160,DSENG02_CS2,0.7343685660072099
7,16,BiomedicalEngineers2,0.7339220545084035
7,209,DSDM02_DBMS-DM,0.7292445183132679
7,19,_BiomedicalEngineers,0.7245142550411292
7,91,Job interview,0.7244849889170533
7,39,A_Guide_to_Statistical_Techniques,0.7241488246537482
7,18,BiomedicalEngineering,0.7219120005719002
7,204,DSENG01_EP,0.7191724517906208
7,54,Employment_agency,0.7186886558733059
7,222,DSRM06_Ing,0.7181781951787671
7,215,DSENG05_DS1,0.7149656919224234
7,23,Mathematics,0.7147782907480571
7,89,Business,0.7115365711692985
7,330,Software_engineer,0.7098646029057453
7,85,Non-store_retailing,0.7092004461447052
7,105,DSRM02_Systematic_study,0.707920695406778
7,149,DSRM02_SysS,0.707920695406778
7,60,Cloudera,0.7077006514487356
7,300,Time_toMarket,0.7040109175404888
7,181,DSRM06_DOI,0.7023698721960536
7,225,DSENG03_DM2,0.6984878755148971
7,175,DSDA04_DB1,0.6932307492289336
7,154,DSDM04_DL,0.6921699515264104
7,90,Business Intelligence,0.6916429313793564
7,159,DSDM03_DI5,0.6827472883167394
7,194,DSDA03_AFDM,0.6779679844585471
7,249,Television_advertisement,0.6778296838173627
7,259,Information_Retrieval,0.676273102917662
7,263,Information Retrieval,0.676273102917662
7,334,Computer_network,0.6759798123113597
7,288,Oracle_Database,0.6756659484021101
7,202,DSDM02_DM,0.6740396421648035
7,84,E-commerce_credit_card_payment_system,0.6723057480011757
7,191,DSDA06_SV,0.6721459368590038
7,49,Executive_search,0.6718292106652682
7,64,Hadoop,0.6688633531251715
7,4,Chemistry_Quality_Eurolabels,0.663001022684955
7,147,DSENG05_DS2,0.6621042577931173
7,177,DSRM04_DSAAP,0.6610143874843555
7,315,Programmer,0.6605079519498245
7,56,Human_resource_consulting,0.6578054802577498
7,227,DSENG05_SSM,0.6572490316189529
7,180,DSDA05_Platforms1,0.6571002386761191
7,171,DSDM01_DMP,0.6554217937943487
7,86,Digital_economy,0.6532867066440252
7,208,DSDA04_DB2,0.6527583585281769
7,168,DSDM03_DI4,0.6526785220380024
7,183,DSDA05_CDV,0.6504073877386702
7,228,DSENG03_DM4,0.6474555734468697
7,182,DSDM04_DA,0.6473412222193676
7,260,Categorization,0.6470871084266665
7,307,Pro-innovation_bias,0.6466735218932351
7,257,Clustering,0.6451171937061049
7,248,Meta-advertising,0.6422949896435293
7,325,PL-SQL,0.6395576977956479
7,328,Software_architecture,0.6356066547575443
7,81,E-commerce,0.6351214819459783
7,309,RequirementsManagement,0.6348273222595724
7,224,DSDA05_DV,0.6317783111178281
7,153,DSDA04_DB3,0.6262111714140981
7,305,CAD,0.6226906048577405
7,188,DSRM04_SPIA,0.6211282365499415
7,75,GATE,0.615472779620279
7,237,GATE,0.615472779620279
7,200,DSDM05_DS,0.6122876756799469
7,211,DSDA06_DVT,0.598668245158156
7,120,DSENG04_DB6,0.5936271060335623
7,280,DB6,0.5936271060335623
7,251,Video_commerce,0.5926984881047392
7,226,DSDM04_DG,0.5922955695338614
7,196,DSDA04_DI,0.5846951996536376
7,71,Weka,0.5845046535058569
7,233,Weka,0.5845046535058569
7,68,Git,0.5820398989396852
7,231,Git,0.5820398989396852
7,132,DSENG06_DB,0.5732734059060899
7,205,DSDM05_DFM,0.5651657504038354
7,113,DSDM05_DP,0.5595031768013966
7,272,Apache_HBase,0.5494288947857252
7,223,DSDK04_AS,0.5408716906108222
7,164,DSDA04_DB4,0.5394070087683167
7,76,KNIME,0.5180573184113921
7,238,KNIME,0.5180573184113921
7,285,Microsoft_SQL_Server,0.5105522525931903
7,127,DSDA05_Platforms2,0.5096337775509063
7,58,Hortonworks,0.5084176593578265
7,138,DSDM01_WADMP,0.5003279026113755
7,176,DSDM02_DM101,0.49821226869066915
7,220,DSENG03_DM5,0.48595555383932487
7,290,SPARQL,0.44780741121632783
7,165,DSDM03_DI1,0.4333878413967779
7,148,DSDM03_DI2,0.43329976877968557
7,189,DSDM01_DM,0.4119637227171413
7,130,DSDM01_DMC,0.40571958999790647
7,83,Types_of_e-commerce,0.36272439259853584
7,137,DSDM02_DBM,0.35619032449058174
7,289,Databases,0.3227666057042431
7,129,DSDM01_DMCP,0.31885165538857774
7,299,Data_warehouse,0.3115392826696952
7,284,Data_mart,0.30915459630388553
7,190,DSENG04_DB5,0.30771162644138683
7,279,DB5,0.30771162644138683
7,210,DSDM03_DI3,0.3053187001689043
7,273,MongoDB,0.25309537163775053
7,297,PostgreSQL,0.2266905096648636
7,286,IBM_DB2,0.21376925982322637
7,201,DSDA04_DB,0.1952184214092738
7,216,DSDM03_DCAI,0.1935263378263643
7,276,MySQL,0.17832419767115104
7,282,MonetDB,0.16876730692280306
7,287,CouchDB,0.15700782297384586
7,275,ODBMS,0.13487145597496775
7,192,DSDM06_IPRIDM,0.12012403126797111
7,293,database,0.11603012624619058
7,172,DSENG04_DB1,0.11270296742665598
7,278,DB1,0.11270296742665598
7,291,NoSQL,0.11262633516060383
7,298,db,0.11209655580964584
7,214,DSENG04_RNRD,0.11132516200222387
7,292,DSENG04_Relational_non-relational_databases,0.11132516200222387
7,212,DSENG04_DB4,0.10550155946704665
7,283,DB4,0.10550155946704665
7,277,RDBMS,0.10275774846202612
7,126,DSENG04_DB3,0.10106670343993007
7,294,DB3,0.10106670343993007
7,295,Database,0.09804676697663295
7,281,Database2,0.09324751630615635
8,47,Summary_Table_for_Statistical_Techniques,1.0424974363967003
8,331,Transact-SQL,1.0131708930159076
8,42,6_BASIC_STATISTICAL_TOOLS,0.9884017584720683
8,139,DSDA02_BST,0.9884017584720683
8,21,Lists_of_mathematics_topics,0.969138179904646
8,73,Octave,0.9612008413014711
8,235,Octave,0.9612008413014711
8,111,SS,0.9592081954304708
8,116,DSRM02_SS,0.9592081954304708
8,288,Oracle_Database,0.9578179216481871
8,11,Educational_specialist,0.954192558983835
8,289,Databases,0.9509122950558434
8,320,Java,0.9470758848405105
8,70,SPSS,0.9456919359987276
8,232,SPSS,0.9456919359987276
8,74,MATLAB,0.942456260687536
8,236,MATLAB,0.942456260687536
8,51,Employment_websites,0.9383162122544215
8,2,Bachelor_degree,0.9295568145957294
8,325,PL-SQL,0.9271024789773711
8,334,Computer_network,0.926075216261685
8,324,Scala,0.9214551377401161
8,253,Statistics,0.9141855167963505
8,329,JavaScript,0.9073843347074871
8,72,Oracle Data Mining,0.9026314872035823
8,80,Oracle_Data_Mining,0.9026314872035823
8,234,Oracle Data Mining,0.9026314872035823
8,242,Oracle_Data_Mining,0.9026314872035823
8,285,Microsoft_SQL_Server,0.9010162763895552
8,20,Statistics,0.8993917316254967
8,41,Statistics,0.8993917316254967
8,131,DSDA02_Stat,0.8993917316254967
8,9,European_Joint_Master_degree_in_Economics,0.8960721918255281
8,48,Executive_search_firms,0.8943804608080016
8,145,DSENG06_LORS,0.8906829607567859
8,250,Viral_marketing,0.8896587397447314
8,10,Engineer_degree,0.886988188910042
8,179,DSDK04_ASI,0.8837470595528427
8,319,C++,0.879661163100633
8,254,Supervised_Learning,0.879406741066551
8,255,Supervised Learning,0.879406741066551
8,53,Employment_agencies,0.8724937328550095
8,8,Master_degree,0.8679225088215003
8,293,database,0.8644966394221338
8,321,Objective-J,0.8634388049814776
8,92,Project management,0.8625084619867558
8,15,Master_of_Laws,0.8583501227127621
8,246,Mobile_marketing,0.8577706743047366
8,0,First_professional_degree,0.8568290038430468
8,207,DSENG06_BDAA,0.854768972030712
8,318,Ruby,0.8546014917740443
8,144,DSDK06_Marketing,0.8508331356855093
8,14,Professional_Science_Master's_Degree,0.8504458860271953
8,45,Correlation,0.846396443996601
8,140,DSDA02_CoR,0.846396443996601
8,311,C,0.8456706997957949
8,291,NoSQL,0.84165837357035
8,298,db,0.8406890568125293
8,172,DSENG04_DB1,0.8405292769406573
8,278,DB1,0.8405292769406573
8,156,DSDK05_ACD,0.8393581964061081
8,304,Product_life-CycleManagement,0.8369763383347402
8,13,Master_of_Engineering,0.826901439885919
8,125,DSDA03_HPACIDM,0.8252597833658346
8,296,Elasticsearch,0.8206561571606446
8,1,Master's_degree_in_Europe,0.8193964044922557
8,302,productDevelopment,0.8167144372801105
8,317,Objective-C,0.811762908302762
8,3,Master_of_Applied_Science,0.8114730924618345
8,243,Co-marketing,0.8080306311789578
8,158,DSENG06_OR,0.8044206712781433
8,287,CouchDB,0.8014531283020682
8,256,Data_mining,0.7998842562398002
8,267,Data mining,0.7998842562398002
8,244,MarketingMix,0.7996440274736877
8,326,Julia,0.7958184345040915
8,126,DSENG04_DB3,0.7950404859443228
8,294,DB3,0.7950404859443228
8,286,IBM_DB2,0.793823722036471
8,322,PHP,0.7928732297130423
8,327,Python,0.7840253658755763
8,310,C--,0.7829505999231845
8,247,Interactive_advertising,0.7827383483959365
8,316,C_Sharp,0.777416275955981
8,59,Cloud_Computing,0.7731446677605064
8,65,Cloud Computing,0.7731446677605064
8,275,ODBMS,0.7728447587738151
8,297,PostgreSQL,0.7701739783276172
8,5,Terminal_degree,0.7685971855447344
8,272,Apache_HBase,0.7628059232030059
8,281,Database2,0.7601717298721213
8,50,Personality-job_fit_theory,0.7597923881008738
8,313,pbdR,0.7554621065661689
8,306,MarketPenetration,0.7538058729931928
8,192,DSDM06_IPRIDM,0.7533613268991266
8,212,DSENG04_DB4,0.7530606508443624
8,283,DB4,0.7530606508443624
8,333,R,0.7512371672049392
8,77,Waffles,0.7446906356150811
8,239,Waffles,0.7446906356150811
8,187,DSENG02_CS3,0.7446628446380461
8,262,Text mining,0.7399782042766709
8,265,Text_mining,0.7399782042766709
8,227,DSENG05_SSM,0.7369911871250612
8,180,DSDA05_Platforms1,0.7342918798857805
8,7,Master_of_Science,0.7333554642937945
8,82,Online_marketplace,0.7307360521265944
8,143,DSDA05_BDAP,0.7278133935772702
8,223,DSDK04_AS,0.7269808616026673
8,4,Chemistry_Quality_Eurolabels,0.725839171219089
8,134,DSDK04_HBDATCHYO,0.7244507316763364
8,282,MonetDB,0.7229605361120068
8,57,Distributed Computing,0.7213368916418081
8,63,Distributed_Computing,0.7213368916418081
8,195,DSDK03_SFM,0.719949060096371
8,276,MySQL,0.7191701604544054
8,157,DSENG03_DM1,0.7185280115356469
8,300,Time_toMarket,0.718026497242219
8,33,Financial_market_efficiency,0.7179855984926649
8,214,DSENG04_RNRD,0.7179554995196902
8,292,DSENG04_Relational_non-relational_databases,0.7179554995196902
8,170,DSDK02_HTDBDCS,0.7129825098800247
8,79,Software,0.7114176504824341
8,241,Software,0.7114176504824341
8,211,DSDA06_DVT,0.7074481487462061
8,32,Financial_market,0.7048982901130407
8,119,DSDK01_BPD,0.7036104179599642
8,71,Weka,0.7028426925790351
8,233,Weka,0.7028426925790351
8,218,DSENG03_DM3,0.7027746090475724
8,295,Database,0.7005506102066619
8,146,DSDK02_BDNPD,0.6953171113052787
8,39,A_Guide_to_Statistical_Techniques,0.6938631086353846
8,264,Predictive Analytics,0.6907544950473117
8,270,Predictive_Analytics,0.6907544950473117
8,188,DSRM04_SPIA,0.6902705422539146
8,210,DSDM03_DI3,0.6895398712330044
8,308,Product,0.6872447898600555
8,133,DSDA01_PA,0.6857469840007173
8,200,DSDM05_DS,0.6847730469861191
8,120,DSENG04_DB6,0.6846600794040953
8,280,DB6,0.6846600794040953
8,330,Software_engineer,0.6828078132663573
8,30,Financial_instrument,0.6775060894480841
8,34,FinancialRegulation,0.6770911655021766
8,301,New_product_development,0.675564113441897
8,164,DSDA04_DB4,0.6745319310167807
8,204,DSENG01_EP,0.6725077793247796
8,24,Math_Stats_tools,0.671876065586032
8,17,Biomedicine,0.6687666150820795
8,25,Financial_services,0.667400347362143
8,277,RDBMS,0.6670078754311222
8,323,System_programming,0.6627228163546588
8,117,DSENG06_AA,0.6612754486105459
8,213,DSDA03_DA,0.6603672419743951
8,189,DSDM01_DM,0.6567543440604415
8,173,DSDA03_BDTA,0.6538774932908892
8,208,DSDA04_DB2,0.6514233433048009
8,37,Finance,0.6506434267565087
8,166,DSRM04_SP,0.6486607123114189
8,124,DSENG04_DB2,0.6465913823405585
8,274,DB2,0.6465913823405585
8,64,Hadoop,0.6459457467922549
8,35,Investment_theory,0.6441900804529562
8,36,Stock_Exchange,0.6435560693008306
8,182,DSDM04_DA,0.6411475899281336
8,205,DSDM05_DFM,0.6406414414709773
8,18,BiomedicalEngineering,0.6383854939482598
8,309,RequirementsManagement,0.6382438309875434
8,249,Television_advertisement,0.636990231888289
8,38,Stock_Trader,0.6353085439991426
8,6,Doctor_of_Philosophy,0.6346889537119087
8,147,DSENG05_DS2,0.6328095467332723
8,248,Meta-advertising,0.6284934457681131
8,228,DSENG03_DM4,0.6279679662934358
8,299,Data_warehouse,0.6270670273854735
8,312,Computer_Programming,0.6262769659480351
8,273,MongoDB,0.6254200490165152
8,78,Mathematica,0.6237400787373331
8,240,Mathematica,0.6237400787373331
8,68,Git,0.6199149187778789
8,231,Git,0.6199149187778789
8,258,Machine learning,0.6185386333290586
8,261,Machine_learning,0.6185386333290586
8,198,DSDK01_BP,0.6152384889686959
8,52,Human_resource_management,0.61366380916479
8,95,Corporate communication,0.6109587032146009
8,44,Important_Methods_For_Statistical_Data_Analysis,0.6043455187109967
8,136,DSDA02_IMFSDA,0.6043455187109967
8,199,DSDK03_TROFITSPADMP,0.6026759891882647
8,75,GATE,0.6026728541161903
8,237,GATE,0.6026728541161903
8,138,DSDM01_WADMP,0.5998389247574534
8,203,DSENG05_DS4,0.5990860896553832
8,22,List_of_statistical_packages,0.5967546489272688
8,69,List_of_statistical_packages,0.5967546489272688
8,43,List_of_statistical_packages,0.5965439374368087
8,142,DSDA02_LOSP,0.5965439374368087
8,90,Business Intelligence,0.5948460002136993
8,118,DSDA05_Platforms3,0.5934559295609663
8,61,Grid_computing,0.5932795708553754
8,62,Grid computing,0.5932795708553754
8,56,Human_resource_consulting,0.5902225009927691
8,226,DSDM04_DG,0.5894864554496759
8,40,StatisticalTechniques,0.5855161766874608
8,155,DSDA02_ST,0.5855161766874608
8,165,DSDM03_DI1,0.5840245944986455
8,201,DSDA04_DB,0.5834029945229817
8,88,Business Management,0.5828252858195722
8,86,Digital_economy,0.5812286879125557
8,93,Service-oriented modeling,0.5778578415371941
8,129,DSDM01_DMCP,0.5766584971472879
8,303,VirtualProductDevelopment,0.5756468664459227
8,122,DSDK06_ADFM,0.574255545648977
8,251,Video_commerce,0.5741590290208713
8,169,DSDK03_SM,0.5729165863749321
8,28,CapitalMarket,0.5693813989047782
8,27,FinanceCapitalism,0.5681117107025697
8,107,RMO,0.5680498647240411
8,174,DSRM05_RMO,0.5680498647240411
8,177,DSRM04_DSAAP,0.5674526774350602
8,190,DSENG04_DB5,0.5663151913835602
8,279,DB5,0.5663151913835602
8,224,DSDA05_DV,0.5662256471264011
8,215,DSENG05_DS1,0.5647164085633543
8,67,JMP,0.5634027118542277
8,230,JMP,0.5634027118542277
8,181,DSRM06_DOI,0.562117942329682
8,26,Financial_economics,0.5602630122285459
8,137,DSDM02_DBM,0.5595287132489706
8,148,DSDM03_DI2,0.5592436808402083
8,252,Unsupervised_learning,0.5571847293602908
8,266,Unsupervised learning,0.5571847293602908
8,196,DSDA04_DI,0.5553942433336732
8,222,DSRM06_Ing,0.5545382316244842
8,216,DSDM03_DCAI,0.5539783014196231
8,60,Cloudera,0.5530737228951228
8,76,KNIME,0.550972957593695
8,238,KNIME,0.550972957593695
8,194,DSDA03_AFDM,0.5484757305645689
8,220,DSENG03_DM5,0.5476655534833492
8,284,Data_mart,0.5459826429043315
8,268,Statistical method,0.5454751122102631
8,271,Statistical_method,0.5454751122102631
8,290,SPARQL,0.5453069554949196
8,307,Pro-innovation_bias,0.5452175973824456
8,89,Business,0.5449324254876877
8,260,Categorization,0.5429566834073328
8,269,Classification,0.5407284494688449
8,16,BiomedicalEngineers2,0.5403019503401816
8,130,DSDM01_DMC,0.5393965458567122
8,101,RM5,0.5361415783375356
8,206,DSRM01_RM5,0.5361415783375356
8,84,E-commerce_credit_card_payment_system,0.5346012259739849
8,19,_BiomedicalEngineers,0.5332465714096566
8,31,Corporate_finance,0.5301957165957002
8,245,Advertising,0.5227373920099005
8,259,Information_Retrieval,0.5173532464785338
8,263,Information Retrieval,0.5173532464785338
8,150,DSENG03_ATFDM,0.5143203515231873
8,91,Job interview,0.5139270665116503
8,94,Business Model,0.5123273078550259
8,159,DSDM03_DI5,0.5108397236208002
8,87,Business communication,0.5106444350635088
8,315,Programmer,0.5057433052987281
8,178,DSDK03_TSOMISFESATP,0.5047286945702661
8,23,Mathematics,0.5020485330201216
8,209,DSDM02_DBMS-DM,0.5019628447374962
8,102,RM3,0.4979616353749118
8,219,DSRM01_RM3,0.4979616353749118
8,81,E-commerce,0.4973118833417939
8,257,Clustering,0.4964468270768606
8,191,DSDA06_SV,0.49602809688040705
8,83,Types_of_e-commerce,0.4949852059615568
8,152,DSENG02_CS1,0.4917741080243072
8,85,Non-store_retailing,0.4910225046111998
8,202,DSDM02_DM,0.48988542810618263
8,132,DSENG06_DB,0.48982123493536633
8,127,DSDA05_Platforms2,0.48915786254978944
8,58,Hortonworks,0.4888812929544918
8,54,Employment_agency,0.4858250795889919
8,46,DataAnalytics,0.4797648963334651
8,123,DSDA02_DA,0.4797648963334651
8,151,DSRM04_EAP,0.47747004068914933
8,217,DSRM06_SM,0.46827228748337
8,100,Secondary_research,0.4653367630989709
8,167,DSDK02_S,0.46452883551158175
8,66,SAS,0.4604371180844241
8,229,SAS,0.4604371180844241
8,314,SAS,0.4604371180844241
8,55,Onboarding,0.4603447766678981
8,153,DSDA04_DB3,0.4600434682336979
8,225,DSENG03_DM2,0.4591441004850333
8,162,DSDM01_DMSP,0.45903238662694246
8,12,Graduate_school,0.4533556110064241
8,108,RM1,0.45164369211567357
8,115,DSRM06_RM1,0.45164369211567357
8,135,DSRM01_RM1,0.45164369211567357
8,305,CAD,0.45086108074481246
8,160,DSENG02_CS2,0.44927641598661516
8,109,Primary_Research,0.44735022811729475
8,332,Software_developer,0.4452016726322787
8,175,DSDA04_DB1,0.4442380458546623
8,112,DSDM05_FDDTDC,0.4424112550159496
8,29,Mathematical_finance,0.43876577792260685
8,103,DSRM01_Scientific_method,0.4368755640943255
8,193,DSRM01_SM,0.4368755640943255
8,99,IsOperationsResearchReallyResearch,0.43674601779355415
8,197,DSRM03_IORRR,0.43674601779355415
8,96,ScholarlyMethod,0.43611050857645894
8,183,DSDA05_CDV,0.4339489813797196
8,97,UndergraduateResearch,0.4325134543252239
8,49,Executive_search,0.43219081242290036
8,154,DSDM04_DL,0.4263513002144833
8,114,DSDM06_EORDM,0.42084741684332494
8,328,Software_architecture,0.4156245738779797
8,168,DSDM03_DI4,0.4142617831077571
8,121,DSDM06_ELACIPR,0.40163779682330125
8,105,DSRM02_Systematic_study,0.39940615086122777
8,149,DSRM02_SysS,0.39940615086122777
8,110,FrascatiDefinitionofResearch,0.39611293590759733
8,161,DSRM03_FDOR,0.39611293590759733
8,176,DSDM02_DM101,0.39442175644602817
8,104,RM4,0.38852427620581886
8,128,DSRM01_RM4,0.38852427620581886
8,141,DSRM06_TCAIPSIS,0.38005145464040113
8,106,DSRM06_Contribute_research_objectives,0.36503306883736164
8,186,DSRM05_CRO,0.36503306883736164
8,98,RM2,0.3573665096881279
8,185,DSRM01_RM2,0.3573665096881279
8,113,DSDM05_DP,0.35295958647132664
8,221,DSDM04_DS,0.32334841762530164
8,171,DSDM01_DMP,0.32229889257133726
8,184,DSDM06_EIIDM,0.3126047749404006
8,163,DSENG02_CS,0.27073504671946647
9,30,Financial_instrument,1.103499182718197
9,34,FinancialRegulation,1.0805283051133279
9,35,Investment_theory,1.070814496655479
9,37,Finance,1.0607850329945496
9,27,FinanceCapitalism,1.0023419632068706
9,92,Project management,0.9986561295322838
9,289,Databases,0.9916745667008802
9,195,DSDK03_SFM,0.9848781911391941
9,21,Lists_of_mathematics_topics,0.9807356429100865
9,25,Financial_services,0.9683068875728412
9,79,Software,0.9677588062536603
9,241,Software,0.9677588062536603
9,288,Oracle_Database,0.9556832692873545
9,101,RM5,0.9548605435294034
9,206,DSRM01_RM5,0.9548605435294034
9,291,NoSQL,0.9529974598902492
9,172,DSENG04_DB1,0.9515799303186533
9,278,DB1,0.9515799303186533
9,320,Java,0.9509418898626619
9,275,ODBMS,0.9487430366272867
9,145,DSENG06_LORS,0.9436801117069987
9,293,database,0.9425352855605929
9,298,db,0.9407387015921802
9,107,RMO,0.9396127642950709
9,174,DSRM05_RMO,0.9396127642950709
9,187,DSENG02_CS3,0.938646145596693
9,14,Professional_Science_Master's_Degree,0.9379011435584681
9,103,DSRM01_Scientific_method,0.9324415884045184
9,193,DSRM01_SM,0.9324415884045184
9,51,Employment_websites,0.9318631989497066
9,13,Master_of_Engineering,0.9310897439116863
9,29,Mathematical_finance,0.9309007922442712
9,59,Cloud_Computing,0.9289585338905044
9,65,Cloud Computing,0.9289585338905044
9,209,DSDM02_DBMS-DM,0.9285562456610881
9,11,Educational_specialist,0.9257039208354864
9,32,Financial_market,0.9234224393647344
9,287,CouchDB,0.9229949079900461
9,10,Engineer_degree,0.9226725237046001
9,9,European_Joint_Master_degree_in_Economics,0.9211549765004322
9,212,DSENG04_DB4,0.9204671989162807
9,283,DB4,0.9204671989162807
9,102,RM3,0.9164704622202838
9,219,DSRM01_RM3,0.9164704622202838
9,126,DSENG04_DB3,0.9156246148120581
9,294,DB3,0.9156246148120581
9,272,Apache_HBase,0.9121048894447387
9,217,DSRM06_SM,0.911127437227658
9,26,Financial_economics,0.9102235483896962
9,324,Scala,0.9093622560922202
9,111,SS,0.9092403207328646
9,116,DSRM02_SS,0.9092403207328646
9,72,Oracle Data Mining,0.9088695320910221
9,80,Oracle_Data_Mining,0.9088695320910221
9,234,Oracle Data Mining,0.9088695320910221
9,242,Oracle_Data_Mining,0.9088695320910221
9,3,Master_of_Applied_Science,0.9087713321793176
9,325,PL-SQL,0.9086312952066473
9,268,Statistical method,0.9083049152453556
9,271,Statistical_method,0.9083049152453556
9,295,Database,0.9081711377781445
9,254,Supervised_Learning,0.9080243492378401
9,255,Supervised Learning,0.9080243492378401
9,310,C--,0.9036832162551373
9,285,Microsoft_SQL_Server,0.9035789034469933
9,48,Executive_search_firms,0.9034922805208951
9,331,Transact-SQL,0.9026436014884452
9,319,C++,0.9005529147811392
9,74,MATLAB,0.8997591707327381
9,236,MATLAB,0.8997591707327381
9,73,Octave,0.8996849451873594
9,235,Octave,0.8996849451873594
9,7,Master_of_Science,0.8960149479724402
9,179,DSDK04_ASI,0.8952627245370867
9,0,First_professional_degree,0.8931886347875728
9,104,RM4,0.8906276068761968
9,128,DSRM01_RM4,0.8906276068761968
9,202,DSDM02_DM,0.8902968574493295
9,158,DSENG06_OR,0.8899036514272263
9,2,Bachelor_degree,0.8889527848376985
9,42,6_BASIC_STATISTICAL_TOOLS,0.8851888362832635
9,139,DSDA02_BST,0.8851888362832635
9,108,RM1,0.8830174385414591
9,115,DSRM06_RM1,0.8830174385414591
9,135,DSRM01_RM1,0.8830174385414591
9,282,MonetDB,0.8820021462358831
9,276,MySQL,0.8813189084619177
9,330,Software_engineer,0.8809284257900379
9,329,JavaScript,0.8806559404665962
9,190,DSENG04_DB5,0.872611109993509
9,279,DB5,0.872611109993509
9,204,DSENG01_EP,0.8725369260389165
9,8,Master_degree,0.8698421022351704
9,321,Objective-J,0.8698309538036237
9,97,UndergraduateResearch,0.8670422844904067
9,192,DSDM06_IPRIDM,0.866855528347075
9,106,DSRM06_Contribute_research_objectives,0.8660334840478308
9,186,DSRM05_CRO,0.8660334840478308
9,316,C_Sharp,0.8652650836219465
9,98,RM2,0.8640373678023958
9,185,DSRM01_RM2,0.8640373678023958
9,163,DSENG02_CS,0.8629261321000764
9,311,C,0.8626936397111481
9,326,Julia,0.8601274485610826
9,277,RDBMS,0.8594310026222293
9,152,DSENG02_CS1,0.8576680746741457
9,99,IsOperationsResearchReallyResearch,0.8554405432099339
9,197,DSRM03_IORRR,0.8554405432099339
9,160,DSENG02_CS2,0.8548757150933595
9,15,Master_of_Laws,0.8541543378475565
9,31,Corporate_finance,0.8527077535889244
9,96,ScholarlyMethod,0.8519940357250511
9,5,Terminal_degree,0.8517596815752956
9,143,DSDA05_BDAP,0.8516336072930889
9,1,Master's_degree_in_Europe,0.8504619157170261
9,253,Statistics,0.849615755167664
9,33,Financial_market_efficiency,0.8491470436717563
9,318,Ruby,0.8490945897644238
9,137,DSDM02_DBM,0.8489460274195159
9,57,Distributed Computing,0.8479875475656229
9,63,Distributed_Computing,0.8479875475656229
9,100,Secondary_research,0.8463020313296011
9,286,IBM_DB2,0.8449475902833744
9,78,Mathematica,0.8445212771353804
9,240,Mathematica,0.8445212771353804
9,20,Statistics,0.8433267297521239
9,41,Statistics,0.8433267297521239
9,131,DSDA02_Stat,0.8433267297521239
9,281,Database2,0.8403450010619709
9,297,PostgreSQL,0.8398230891572644
9,199,DSDK03_TROFITSPADMP,0.837402318380631
9,47,Summary_Table_for_Statistical_Techniques,0.8371440224394058
9,322,PHP,0.8361255785670001
9,317,Objective-C,0.8351623884889157
9,327,Python,0.8342350660682671
9,214,DSENG04_RNRD,0.8337113757055477
9,292,DSENG04_Relational_non-relational_databases,0.8337113757055477
9,38,Stock_Trader,0.8301738354347952
9,18,BiomedicalEngineering,0.8292059887415102
9,16,BiomedicalEngineers2,0.8240572913495579
9,94,Business Model,0.8234598607437917
9,124,DSENG04_DB2,0.8189826429126209
9,274,DB2,0.8189826429126209
9,313,pbdR,0.8184206821243951
9,6,Doctor_of_Philosophy,0.8162794937505637
9,19,_BiomedicalEngineers,0.8159158545511735
9,256,Data_mining,0.8142914290101955
9,267,Data mining,0.8142914290101955
9,162,DSDM01_DMSP,0.8103712614342478
9,258,Machine learning,0.8088151462193373
9,261,Machine_learning,0.8088151462193373
9,118,DSDA05_Platforms3,0.8064858108443349
9,323,System_programming,0.8047864692884361
9,110,FrascatiDefinitionofResearch,0.8037299913390293
9,161,DSRM03_FDOR,0.8037299913390293
9,191,DSDA06_SV,0.8020893692496294
9,218,DSENG03_DM3,0.7988658538508068
9,296,Elasticsearch,0.795098162662449
9,112,DSDM05_FDDTDC,0.7940624087690498
9,53,Employment_agencies,0.788901608605508
9,114,DSDM06_EORDM,0.7886711327311969
9,77,Waffles,0.7871053014924394
9,239,Waffles,0.7871053014924394
9,178,DSDK03_TSOMISFESATP,0.7833956932948903
9,328,Software_architecture,0.7788996743675314
9,216,DSDM03_DCAI,0.7781317455631735
9,312,Computer_Programming,0.7747159087696168
9,252,Unsupervised_learning,0.773148939299519
9,266,Unsupervised learning,0.773148939299519
9,71,Weka,0.7724605260835832
9,233,Weka,0.7724605260835832
9,109,Primary_Research,0.7717371353074498
9,22,List_of_statistical_packages,0.771448533965174
9,69,List_of_statistical_packages,0.771448533965174
9,43,List_of_statistical_packages,0.7712789452486563
9,142,DSDA02_LOSP,0.7712789452486563
9,221,DSDM04_DS,0.771254879698341
9,64,Hadoop,0.769188498147096
9,157,DSENG03_DM1,0.7649987116845053
9,24,Math_Stats_tools,0.7606198147897412
9,333,R,0.7589108906030196
9,201,DSDA04_DB,0.7575610041183403
9,84,E-commerce_credit_card_payment_system,0.7468999373979444
9,332,Software_developer,0.7461836219771644
9,166,DSRM04_SP,0.7423578179027106
9,12,Graduate_school,0.7397133489581141
9,67,JMP,0.7344932256064262
9,230,JMP,0.7344932256064262
9,61,Grid_computing,0.7328246004370969
9,62,Grid computing,0.7328246004370969
9,315,Programmer,0.73106660305159
9,105,DSRM02_Systematic_study,0.7305413577602085
9,149,DSRM02_SysS,0.7305413577602085
9,307,Pro-innovation_bias,0.7289282466660431
9,89,Business,0.7260545317641716
9,259,Information_Retrieval,0.7232233425523578
9,263,Information Retrieval,0.7232233425523578
9,70,SPSS,0.7168357734428579
9,232,SPSS,0.7168357734428579
9,284,Data_mart,0.7155924362715971
9,290,SPARQL,0.7146854445921176
9,141,DSRM06_TCAIPSIS,0.7145192545158743
9,121,DSDM06_ELACIPR,0.7123059687696066
9,68,Git,0.7118123363960461
9,231,Git,0.7118123363960461
9,58,Hortonworks,0.7091101130296451
9,188,DSRM04_SPIA,0.7081287376925709
9,171,DSDM01_DMP,0.7071722249773325
9,180,DSDA05_Platforms1,0.7063150111551959
9,168,DSDM03_DI4,0.7054818469079753
9,228,DSENG03_DM4,0.7044164662024135
9,44,Important_Methods_For_Statistical_Data_Analysis,0.7032986363147969
9,136,DSDA02_IMFSDA,0.7032986363147969
9,28,CapitalMarket,0.7032880931457393
9,52,Human_resource_management,0.7017378553001383
9,17,Biomedicine,0.7006123553876089
9,23,Mathematics,0.6996753672775031
9,151,DSRM04_EAP,0.6969023615508433
9,184,DSDM06_EIIDM,0.6963018329955526
9,189,DSDM01_DM,0.6948683225557728
9,153,DSDA04_DB3,0.6932099304579648
9,273,MongoDB,0.6908148443735023
9,76,KNIME,0.6846186810167336
9,238,KNIME,0.6846186810167336
9,262,Text mining,0.6829545798153822
9,265,Text_mining,0.6829545798153822
9,75,GATE,0.681369816260422
9,237,GATE,0.681369816260422
9,175,DSDA04_DB1,0.6804727607532146
9,176,DSDM02_DM101,0.6797634130052257
9,93,Service-oriented modeling,0.6762895986867742
9,182,DSDM04_DA,0.6729349874508668
9,130,DSDM01_DMC,0.6724851972068793
9,207,DSENG06_BDAA,0.6724024826450434
9,215,DSENG05_DS1,0.6723519818453454
9,200,DSDM05_DS,0.6693847736852752
9,305,CAD,0.6687225687035365
9,113,DSDM05_DP,0.6660669261863819
9,205,DSDM05_DFM,0.6651522118087523
9,264,Predictive Analytics,0.6650420959471843
9,270,Predictive_Analytics,0.6650420959471843
9,45,Correlation,0.6648995911908098
9,140,DSDA02_CoR,0.6648995911908098
9,133,DSDA01_PA,0.6626155008511312
9,60,Cloudera,0.6618464102576903
9,40,StatisticalTechniques,0.657204025373884
9,155,DSDA02_ST,0.657204025373884
9,299,Data_warehouse,0.6557733880191545
9,227,DSENG05_SSM,0.6554370380721997
9,39,A_Guide_to_Statistical_Techniques,0.6542091325965377
9,226,DSDM04_DG,0.651078342333917
9,309,RequirementsManagement,0.6501389236149713
9,211,DSDA06_DVT,0.6490032336450458
9,210,DSDM03_DI3,0.6489369256709973
9,159,DSDM03_DI5,0.6430039762229216
9,129,DSDM01_DMCP,0.6427976489636633
9,164,DSDA04_DB4,0.6391005815777893
9,165,DSDM03_DI1,0.6291261363556898
9,148,DSDM03_DI2,0.6269486023642745
9,260,Categorization,0.6236719852410111
9,88,Business Management,0.623274879379843
9,220,DSENG03_DM5,0.6198656874971682
9,138,DSDM01_WADMP,0.6076178772504561
9,91,Job interview,0.6044164284150514
9,248,Meta-advertising,0.6004342329622309
9,203,DSENG05_DS4,0.5995047188455775
9,120,DSENG04_DB6,0.5930320737796444
9,280,DB6,0.5930320737796444
9,213,DSDA03_DA,0.5920006517482879
9,46,DataAnalytics,0.5914648596635212
9,123,DSDA02_DA,0.5914648596635212
9,36,Stock_Exchange,0.5901174836967261
9,194,DSDA03_AFDM,0.5892006733182724
9,119,DSDK01_BPD,0.5843929414733688
9,56,Human_resource_consulting,0.5822935163101037
9,49,Executive_search,0.5805153106135721
9,150,DSENG03_ATFDM,0.5800937777876988
9,177,DSRM04_DSAAP,0.5791206115605613
9,225,DSENG03_DM2,0.5777066463696022
9,223,DSDK04_AS,0.5767700773802549
9,334,Computer_network,0.5751323341434513
9,117,DSENG06_AA,0.5734851287414351
9,134,DSDK04_HBDATCHYO,0.572331399772832
9,125,DSDA03_HPACIDM,0.565667532570797
9,50,Personality-job_fit_theory,0.5655020924299344
9,132,DSENG06_DB,0.5653713766234629
9,198,DSDK01_BP,0.5644280941329864
9,257,Clustering,0.5526529959300849
9,55,Onboarding,0.5518050256781926
9,90,Business Intelligence,0.5447739582317991
9,87,Business communication,0.5424678243891929
9,54,Employment_agency,0.5421869872115015
9,183,DSDA05_CDV,0.5331135971364853
9,83,Types_of_e-commerce,0.5266571324271558
9,127,DSDA05_Platforms2,0.5200114811118781
9,154,DSDM04_DL,0.5189124823111613
9,196,DSDA04_DI,0.5077679301694931
9,85,Non-store_retailing,0.49636597912268576
9,181,DSRM06_DOI,0.48496450119586165
9,208,DSDA04_DB2,0.4823663829954099
9,66,SAS,0.47796880419624044
9,229,SAS,0.47796880419624044
9,314,SAS,0.47796880419624044
9,82,Online_marketplace,0.47375334512796874
9,167,DSDK02_S,0.47346958138509
9,81,E-commerce,0.46373261001585864
9,222,DSRM06_Ing,0.461004630368235
9,300,Time_toMarket,0.4402334095459626
9,224,DSDA05_DV,0.435818632580506
9,249,Television_advertisement,0.4291195590359165
9,269,Classification,0.41821908995573553
9,95,Corporate communication,0.41284927709087427
9,86,Digital_economy,0.4099762375774463
9,306,MarketPenetration,0.40899085698201554
9,173,DSDA03_BDTA,0.39245953459733307
9,251,Video_commerce,0.38423600807444847
9,156,DSDK05_ACD,0.3813827792092359
9,147,DSENG05_DS2,0.35798651276800963
9,4,Chemistry_Quality_Eurolabels,0.3477416919898215
9,122,DSDK06_ADFM,0.3095635851139792
9,308,Product,0.3090608786663456
9,169,DSDK03_SM,0.2989645899274902
9,303,VirtualProductDevelopment,0.2624006617606779
9,247,Interactive_advertising,0.24290737638241766
9,301,New_product_development,0.23855869132012575
9,170,DSDK02_HTDBDCS,0.23616348729286052
9,302,productDevelopment,0.21469992447947484
9,245,Advertising,0.2092521735433165
9,304,Product_life-CycleManagement,0.20041741132186952
9,243,Co-marketing,0.18459268705859277
9,244,MarketingMix,0.13729200040292566
9,144,DSDK06_Marketing,0.12696344512739344
9,146,DSDK02_BDNPD,0.12416190995374665
9,246,Mobile_marketing,0.11589558455455085
9,250,Viral_marketing,0.09568493621021068
