5,92,Project management,0.49529188157532456
5,181,DSDM04_DA,0.49510161059469415
5,254,Supervised_Learning,0.494701470254987
5,255,Supervised Learning,0.494701470254987
5,321,Objective-J,0.49441845382617644
5,66,SAS,0.493876097216964
5,229,SAS,0.493876097216964
5,314,SAS,0.493876097216964
5,211,DSDA06_DVT,0.49360267420822623
5,178,DSRM04_DSAAP,0.4925879304346428
5,207,DSENG06_BDAA,0.49215486896353755
5,308,Product,0.4916784280995645
5,147,DSDM03_DI2,0.49117685525172083
5,12,Graduate_school,0.4910512193993628
5,152,DSDA04_DB3,0.489523321546784
5,61,Grid_computing,0.48731494761386673
5,62,Grid computing,0.48731494761386673
5,203,DSDM04_Data_Sharing,0.48690254921600873
5,54,Employment_agency,0.4833818687896736
5,285,Microsoft_SQL_Server,0.4801662999013969
5,39,A_Guide_to_Statistical_Techniques,0.47814818118610813
5,57,Distributed Computing,0.47265950299132675
5,63,Distributed_Computing,0.47265950299132675
5,121,DSDM06_ELACIPR,0.4711366220582627
5,157,DSDK04_Analytical_Support_Introduction,0.4709522489620115
5,75,GATE,0.4705681599517666
5,237,GATE,0.4705681599517666
5,218,DSENG03_DM3,0.47051048031201015
5,268,Statistical method,0.47021944480512823
5,271,Statistical_method,0.47021944480512823
5,330,Software_engineer,0.46922517776835226
5,160,DSENG02_CS2,0.46767057701144754
5,37,Finance,0.467554504286562
5,74,MATLAB,0.46749685633350313
5,236,MATLAB,0.46749685633350313
5,107,RMO,0.4658563075341684
5,175,DSRM05_RMO,0.4658563075341684
5,252,Unsupervised_learning,0.465404404619566
5,266,Unsupervised learning,0.465404404619566
5,98,RM2,0.4652974974968851
5,184,DSRM01_RM2,0.4652974974968851
5,114,DSDM06_EORDM,0.4647233651051812
5,221,DSRM06_Ing,0.46395949704759354
5,150,DSRM04_EAP,0.46221315561635534
5,194,DSDK03_SFM,0.46155727671253866
5,106,DSRM06_Contribute_research_objectives,0.45916981689358227
5,185,DSRM05_CRO,0.45916981689358227
5,328,Software_architecture,0.45801214356703523
5,140,DSRM06_TCAIPSIS,0.45721718086505936
5,5,Terminal_degree,0.45690468548328744
5,163,DSDM05_Data_Steward,0.4565471939224133
5,44,Important_Methods_For_Statistical_Data_Analysis,0.4564803493430727
5,136,DSDA02_IMFSDA,0.4564803493430727
5,83,Types_of_e-commerce,0.45183001630603137
5,0,First_professional_degree,0.45167846662056177
5,146,DSENG05_DS2,0.4498655318638184
5,47,Summary_Table_for_Statistical_Techniques,0.4498482425432906
5,155,DSDK05_ACD,0.44955754282814575
5,277,RDBMS,0.44850954357080786
5,86,Digital_economy,0.44685110599465716
5,296,Elasticsearch,0.4451480742731062
5,27,FinanceCapitalism,0.4448802068853399
5,99,IsOperationsResearchReallyResearch,0.44316868664588493
5,196,DSRM03_IORRR,0.44316868664588493
5,76,KNIME,0.4394944687041271
5,238,KNIME,0.4394944687041271
5,101,RM5,0.4380462116427313
5,206,DSRM01_RM5,0.4380462116427313
5,187,DSRM04_SPIA,0.4372973045964509
5,189,DSENG04_DB5,0.437111980671566
5,279,DB5,0.437111980671566
5,290,SPARQL,0.43595412477823303
5,11,Educational_specialist,0.4348489233049566
5,205,DSDM05_DFM,0.43449950794496295
5,96,ScholarlyMethod,0.4325281695724209
5,126,DSENG04_DB3,0.43209553197620587
5,294,DB3,0.43209553197620587
5,225,DSDM04_DG,0.43071407480789414
5,286,IBM_DB2,0.42922512796895385
5,79,Software,0.4285870908681162
5,241,Software,0.4285870908681162
5,303,VirtualProductDevelopment,0.42820734669695293
5,169,DSDM03_DI4,0.4259588986971541
5,323,System_programming,0.4256653763942606
5,45,Correlation,0.4245770594209448
5,139,DSDA02_CoR,0.4245770594209448
5,251,Video_commerce,0.4242961761399793
5,51,Employment_websites,0.42382675938668846
5,186,DSENG02_CS3,0.42258494379634537
5,14,Professional_Science_Master's_Degree,0.4202313123489956
5,85,Non-store_retailing,0.4194099176275594
5,105,DSRM02_Systematic_study,0.4192848006649701
5,148,DSRM02_SysS,0.4192848006649701
5,313,pbdR,0.4153844023515989
5,50,Personality-job_fit_theory,0.4119463331769413
5,331,Transact-SQL,0.41138888304935195
5,300,Time_toMarket,0.41129449272065166
5,304,Product_life-CycleManagement,0.4109466750949671
5,49,Executive_search,0.41002570894042745
5,82,Online_marketplace,0.40585648895233617
5,162,DSDM01_Data_Management_Sample_Plan,0.4049988473538637
5,293,database,0.40371124037169626
5,310,C--,0.403069542650661
5,77,Waffles,0.4002125301000208
5,239,Waffles,0.4002125301000208
5,298,db,0.393382647065456
5,58,Hortonworks,0.39262506500580163
5,16,BiomedicalEngineers2,0.3922147554084727
5,110,FrascatiDefinitionofResearch,0.392059580595677
5,161,DSRM03_FDOR,0.392059580595677
5,247,Interactive_advertising,0.3920517801052257
5,156,DSENG03_DM1,0.3910851480801122
5,30,Financial_instrument,0.38751435373150134
5,84,E-commerce_credit_card_payment_system,0.3804790988979312
5,111,SS,0.3800333218363299
5,116,DSRM02_SS,0.3800333218363299
5,103,DSRM01_Scientific_method,0.37848293684873524
5,192,DSRM01_SM,0.37848293684873524
5,19,_BiomedicalEngineers,0.3764980597570625
5,307,Pro-innovation_bias,0.3757460002524651
5,243,Co-marketing,0.3754725661462923
5,67,JMP,0.3753124867514184
5,230,JMP,0.3753124867514184
5,60,Cloudera,0.370652767689314
5,164,DSENG02_CS,0.36947463696067007
5,272,Apache_HBase,0.3664468589852967
5,124,DSENG04_DB2,0.36428588998326994
5,274,DB2,0.36428588998326994
5,9,European_Joint_Master_degree_in_Economics,0.36408485356564046
5,166,DSDM03_DI1,0.36350493568633846
5,33,Financial_market_efficiency,0.36291475422431385
5,190,DSDA06_SV,0.35742872360505606
5,167,DSRM04_SP,0.3573241070355968
5,215,DSENG05_DS1,0.35347474793137046
5,117,DSENG06_AA,0.35112162218503684
5,151,DSENG02_CS1,0.3470594857553758
5,248,Meta-advertising,0.34470288290900963
5,43,List_of_statistical_packages,0.3420523014368496
5,141,DSDA02_LOSP,0.3420523014368496
5,108,RM1,0.3419438921894088
5,115,DSRM06_RM1,0.3419438921894088
5,135,DSRM01_RM1,0.3419438921894088
5,144,DSENG06_LORS,0.34136276344655503
5,22,List_of_statistical_packages,0.3413278388157983
5,69,List_of_statistical_packages,0.3413278388157983
5,269,Classification,0.33260092423363796
5,226,DSDM02_DBMS-Data_Models,0.3315254341507914
5,183,DSDM06_EIIDM,0.328385449565072
5,97,UndergraduateResearch,0.32266338020189544
5,289,Databases,0.3106788943504626
5,3,Master_of_Applied_Science,0.30988514135804435
5,227,DSENG05_SSM,0.3079390355276882
5,53,Employment_agencies,0.3046560495676667
5,109,Primary_Research,0.29899892002664763
5,222,DSDK04_AS,0.2987201025742432
5,119,DSDK01_BPD,0.29729087270077204
5,48,Executive_search_firms,0.2818179127884719
5,159,DSDM03_DI5,0.28093910529335764
5,100,Secondary_research,0.27563293292423086
5,202,DSENG05_DS4,0.24548370850275247
5,224,DSENG03_DM2,0.24117614836210155
5,195,DSDA04_DI,0.23418324234298904
5,21,Lists_of_mathematics_topics,0.23131675104576277
5,35,Investment_theory,0.23049218045852193
5,142,DSDA05_BDAP,0.2183394894614289
5,302,productDevelopment,0.21825965364094402
5,158,DSENG06_OR,0.1830586192885526
6,170,DSDK03_SM,0.7032611437972125
6,89,Business,0.6682328679728057
6,127,DSDA05_Platforms2,0.6477191439046789
6,217,DSRM06_SM,0.6473521907480602
6,102,RM3,0.6433687066419396
6,219,DSRM01_RM3,0.6433687066419396
6,179,DSDA05_Platforms1,0.6347477589375471
6,180,DSRM06_DOI,0.6337046020034558
6,26,Financial_economics,0.6332126862132526
6,90,Business Intelligence,0.6331379542507702
6,301,New_product_development,0.6289654691854724
6,133,DSDA01_PA,0.6286529147299306
6,264,Predictive Analytics,0.6272517598312299
6,270,Predictive_Analytics,0.6272517598312299
6,297,PostgreSQL,0.6263610241032175
6,31,Corporate_finance,0.6208275788424327
6,168,DSDK02_S,0.6192719206649098
6,46,DataAnalytics,0.6184209131939589
6,123,DSDA02_DA,0.6184209131939589
6,134,DSDK04_HBDATCHYO,0.6176585551406597
6,197,DSDK01_BP,0.6170563686017051
6,28,CapitalMarket,0.611162790420611
6,244,MarketingMix,0.6097043610125166
6,213,DSDA03_DA,0.6078489999853613
6,176,DSDA04_DB1,0.6073281882208055
6,318,Ruby,0.6054648932213174
6,118,DSDA05_Platforms3,0.6007219691674615
6,177,DSDM02_DM101,0.6007100106757499
6,223,DSDA05_DV,0.6002348092691502
6,32,Financial_market,0.599445643997447
6,249,Television_advertisement,0.5991194528058671
6,324,Scala,0.5980629160578628
6,37,Finance,0.5974805055296623
6,312,Computer_Programming,0.5962894428014909
6,319,C++,0.595986500711337
6,311,C,0.5956549230786865
6,20,Statistics,0.5942380898908208
6,41,Statistics,0.5942380898908208
6,131,DSDA02_Stat,0.5942380898908208
6,253,Statistics,0.5912779658065487
6,104,RM4,0.5911271927761025
6,128,DSRM01_RM4,0.5911271927761025
6,129,DSDM01_DMCP,0.5911270622534673
6,81,E-commerce,0.5909671362734097
6,25,Financial_services,0.5907254607341801
6,316,C_Sharp,0.5837223568013519
6,6,Doctor_of_Philosophy,0.5836014302691828
6,193,DSDA03_AFDM,0.5833804152433413
6,29,Mathematical_finance,0.5827927779614852
6,246,Mobile_marketing,0.5817197810021072
6,18,BiomedicalEngineering,0.5802992381811021
6,73,Octave,0.5799293945416857
6,235,Octave,0.5799293945416857
6,329,JavaScript,0.5797119429657941
6,204,DSENG01_EP,0.5744469217862622
6,214,DSENG04_RNRD,0.5744044966412271
6,292,DSENG04_Relational_non-relational_databases,0.5744044966412271
6,92,Project management,0.5726972454940104
6,299,Data_warehouse,0.5721875737964852
6,325,PL-SQL,0.5710952329939813
6,130,DSDM01_DMC,0.5697317899894168
6,42,6_BASIC_STATISTICAL_TOOLS,0.566197394341375
6,138,DSDA02_BST,0.566197394341375
6,23,Mathematics,0.5637987044268491
6,171,DSDK02_HTDBDCS,0.5629724999641523
6,2,Bachelor_degree,0.562747843708636
6,24,Math_Stats_tools,0.562409433559184
6,320,Java,0.5624093317426814
6,181,DSDM04_DA,0.5623762321936658
6,333,R,0.562159646623662
6,125,DSDA03_HPACIDM,0.561403918248333
6,245,Advertising,0.5605008216101787
6,209,DSDK03_The_Significance_Of_Management_Information_Systems_For_Enhancing_Strategic_And_Tactical_Planning,0.5598542446486766
6,250,Viral_marketing,0.5590380544849679
6,259,Information_Retrieval,0.5589316050888167
6,263,Information Retrieval,0.5589316050888167
6,55,Onboarding,0.5573233708373603
6,198,DSDK03_TROFITSPADMP,0.5552290723147254
6,276,MySQL,0.5541063200396684
6,282,MonetDB,0.5527629149198309
6,327,Python,0.5523696337144688
6,317,Objective-C,0.552235278116601
6,172,DSDM01_DMP,0.5502386173139093
6,295,Database,0.5495432475828975
6,64,Hadoop,0.5493090868750277
6,273,MongoDB,0.5484670853794906
6,52,Human_resource_management,0.5479100901675699
6,287,CouchDB,0.5462831882787034
6,61,Grid_computing,0.5447615737191832
6,62,Grid computing,0.5447615737191832
6,91,Job interview,0.5434006328415776
6,38,Stock_Trader,0.5426128633175756
6,94,Business Model,0.5416667872390991
6,59,Cloud_Computing,0.5407973254391669
6,65,Cloud Computing,0.5407973254391669
6,174,DSDA03_BDTA,0.5404360336344095
6,285,Microsoft_SQL_Server,0.5401579998052077
6,182,DSDA05_CDV,0.5366960117899849
6,322,PHP,0.5363422871300524
6,149,DSENG03_ATFDM,0.5326777914241093
6,75,GATE,0.5306717480210931
6,237,GATE,0.5306717480210931
6,15,Master_of_Laws,0.5301747846509
6,34,FinancialRegulation,0.529438690282406
6,88,Business Management,0.5293518699961541
6,199,DSDA04_DB,0.5284015580656168
6,1,Master's_degree_in_Europe,0.5280477416144045
6,87,Business communication,0.5276539425847158
6,10,Engineer_degree,0.5266080598815667
6,13,Master_of_Engineering,0.5262776594412371
6,288,Oracle_Database,0.5258784434530888
6,326,Julia,0.5256887016080106
6,39,A_Guide_to_Statistical_Techniques,0.5254661801332998
6,334,Computer_network,0.5246305779042564
6,262,Text mining,0.5233208253303305
6,265,Text_mining,0.5233208253303305
6,284,Data_mart,0.5230752862921974
6,66,SAS,0.5217792226748246
6,229,SAS,0.5217792226748246
6,314,SAS,0.5217792226748246
6,216,DSDM03_DCAI,0.5213098386855248
6,315,Programmer,0.5199390274463294
6,8,Master_degree,0.5182460250840595
6,145,DSDK02_BDNPD,0.516557380982921
6,95,Corporate communication,0.5147258761024966
6,212,DSENG04_DB4,0.5141239475488789
6,283,DB4,0.5141239475488789
6,68,Git,0.5137991856346695
6,231,Git,0.5137991856346695
6,200,DSDM01_Data_Management,0.5132469038630185
6,7,Master_of_Science,0.5115328132270609
6,309,RequirementsManagement,0.510139457787161
6,194,DSDK03_SFM,0.5098291369119559
6,107,RMO,0.5089637121479859
6,175,DSRM05_RMO,0.5089637121479859
6,122,DSDK06_ADFM,0.5066217620519577
6,93,Service-oriented modeling,0.5054555907187829
6,132,DSENG06_DB,0.5052016783976888
6,208,DSDA04_DB2,0.5049147354874542
6,76,KNIME,0.5048714700165544
6,238,KNIME,0.5048714700165544
6,155,DSDK05_ACD,0.5036238289266206
6,220,DSENG03_DM5,0.5032160413186262
6,308,Product,0.5030340938091509
6,201,DSDM02_DM,0.5029585098163578
6,256,Data_mining,0.5028645390976119
6,267,Data mining,0.5028645390976119
6,27,FinanceCapitalism,0.5020377550881977
6,286,IBM_DB2,0.5015242519930938
6,277,RDBMS,0.5011660018081502
6,36,Stock_Exchange,0.5010318112680971
6,275,ODBMS,0.5003934663965673
6,313,pbdR,0.4999168338340171
6,203,DSDM04_Data_Sharing,0.498658561024372
6,143,DSDK06_Marketing,0.4980375960704002
6,332,Software_developer,0.49737949921977465
6,291,NoSQL,0.4970523370056563
6,56,Human_resource_consulting,0.4965923308766256
6,173,DSENG04_DB1,0.4951821253707037
6,278,DB1,0.4951821253707037
6,260,Categorization,0.4933694512335419
6,0,First_professional_degree,0.49245865560471824
6,105,DSRM02_Systematic_study,0.4917908864630396
6,148,DSRM02_SysS,0.4917908864630396
6,178,DSRM04_DSAAP,0.4917685339272011
6,207,DSENG06_BDAA,0.491334465647866
6,188,DSDM02_Database_Model,0.49049807551813807
6,71,Weka,0.4896920016776911
6,233,Weka,0.4896920016776911
6,146,DSENG05_DS2,0.48948843060419034
6,191,DSDM06_IPRIDM,0.48838082249622594
6,211,DSDA06_DVT,0.4881405035729123
6,12,Graduate_school,0.48759846032477816
6,57,Distributed Computing,0.4858693061107586
6,63,Distributed_Computing,0.4858693061107586
6,150,DSRM04_EAP,0.48534140568237616
6,113,DSDM05_DP,0.484110131960519
6,153,DSDM04_DL,0.48401074858698134
6,78,Mathematica,0.48339503771840964
6,240,Mathematica,0.48339503771840964
6,305,CAD,0.4824324195417208
6,70,SPSS,0.48155996425870917
6,232,SPSS,0.48155996425870917
6,120,DSENG04_DB6,0.47864980038364835
6,280,DB6,0.47864980038364835
6,72,Oracle Data Mining,0.4786468709353652
6,80,Oracle_Data_Mining,0.4786468709353652
6,234,Oracle Data Mining,0.4786468709353652
6,242,Oracle_Data_Mining,0.4786468709353652
6,306,MarketPenetration,0.4783367467704075
6,74,MATLAB,0.4781282852789286
6,236,MATLAB,0.4781282852789286
6,210,DSDM03_DI3,0.4766635733853215
6,228,DSENG03_DM4,0.4765741403669783
6,157,DSDK04_Analytical_Support_Introduction,0.47626316779048894
6,218,DSENG03_DM3,0.4755955311981308
6,54,Employment_agency,0.47435590440403064
6,83,Types_of_e-commerce,0.4738888082552678
6,11,Educational_specialist,0.47333562021457487
6,258,Machine learning,0.47296472054565997
6,261,Machine_learning,0.47296472054565997
6,296,Elasticsearch,0.4714319008692536
6,40,StatisticalTechniques,0.4713715716935456
6,154,DSDA02_ST,0.4713715716935456
6,321,Objective-J,0.47119300229062444
6,165,DSDA04_DB4,0.47054235412745327
6,4,Chemistry_Quality_Eurolabels,0.47022079363475
6,98,RM2,0.46889857011689173
6,184,DSRM01_RM2,0.46889857011689173
6,323,System_programming,0.46887366974761446
6,112,DSDM05_FDDTDC,0.4679846784870467
6,140,DSRM06_TCAIPSIS,0.46752278809728853
6,101,RM5,0.46593766952904203
6,206,DSRM01_RM5,0.46593766952904203
6,106,DSRM06_Contribute_research_objectives,0.4654415394994815
6,185,DSRM05_CRO,0.4654415394994815
6,147,DSDM03_DI2,0.4645641896333108
6,47,Summary_Table_for_Statistical_Techniques,0.46410843308879746
6,304,Product_life-CycleManagement,0.46327980348502085
6,257,Clustering,0.46260553456888687
6,225,DSDM04_DG,0.46133480109358205
6,281,Database2,0.45984783566854226
6,252,Unsupervised_learning,0.4582432104056373
6,266,Unsupervised learning,0.4582432104056373
6,310,C--,0.4574574724959608
6,121,DSDM06_ELACIPR,0.45569960161393575
6,254,Supervised_Learning,0.4552877302221776
6,255,Supervised Learning,0.4552877302221776
6,114,DSDM06_EORDM,0.4551306873979776
6,137,DSDM01_WADMP,0.45498378448387733
6,331,Transact-SQL,0.4536769503078437
6,169,DSDM03_DI4,0.45297638252650696
6,86,Digital_economy,0.4521546761049482
6,5,Terminal_degree,0.44637674422268425
6,290,SPARQL,0.444885910893956
6,183,DSDM06_EIIDM,0.44088427029526067
6,328,Software_architecture,0.43864418894795554
6,79,Software,0.43703803058141144
6,241,Software,0.43703803058141144
6,162,DSDM01_Data_Management_Sample_Plan,0.43651731890486456
6,44,Important_Methods_For_Statistical_Data_Analysis,0.43515341730330515
6,136,DSDA02_IMFSDA,0.43515341730330515
6,58,Hortonworks,0.4335902520672974
6,49,Executive_search,0.43198582264246066
6,82,Online_marketplace,0.43094392376965296
6,163,DSDM05_Data_Steward,0.43077421465315513
6,126,DSENG04_DB3,0.4294334052977117
6,294,DB3,0.4294334052977117
6,17,Biomedicine,0.42822720569896777
6,84,E-commerce_credit_card_payment_system,0.42801669466625913
6,152,DSDA04_DB3,0.42512628279051956
6,99,IsOperationsResearchReallyResearch,0.4249255729934476
6,196,DSRM03_IORRR,0.4249255729934476
6,300,Time_toMarket,0.42486636356334895
6,160,DSENG02_CS2,0.42354889490569225
6,117,DSENG06_AA,0.4223744866724488
6,330,Software_engineer,0.42232943214924235
6,45,Correlation,0.4203297396073815
6,139,DSDA02_CoR,0.4203297396073815
6,215,DSENG05_DS1,0.42020207292171385
6,156,DSENG03_DM1,0.41986787068184706
6,268,Statistical method,0.4196892265224563
6,271,Statistical_method,0.4196892265224563
6,51,Employment_websites,0.4194604203521517
6,119,DSDK01_BPD,0.41775362646863345
6,251,Video_commerce,0.4167428990743909
6,77,Waffles,0.41512355428415315
6,239,Waffles,0.41512355428415315
6,16,BiomedicalEngineers2,0.4130523711730041
6,227,DSENG05_SSM,0.4079326520025597
6,303,VirtualProductDevelopment,0.4068401789656002
6,221,DSRM06_Ing,0.40289668773460696
6,19,_BiomedicalEngineers,0.3995013659477278
6,30,Financial_instrument,0.3977943749722621
6,187,DSRM04_SPIA,0.3970941648735209
6,272,Apache_HBase,0.393241010115414
6,124,DSENG04_DB2,0.39007105036654144
6,274,DB2,0.39007105036654144
6,14,Professional_Science_Master's_Degree,0.3870302932327291
6,189,DSENG04_DB5,0.3845704839467816
6,279,DB5,0.3845704839467816
6,60,Cloudera,0.38359394287539594
6,111,SS,0.3813211888797269
6,116,DSRM02_SS,0.3813211888797269
6,43,List_of_statistical_packages,0.37927356843519267
6,141,DSDA02_LOSP,0.37927356843519267
6,22,List_of_statistical_packages,0.37872604559429246
6,69,List_of_statistical_packages,0.37872604559429246
6,167,DSRM04_SP,0.37835577607736726
6,96,ScholarlyMethod,0.37651899655413223
6,103,DSRM01_Scientific_method,0.37494616382899937
6,192,DSRM01_SM,0.37494616382899937
6,110,FrascatiDefinitionofResearch,0.37480162446974674
6,161,DSRM03_FDOR,0.37480162446974674
6,85,Non-store_retailing,0.3723605570065771
6,243,Co-marketing,0.36993666337952025
6,164,DSENG02_CS,0.36723155420364817
6,67,JMP,0.3609722132093114
6,230,JMP,0.3609722132093114
6,9,European_Joint_Master_degree_in_Economics,0.358143648042585
6,144,DSENG06_LORS,0.3544813397882014
6,307,Pro-innovation_bias,0.35171521505222425
6,186,DSENG02_CS3,0.3487350148303685
6,248,Meta-advertising,0.34486071611155267
6,53,Employment_agencies,0.34168578974060937
6,151,DSENG02_CS1,0.34011353544392375
6,142,DSDA05_BDAP,0.33555358986879513
6,50,Personality-job_fit_theory,0.333106494218539
6,97,UndergraduateResearch,0.33180930105319506
6,247,Interactive_advertising,0.3288032608657716
6,33,Financial_market_efficiency,0.3238390974461125
6,293,database,0.3202346916618357
6,3,Master_of_Applied_Science,0.31889835192447225
6,108,RM1,0.31885406910488934
6,115,DSRM06_RM1,0.31885406910488934
6,135,DSRM01_RM1,0.31885406910488934
6,205,DSDM05_DFM,0.3154492791520479
6,190,DSDA06_SV,0.3144324957154092
6,35,Investment_theory,0.31407453516945916
6,222,DSDK04_AS,0.3124008254042163
6,202,DSENG05_DS4,0.306950552117236
6,226,DSDM02_DBMS-Data_Models,0.2964627542708165
6,298,db,0.2930520833841874
6,159,DSDM03_DI5,0.2857278892754366
6,289,Databases,0.28417191863125035
6,224,DSENG03_DM2,0.2786367127843987
6,166,DSDM03_DI1,0.2729190817634113
6,109,Primary_Research,0.25997321372431115
6,48,Executive_search_firms,0.25787379632695484
6,269,Classification,0.24756595141502902
6,21,Lists_of_mathematics_topics,0.23509786171067737
6,158,DSENG06_OR,0.21747301440974387
6,195,DSDA04_DI,0.2172665010791598
6,100,Secondary_research,0.21273721084733122
6,302,productDevelopment,0.19111761152482332
7,89,Business,0.6801838525815558
7,295,Database,0.6749247816541074
7,299,Data_warehouse,0.6741881707480757
7,288,Oracle_Database,0.6359095180682651
7,212,DSENG04_DB4,0.6321981111285371
7,283,DB4,0.6321981111285371
7,90,Business Intelligence,0.6317564584896405
7,170,DSDK03_SM,0.6305827229429796
7,256,Data_mining,0.6263017339617555
7,267,Data mining,0.6263017339617555
7,127,DSDA05_Platforms2,0.6257769748142419
7,177,DSDM02_DM101,0.623082365783725
7,228,DSENG03_DM4,0.6220962843812735
7,176,DSDA04_DB1,0.6209933686774223
7,193,DSDA03_AFDM,0.6159976409842219
7,72,Oracle Data Mining,0.6142213708879963
7,80,Oracle_Data_Mining,0.6142213708879963
7,234,Oracle Data Mining,0.6142213708879963
7,242,Oracle_Data_Mining,0.6142213708879963
7,188,DSDM02_Database_Model,0.6141469029524822
7,102,RM3,0.6139148889281087
7,219,DSRM01_RM3,0.6139148889281087
7,204,DSENG01_EP,0.6115277290057085
7,319,C++,0.6109387394021604
7,24,Math_Stats_tools,0.6101316264915152
7,52,Human_resource_management,0.6083363051471576
7,46,DataAnalytics,0.606477597324619
7,123,DSDA02_DA,0.606477597324619
7,223,DSDA05_DV,0.6058518370826274
7,214,DSENG04_RNRD,0.6056391107527125
7,292,DSENG04_Relational_non-relational_databases,0.6056391107527125
7,129,DSDM01_DMCP,0.6055370094748918
7,287,CouchDB,0.6024760829007695
7,217,DSRM06_SM,0.6017349887887445
7,311,C,0.6008677800105603
7,325,PL-SQL,0.6004084248816813
7,297,PostgreSQL,0.5991675711300257
7,133,DSDA01_PA,0.5989697464147098
7,264,Predictive Analytics,0.5964645154219909
7,270,Predictive_Analytics,0.5964645154219909
7,31,Corporate_finance,0.5947974857674931
7,179,DSDA05_Platforms1,0.5940947655563668
7,87,Business communication,0.5903585230654688
7,259,Information_Retrieval,0.5885383765613155
7,263,Information Retrieval,0.5885383765613155
7,130,DSDM01_DMC,0.588149629614579
7,26,Financial_economics,0.5869240076856753
7,197,DSDK01_BP,0.5839490817292626
7,81,E-commerce,0.5832453780692144
7,275,ODBMS,0.5820015049453418
7,316,C_Sharp,0.5813477111009597
7,211,DSDA06_DVT,0.5811337381135738
7,173,DSENG04_DB1,0.5811047450964355
7,278,DB1,0.5811047450964355
7,291,NoSQL,0.5807931912272861
7,201,DSDM02_DM,0.5800413766042027
7,149,DSENG03_ATFDM,0.5787225746697219
7,18,BiomedicalEngineering,0.5740886198410774
7,2,Bachelor_degree,0.5730741108850484
7,324,Scala,0.572559040503471
7,118,DSDA05_Platforms3,0.5684810441595213
7,94,Business Model,0.5682688393380548
7,92,Project management,0.5671629832182796
7,334,Computer_network,0.5666344066123898
7,317,Objective-C,0.5635140831672534
7,318,Ruby,0.561239360562681
7,198,DSDK03_TROFITSPADMP,0.56056326759512
7,20,Statistics,0.5602167274167992
7,41,Statistics,0.5602167274167992
7,131,DSDA02_Stat,0.5602167274167992
7,253,Statistics,0.5601565836635752
7,88,Business Management,0.5601445101745399
7,312,Computer_Programming,0.5581233575269826
7,10,Engineer_degree,0.5577292874594513
7,282,MonetDB,0.5575049602687298
7,245,Advertising,0.557319946491161
7,273,MongoDB,0.5540895773125936
7,55,Onboarding,0.553128269823795
7,209,DSDK03_The_Significance_Of_Management_Information_Systems_For_Enhancing_Strategic_And_Tactical_Planning,0.5517803299933115
7,213,DSDA03_DA,0.550703980772204
7,301,New_product_development,0.5505069332559931
7,147,DSDM03_DI2,0.5499234325856823
7,165,DSDA04_DB4,0.5497511084928515
7,199,DSDA04_DB,0.5487947815395251
7,150,DSRM04_EAP,0.5486210124466865
7,42,6_BASIC_STATISTICAL_TOOLS,0.5484807837690483
7,138,DSDA02_BST,0.5484807837690483
7,174,DSDA03_BDTA,0.5483525706866649
7,262,Text mining,0.5468496296731457
7,265,Text_mining,0.5468496296731457
7,78,Mathematica,0.5462260641166472
7,240,Mathematica,0.5462260641166472
7,23,Mathematics,0.5458804188490305
7,281,Database2,0.5458623332223886
7,208,DSDA04_DB2,0.5457439630725557
7,7,Master_of_Science,0.5452318532416054
7,329,JavaScript,0.5446567056945412
7,91,Job interview,0.5445755351437638
7,191,DSDM06_IPRIDM,0.5430588890566843
7,216,DSDM03_DCAI,0.5425790897959766
7,73,Octave,0.5415191490616017
7,235,Octave,0.5415191490616017
7,168,DSDK02_S,0.5411904505312725
7,305,CAD,0.5393163098766257
7,277,RDBMS,0.5384666286695056
7,200,DSDM01_Data_Management,0.5375409203992143
7,71,Weka,0.5372938424634461
7,233,Weka,0.5372938424634461
7,249,Television_advertisement,0.5362328647003475
7,276,MySQL,0.5334318292636898
7,37,Finance,0.5329622549546323
7,6,Doctor_of_Philosophy,0.5321320444074363
7,13,Master_of_Engineering,0.530611378942787
7,178,DSRM04_DSAAP,0.5283230211299619
7,244,MarketingMix,0.5281492091295117
7,68,Git,0.5260401259807276
7,231,Git,0.5260401259807276
7,137,DSDM01_WADMP,0.5258923552219286
7,172,DSDM01_DMP,0.5258298615856382
7,134,DSDK04_HBDATCHYO,0.525445736211819
7,59,Cloud_Computing,0.5232123742821536
7,65,Cloud Computing,0.5232123742821536
7,95,Corporate communication,0.5226228202762241
7,326,Julia,0.5224357187387402
7,320,Java,0.521670626979463
7,28,CapitalMarket,0.5193153709772478
7,4,Chemistry_Quality_Eurolabels,0.5184669943325863
7,327,Python,0.518448470798693
7,1,Master's_degree_in_Europe,0.518140134166446
7,181,DSDM04_DA,0.5180710894012533
7,285,Microsoft_SQL_Server,0.5180647398658824
7,29,Mathematical_finance,0.5179368992190674
7,284,Data_mart,0.5172350153695404
7,64,Hadoop,0.5171740940686276
7,333,R,0.5170177588367314
7,322,PHP,0.5162255995606047
7,132,DSENG06_DB,0.515429393933055
7,315,Programmer,0.5135390951909633
7,56,Human_resource_consulting,0.5111776735611921
7,180,DSRM06_DOI,0.509826541956374
7,126,DSENG04_DB3,0.5078970401311153
7,294,DB3,0.5078970401311153
7,203,DSDM04_Data_Sharing,0.5057400859819658
7,218,DSENG03_DM3,0.5047849349026037
7,250,Viral_marketing,0.5043608306706334
7,39,A_Guide_to_Statistical_Techniques,0.5039599093005991
7,44,Important_Methods_For_Statistical_Data_Analysis,0.5029122289705448
7,136,DSDA02_IMFSDA,0.5029122289705448
7,246,Mobile_marketing,0.5025422171571826
7,162,DSDM01_Data_Management_Sample_Plan,0.4992865308125407
7,38,Stock_Trader,0.4973669198133801
7,104,RM4,0.4970454198769563
7,128,DSRM01_RM4,0.4970454198769563
7,70,SPSS,0.4949329120940563
7,232,SPSS,0.4949329120940563
7,309,RequirementsManagement,0.49153839190852033
7,112,DSDM05_FDDTDC,0.49118419249504686
7,258,Machine learning,0.48906947299498693
7,261,Machine_learning,0.48906947299498693
7,220,DSENG03_DM5,0.48786271263535097
7,331,Transact-SQL,0.48505670101045384
7,298,db,0.48483213718402984
7,308,Product,0.4847426634874368
7,257,Clustering,0.4833534067275933
7,57,Distributed Computing,0.48313284629479325
7,63,Distributed_Computing,0.48313284629479325
7,61,Grid_computing,0.48307140779972835
7,62,Grid computing,0.48307140779972835
7,125,DSDA03_HPACIDM,0.48244396986294347
7,16,BiomedicalEngineers2,0.4815697707615234
7,113,DSDM05_DP,0.4810552208057288
7,194,DSDK03_SFM,0.48068785165326533
7,189,DSENG04_DB5,0.47975800994199624
7,279,DB5,0.47975800994199624
7,155,DSDK05_ACD,0.47807341035122786
7,114,DSDM06_EORDM,0.477271004775921
7,260,Categorization,0.47669417222825283
7,74,MATLAB,0.4742168859724194
7,236,MATLAB,0.4742168859724194
7,12,Graduate_school,0.47360178482814086
7,105,DSRM02_Systematic_study,0.47251874404677374
7,148,DSRM02_SysS,0.47251874404677374
7,153,DSDM04_DL,0.47196876948293676
7,182,DSDA05_CDV,0.47192114805605745
7,120,DSENG04_DB6,0.47159055896802515
7,280,DB6,0.47159055896802515
7,210,DSDM03_DI3,0.4714156797314597
7,330,Software_engineer,0.47000721841792026
7,11,Educational_specialist,0.4689366631866969
7,25,Financial_services,0.4679620702784718
7,313,pbdR,0.46740141465953644
7,169,DSDM03_DI4,0.4672568386540159
7,19,_BiomedicalEngineers,0.46600446787402205
7,225,DSDM04_DG,0.46506625244786104
7,152,DSDA04_DB3,0.46346981638023377
7,83,Types_of_e-commerce,0.4633483212579542
7,8,Master_degree,0.46242727850166565
7,85,Non-store_retailing,0.4621024136113643
7,328,Software_architecture,0.4612124650206698
7,75,GATE,0.45981732219232496
7,237,GATE,0.45981732219232496
7,77,Waffles,0.45955730233204894
7,239,Waffles,0.45955730233204894
7,107,RMO,0.4592061931435343
7,175,DSRM05_RMO,0.4592061931435343
7,286,IBM_DB2,0.4580423025232542
7,323,System_programming,0.45797672388449717
7,145,DSDK02_BDNPD,0.45757548593080055
7,157,DSDK04_Analytical_Support_Introduction,0.45700519240370197
7,122,DSDK06_ADFM,0.45677845240898995
7,307,Pro-innovation_bias,0.45587732690148663
7,171,DSDK02_HTDBDCS,0.4553104618962581
7,66,SAS,0.4552884182704098
7,229,SAS,0.4552884182704098
7,314,SAS,0.4552884182704098
7,110,FrascatiDefinitionofResearch,0.45523540575538113
7,161,DSRM03_FDOR,0.45523540575538113
7,310,C--,0.45417066220791136
7,121,DSDM06_ELACIPR,0.45347982962996936
7,140,DSRM06_TCAIPSIS,0.45346738437232714
7,160,DSENG02_CS2,0.4532508128668409
7,32,Financial_market,0.45090774529229016
7,36,Stock_Exchange,0.44996593351373415
7,143,DSDK06_Marketing,0.4495125729176781
7,0,First_professional_degree,0.44859560592147607
7,306,MarketPenetration,0.4460782734358648
7,58,Hortonworks,0.44370099338177016
7,40,StatisticalTechniques,0.441742296096058
7,154,DSDA02_ST,0.441742296096058
7,268,Statistical method,0.4396937660804716
7,271,Statistical_method,0.4396937660804716
7,293,database,0.4394076985968596
7,76,KNIME,0.43817265758569957
7,238,KNIME,0.43817265758569957
7,215,DSENG05_DS1,0.4371979135009403
7,207,DSENG06_BDAA,0.4354580310027487
7,163,DSDM05_Data_Steward,0.43545316271786727
7,93,Service-oriented modeling,0.4335523359188599
7,254,Supervised_Learning,0.43290072282975434
7,255,Supervised Learning,0.43290072282975434
7,98,RM2,0.43144193635006
7,184,DSRM01_RM2,0.43144193635006
7,17,Biomedicine,0.43090368848267246
7,183,DSDM06_EIIDM,0.4305829706132235
7,156,DSENG03_DM1,0.42888538293843326
7,5,Terminal_degree,0.428593382646526
7,82,Online_marketplace,0.4283945105199881
7,106,DSRM06_Contribute_research_objectives,0.42759449292177243
7,185,DSRM05_CRO,0.42759449292177243
7,15,Master_of_Laws,0.4272414499201861
7,146,DSENG05_DS2,0.4248706461665751
7,321,Objective-J,0.4231134343781303
7,117,DSENG06_AA,0.42250691577305055
7,99,IsOperationsResearchReallyResearch,0.4193040833134223
7,196,DSRM03_IORRR,0.4193040833134223
7,300,Time_toMarket,0.41843290765472485
7,34,FinancialRegulation,0.4170510102720607
7,332,Software_developer,0.41237600983355194
7,27,FinanceCapitalism,0.41100775042079407
7,60,Cloudera,0.40768136621700846
7,290,SPARQL,0.4066760254890095
7,101,RM5,0.4051656861249471
7,206,DSRM01_RM5,0.4051656861249471
7,296,Elasticsearch,0.4040620219929232
7,272,Apache_HBase,0.40386867502772894
7,47,Summary_Table_for_Statistical_Techniques,0.40315385226143186
7,289,Databases,0.40247305630099506
7,54,Employment_agency,0.4022554427990812
7,187,DSRM04_SPIA,0.40139576069659744
7,151,DSENG02_CS1,0.4008528165315711
7,251,Video_commerce,0.40033603224756376
7,9,European_Joint_Master_degree_in_Economics,0.39882357679925695
7,86,Digital_economy,0.3974702432019793
7,79,Software,0.39730662231893255
7,241,Software,0.39730662231893255
7,167,DSRM04_SP,0.39345782399124085
7,303,VirtualProductDevelopment,0.39332043843816444
7,51,Employment_websites,0.39116424606142
7,226,DSDM02_DBMS-Data_Models,0.3830686396230729
7,45,Correlation,0.37941756443782715
7,139,DSDA02_CoR,0.37941756443782715
7,205,DSDM05_DFM,0.37616256049747787
7,119,DSDK01_BPD,0.3712476976579451
7,252,Unsupervised_learning,0.36941507670946183
7,266,Unsupervised learning,0.36941507670946183
7,111,SS,0.36598583034010246
7,116,DSRM02_SS,0.36598583034010246
7,221,DSRM06_Ing,0.3650736092663007
7,30,Financial_instrument,0.3603274624073044
7,186,DSENG02_CS3,0.359620627252937
7,49,Executive_search,0.3592400089807898
7,96,ScholarlyMethod,0.3582803223020048
7,164,DSENG02_CS,0.35425137374684
7,103,DSRM01_Scientific_method,0.3535702207611453
7,192,DSRM01_SM,0.3535702207611453
7,14,Professional_Science_Master's_Degree,0.35284827272839636
7,84,E-commerce_credit_card_payment_system,0.3521445882006471
7,243,Co-marketing,0.3460861046198376
7,190,DSDA06_SV,0.34361671279533557
7,144,DSENG06_LORS,0.341073294240263
7,227,DSENG05_SSM,0.3356511212093134
7,304,Product_life-CycleManagement,0.33533536200846203
7,50,Personality-job_fit_theory,0.33409180536331684
7,224,DSENG03_DM2,0.3299202878111004
7,159,DSDM03_DI5,0.32615061078378493
7,124,DSENG04_DB2,0.3201215711324441
7,274,DB2,0.3201215711324441
7,247,Interactive_advertising,0.3199017257559986
7,43,List_of_statistical_packages,0.3157098505878586
7,141,DSDA02_LOSP,0.3157098505878586
7,108,RM1,0.3152449651027047
7,115,DSRM06_RM1,0.3152449651027047
7,135,DSRM01_RM1,0.3152449651027047
7,22,List_of_statistical_packages,0.31480237795475485
7,69,List_of_statistical_packages,0.31480237795475485
7,248,Meta-advertising,0.3086539833512493
7,158,DSENG06_OR,0.308638211521983
7,166,DSDM03_DI1,0.30501073994499506
7,53,Employment_agencies,0.3013298565697595
7,33,Financial_market_efficiency,0.30118802028898106
7,97,UndergraduateResearch,0.2956335787820139
7,3,Master_of_Applied_Science,0.2822779627988732
7,269,Classification,0.27955406568074603
7,109,Primary_Research,0.27619655112192565
7,48,Executive_search_firms,0.27359368049157284
7,222,DSDK04_AS,0.26910052731847345
7,67,JMP,0.2673300249583517
7,230,JMP,0.2673300249583517
7,202,DSENG05_DS4,0.2657448179996751
7,195,DSDA04_DI,0.23787395310775195
7,100,Secondary_research,0.22886030809476188
7,35,Investment_theory,0.2188372340117979
7,142,DSDA05_BDAP,0.2114942428100557
7,21,Lists_of_mathematics_topics,0.21087627350704374
7,302,productDevelopment,0.18390565496041889
8,89,Business,0.5572858383571478
8,18,BiomedicalEngineering,0.5503655167296391
8,204,DSENG01_EP,0.5469222183165887
8,13,Master_of_Engineering,0.536271330967384
8,6,Doctor_of_Philosophy,0.5305797711082122
8,316,C_Sharp,0.526368010989903
8,312,Computer_Programming,0.51985111595948
8,90,Business Intelligence,0.5190871066963869
8,297,PostgreSQL,0.5171064722839744
8,170,DSDK03_SM,0.5160486035341814
8,327,Python,0.5156885486240553
8,334,Computer_network,0.5113609378751839
8,127,DSDA05_Platforms2,0.5082229397467769
8,10,Engineer_degree,0.5078461213876057
8,177,DSDM02_DM101,0.5039395156614057
8,276,MySQL,0.5029529103591109
8,107,RMO,0.5011410538632532
8,175,DSRM05_RMO,0.5011410538632532
8,262,Text mining,0.49674236529409654
8,265,Text_mining,0.49674236529409654
8,55,Onboarding,0.4926615215393515
8,305,CAD,0.49140813834754604
8,217,DSRM06_SM,0.49104812068658477
8,299,Data_warehouse,0.48831981539581326
8,188,DSDM02_Database_Model,0.48813375197095343
8,201,DSDM02_DM,0.4880018160142454
8,102,RM3,0.4855224769202602
8,219,DSRM01_RM3,0.4855224769202602
8,129,DSDM01_DMCP,0.48461303757528396
8,31,Corporate_finance,0.4845750338093078
8,301,New_product_development,0.48183837459047707
8,176,DSDA04_DB1,0.47688201044176126
8,264,Predictive Analytics,0.4767361336806808
8,270,Predictive_Analytics,0.4767361336806808
8,46,DataAnalytics,0.47629069062247975
8,123,DSDA02_DA,0.47629069062247975
8,133,DSDA01_PA,0.4762218381901978
8,52,Human_resource_management,0.47590126324175164
8,2,Bachelor_degree,0.4758603417018321
8,91,Job interview,0.475434662307501
8,324,Scala,0.4752994947724348
8,26,Financial_economics,0.4752616266860089
8,98,RM2,0.4745808255073751
8,184,DSRM01_RM2,0.4745808255073751
8,282,MonetDB,0.47440948686971296
8,198,DSDK03_TROFITSPADMP,0.47403120087057427
8,106,DSRM06_Contribute_research_objectives,0.4738172527524678
8,185,DSRM05_CRO,0.4738172527524678
8,182,DSDA05_CDV,0.4736787602799999
8,172,DSDM01_DMP,0.47338489732229494
8,329,JavaScript,0.4730118961879817
8,137,DSDM01_WADMP,0.4720546666717481
8,94,Business Model,0.47161880573700876
8,223,DSDA05_DV,0.46859434567166103
8,20,Statistics,0.46759235488004025
8,41,Statistics,0.46759235488004025
8,131,DSDA02_Stat,0.46759235488004025
8,121,DSDM06_ELACIPR,0.4673581439656308
8,24,Math_Stats_tools,0.46597113415929436
8,68,Git,0.46589120270824147
8,231,Git,0.46589120270824147
8,253,Statistics,0.4657316471964901
8,318,Ruby,0.46536947871157697
8,287,CouchDB,0.46325108507805846
8,315,Programmer,0.46314892826149145
8,245,Advertising,0.46252656196126973
8,317,Objective-C,0.4623779789724022
8,28,CapitalMarket,0.46199177555265303
8,209,DSDK03_The_Significance_Of_Management_Information_Systems_For_Enhancing_Strategic_And_Tactical_Planning,0.46103843627915664
8,37,Finance,0.4599157529295901
8,319,C++,0.45956938082529386
8,132,DSENG06_DB,0.4593447254073161
8,212,DSENG04_DB4,0.45892545488671943
8,283,DB4,0.45892545488671943
8,325,PL-SQL,0.45673131086243446
8,104,RM4,0.45597542391435275
8,128,DSRM01_RM4,0.45597542391435275
8,93,Service-oriented modeling,0.45594561846021264
8,130,DSDM01_DMC,0.4552696180451161
8,12,Graduate_school,0.45455108977339465
8,1,Master's_degree_in_Europe,0.4545448464903621
8,122,DSDK06_ADFM,0.4544349923131151
8,330,Software_engineer,0.45393561085299816
8,29,Mathematical_finance,0.45364473010664774
8,193,DSDA03_AFDM,0.4520962839441678
8,42,6_BASIC_STATISTICAL_TOOLS,0.45116721811308313
8,138,DSDA02_BST,0.45116721811308313
8,114,DSDM06_EORDM,0.44883401016781665
8,333,R,0.4485500065858836
8,25,Financial_services,0.4479706640261454
8,258,Machine learning,0.44787178727135313
8,261,Machine_learning,0.44787178727135313
8,180,DSRM06_DOI,0.4476892131101178
8,320,Java,0.44726180104129964
8,284,Data_mart,0.4464411672592923
8,249,Television_advertisement,0.4462321051085051
8,71,Weka,0.44400074042915416
8,233,Weka,0.44400074042915416
8,95,Corporate communication,0.443349548745825
8,246,Mobile_marketing,0.4428287378348096
8,61,Grid_computing,0.4426326640798527
8,62,Grid computing,0.4426326640798527
8,88,Business Management,0.44235094874893743
8,140,DSRM06_TCAIPSIS,0.44098750541854326
8,81,E-commerce,0.44049556540777624
8,59,Cloud_Computing,0.4387856566460542
8,65,Cloud Computing,0.4387856566460542
8,99,IsOperationsResearchReallyResearch,0.43843089522211676
8,196,DSRM03_IORRR,0.43843089522211676
8,44,Important_Methods_For_Statistical_Data_Analysis,0.43841988935065435
8,136,DSDA02_IMFSDA,0.43841988935065435
8,203,DSDM04_Data_Sharing,0.43828720080885397
8,168,DSDK02_S,0.4382692464086635
8,254,Supervised_Learning,0.4379405040478981
8,255,Supervised Learning,0.4379405040478981
8,73,Octave,0.43776343715874355
8,235,Octave,0.43776343715874355
8,58,Hortonworks,0.43599010128925764
8,295,Database,0.43520570911614676
8,66,SAS,0.4338384557243431
8,229,SAS,0.4338384557243431
8,314,SAS,0.4338384557243431
8,92,Project management,0.4321131010526129
8,57,Distributed Computing,0.43156831710287147
8,63,Distributed_Computing,0.43156831710287147
8,118,DSDA05_Platforms3,0.4303608384996027
8,7,Master_of_Science,0.43013125592344714
8,197,DSDK01_BP,0.4291847708418912
8,285,Microsoft_SQL_Server,0.42875188268257314
8,64,Hadoop,0.4283851930057476
8,213,DSDA03_DA,0.4283066023159662
8,311,C,0.4266385982024803
8,244,MarketingMix,0.42619741694303814
8,153,DSDM04_DL,0.4260925463503983
8,208,DSDA04_DB2,0.42395833528803073
8,171,DSDK02_HTDBDCS,0.4237037213639967
8,259,Information_Retrieval,0.42307317874650574
8,263,Information Retrieval,0.42307317874650574
8,323,System_programming,0.42247902531068426
8,199,DSDA04_DB,0.4222750663741036
8,125,DSDA03_HPACIDM,0.422262411594051
8,23,Mathematics,0.4220558034784345
8,152,DSDA04_DB3,0.4220022484930579
8,8,Master_degree,0.42106660595350265
8,160,DSENG02_CS2,0.4210508426268258
8,16,BiomedicalEngineers2,0.42002114178667616
8,162,DSDM01_Data_Management_Sample_Plan,0.41855423734024577
8,15,Master_of_Laws,0.41741847843589885
8,216,DSDM03_DCAI,0.41736116129251055
8,4,Chemistry_Quality_Eurolabels,0.417222772206
8,281,Database2,0.4170874556389994
8,273,MongoDB,0.4153529380172871
8,322,PHP,0.415120433259043
8,70,SPSS,0.41389281929923716
8,232,SPSS,0.41389281929923716
8,79,Software,0.4134330762452647
8,241,Software,0.4134330762452647
8,214,DSENG04_RNRD,0.4134193395333876
8,292,DSENG04_Relational_non-relational_databases,0.4134193395333876
8,256,Data_mining,0.4126811753503742
8,267,Data mining,0.4126811753503742
8,332,Software_developer,0.41176759530196305
8,308,Product,0.41038299216367125
8,200,DSDM01_Data_Management,0.4096512774997396
8,78,Mathematica,0.40895438140829543
8,240,Mathematica,0.40895438140829543
8,112,DSDM05_FDDTDC,0.40838673144086224
8,40,StatisticalTechniques,0.4081945976511312
8,154,DSDA02_ST,0.4081945976511312
8,27,FinanceCapitalism,0.40805424577069793
8,149,DSENG03_ATFDM,0.40668572170825135
8,218,DSENG03_DM3,0.40377007538186893
8,87,Business communication,0.40369518082450284
8,143,DSDK06_Marketing,0.40020691763682836
8,179,DSDA05_Platforms1,0.3995445151377961
8,211,DSDA06_DVT,0.3978730468534366
8,43,List_of_statistical_packages,0.3978511104301763
8,141,DSDA02_LOSP,0.3978511104301763
8,22,List_of_statistical_packages,0.3973722088116163
8,69,List_of_statistical_packages,0.3973722088116163
8,146,DSENG05_DS2,0.3971791736035073
8,296,Elasticsearch,0.39530651071014344
8,38,Stock_Trader,0.3930521426328575
8,275,ODBMS,0.3928099317446718
8,32,Financial_market,0.39278124613811016
8,39,A_Guide_to_Statistical_Techniques,0.38727980575276355
8,194,DSDK03_SFM,0.3867641336570581
8,210,DSDM03_DI3,0.38622518475089573
8,326,Julia,0.3850803812401993
8,165,DSDA04_DB4,0.38441108400073043
8,19,_BiomedicalEngineers,0.38365242805873856
8,105,DSRM02_Systematic_study,0.38338552952708826
8,148,DSRM02_SysS,0.38338552952708826
8,178,DSRM04_DSAAP,0.3812248217672318
8,306,MarketPenetration,0.38094474006927104
8,147,DSDM03_DI2,0.380367415973219
8,0,First_professional_degree,0.38035235038810633
8,174,DSDA03_BDTA,0.38024965343272976
8,34,FinancialRegulation,0.380038099312185
8,108,RM1,0.3788297208288378
8,115,DSRM06_RM1,0.3788297208288378
8,135,DSRM01_RM1,0.3788297208288378
8,221,DSRM06_Ing,0.37835596145475936
8,11,Educational_specialist,0.3765350865031587
8,268,Statistical method,0.3752466608957239
8,271,Statistical_method,0.3752466608957239
8,75,GATE,0.3750200262743675
8,237,GATE,0.3750200262743675
8,250,Viral_marketing,0.37435061977358
8,181,DSDM04_DA,0.37414669792765776
8,126,DSENG04_DB3,0.37360446423499005
8,294,DB3,0.37360446423499005
8,76,KNIME,0.3731888084692916
8,238,KNIME,0.3731888084692916
8,113,DSDM05_DP,0.3728686953310394
8,309,RequirementsManagement,0.3723674338305639
8,36,Stock_Exchange,0.3714136814496536
8,134,DSDK04_HBDATCHYO,0.37011318585841146
8,164,DSENG02_CS,0.36970424615289144
8,103,DSRM01_Scientific_method,0.3687049230327095
8,192,DSRM01_SM,0.3687049230327095
8,74,MATLAB,0.3685899362224968
8,236,MATLAB,0.3685899362224968
8,47,Summary_Table_for_Statistical_Techniques,0.36845686418754275
8,220,DSENG03_DM5,0.3683168514531854
8,321,Objective-J,0.365761513846236
8,169,DSDM03_DI4,0.3650312202067023
8,190,DSDA06_SV,0.36501022711103204
8,120,DSENG04_DB6,0.3632741744965613
8,280,DB6,0.3632741744965613
8,5,Terminal_degree,0.3622546277412837
8,225,DSDM04_DG,0.36197461101434314
8,228,DSENG03_DM4,0.36128650765773096
8,257,Clustering,0.3606946679217927
8,83,Types_of_e-commerce,0.35732704868791276
8,111,SS,0.356838844683107
8,116,DSRM02_SS,0.356838844683107
8,49,Executive_search,0.3558662558539407
8,124,DSENG04_DB2,0.3549362686578048
8,274,DB2,0.3549362686578048
8,291,NoSQL,0.35329352264863334
8,173,DSENG04_DB1,0.3528623070991306
8,278,DB1,0.3528623070991306
8,56,Human_resource_consulting,0.352492494126757
8,277,RDBMS,0.35201125143851697
8,54,Employment_agency,0.35073657883163745
8,17,Biomedicine,0.3507007247823615
8,252,Unsupervised_learning,0.35014266837862973
8,266,Unsupervised learning,0.35014266837862973
8,77,Waffles,0.34919730278402383
8,239,Waffles,0.34919730278402383
8,260,Categorization,0.34865216524614695
8,288,Oracle_Database,0.3483784834294579
8,328,Software_architecture,0.34703073526017914
8,313,pbdR,0.34647937281411023
8,191,DSDM06_IPRIDM,0.34536683316212136
8,150,DSRM04_EAP,0.3449665020177488
8,145,DSDK02_BDNPD,0.342211118584556
8,155,DSDK05_ACD,0.34170795399082965
8,97,UndergraduateResearch,0.3398050433349762
8,101,RM5,0.3389868790590844
8,206,DSRM01_RM5,0.3389868790590844
8,72,Oracle Data Mining,0.33733095986848993
8,80,Oracle_Data_Mining,0.33733095986848993
8,234,Oracle Data Mining,0.33733095986848993
8,242,Oracle_Data_Mining,0.33733095986848993
8,117,DSENG06_AA,0.33440938308743073
8,96,ScholarlyMethod,0.333989409644769
8,163,DSDM05_Data_Steward,0.33374970662461334
8,156,DSENG03_DM1,0.33301565309377223
8,157,DSDK04_Analytical_Support_Introduction,0.33214799577846343
8,51,Employment_websites,0.3313307196505464
8,159,DSDM03_DI5,0.3309388286556445
8,3,Master_of_Applied_Science,0.3278414967621357
8,310,C--,0.32583189913928634
8,215,DSENG05_DS1,0.3242263302265298
8,186,DSENG02_CS3,0.3203626143851763
8,82,Online_marketplace,0.3202483169200001
8,110,FrascatiDefinitionofResearch,0.3192781181630263
8,161,DSRM03_FDOR,0.3192781181630263
8,109,Primary_Research,0.31343151990913587
8,207,DSENG06_BDAA,0.3117263350138568
8,303,VirtualProductDevelopment,0.31011090576737865
8,85,Non-store_retailing,0.30999920441787543
8,86,Digital_economy,0.3086338191858724
8,189,DSENG04_DB5,0.3081669330066067
8,279,DB5,0.3081669330066067
8,119,DSDK01_BPD,0.3071203536707092
8,290,SPARQL,0.306213023125399
8,45,Correlation,0.3058495631852587
8,139,DSDA02_CoR,0.3058495631852587
8,60,Cloudera,0.30577787176614546
8,251,Video_commerce,0.3045610333316938
8,183,DSDM06_EIIDM,0.3040611002903688
8,100,Secondary_research,0.3040352800995638
8,286,IBM_DB2,0.30253903294196605
8,226,DSDM02_DBMS-Data_Models,0.30112940679185063
8,144,DSENG06_LORS,0.2964912285873751
8,272,Apache_HBase,0.29609291478921973
8,167,DSRM04_SP,0.29587406254902504
8,300,Time_toMarket,0.29518869264807046
8,33,Financial_market_efficiency,0.2948530596316077
8,14,Professional_Science_Master's_Degree,0.29032760450633044
8,205,DSDM05_DFM,0.28915296095385945
8,50,Personality-job_fit_theory,0.28481473023246673
8,227,DSENG05_SSM,0.28433738807146236
8,30,Financial_instrument,0.28016855479412595
8,84,E-commerce_credit_card_payment_system,0.27940265648085183
8,67,JMP,0.27678119987802274
8,230,JMP,0.27678119987802274
8,331,Transact-SQL,0.2734314833463447
8,304,Product_life-CycleManagement,0.2717846862649901
8,289,Databases,0.27005591455744316
8,151,DSENG02_CS1,0.2693118143668156
8,298,db,0.26892446590828545
8,247,Interactive_advertising,0.2685644976386248
8,9,European_Joint_Master_degree_in_Economics,0.2545345853212917
8,48,Executive_search_firms,0.24292285467812447
8,222,DSDK04_AS,0.24185564484141953
8,307,Pro-innovation_bias,0.2325866646235757
8,243,Co-marketing,0.2257225961729642
8,53,Employment_agencies,0.22119355769549665
8,269,Classification,0.21944178640431078
8,187,DSRM04_SPIA,0.21670206987626617
8,142,DSDA05_BDAP,0.21602741770769662
8,248,Meta-advertising,0.20801999679873107
8,224,DSENG03_DM2,0.20430313468824313
8,166,DSDM03_DI1,0.19043139880493687
8,293,database,0.1850386530785897
8,158,DSENG06_OR,0.1800955758657392
8,202,DSENG05_DS4,0.17926400376589702
8,35,Investment_theory,0.16376704739147097
8,21,Lists_of_mathematics_topics,0.14651461422363554
8,195,DSDA04_DI,0.1259362793877674
8,302,productDevelopment,0.09322700299011266
9,113,DSDM05_DP,0.6412404824837753
9,170,DSDK03_SM,0.5424401957530328
9,89,Business,0.5419534434749729
9,6,Doctor_of_Philosophy,0.5411911701749382
9,112,DSDM05_FDDTDC,0.5368943539882876
9,104,RM4,0.5355257312519103
9,128,DSRM01_RM4,0.5355257312519103
9,217,DSRM06_SM,0.5283201712219144
9,193,DSDA03_AFDM,0.5265284780710926
9,297,PostgreSQL,0.5205920619260141
9,168,DSDK02_S,0.5168231913773726
9,204,DSENG01_EP,0.5152807184300534
9,130,DSDM01_DMC,0.514474482249553
9,264,Predictive Analytics,0.5092196318605648
9,270,Predictive_Analytics,0.5092196318605648
9,20,Statistics,0.5071879731522883
9,41,Statistics,0.5071879731522883
9,131,DSDA02_Stat,0.5071879731522883
9,133,DSDA01_PA,0.5068965590299381
9,102,RM3,0.5054079639626188
9,219,DSRM01_RM3,0.5054079639626188
9,246,Mobile_marketing,0.5048433858364858
9,253,Statistics,0.5040825512108758
9,127,DSDA05_Platforms2,0.5012591269021851
9,129,DSDM01_DMCP,0.5010961253816656
9,153,DSDM04_DL,0.4994187414483674
9,160,DSENG02_CS2,0.49774296645632554
9,2,Bachelor_degree,0.49691672232666806
9,220,DSENG03_DM5,0.496148322281627
9,26,Financial_economics,0.49580198683584276
9,73,Octave,0.49525501004898187
9,235,Octave,0.49525501004898187
9,23,Mathematics,0.4940302177079281
9,213,DSDA03_DA,0.4932176352267248
9,318,Ruby,0.49258412506230964
9,324,Scala,0.4925279467397783
9,223,DSDA05_DV,0.4923466716537679
9,174,DSDA03_BDTA,0.4902489792303555
9,176,DSDA04_DB1,0.48967536753501095
9,333,R,0.4893472077637995
9,209,DSDK03_The_Significance_Of_Management_Information_Systems_For_Enhancing_Strategic_And_Tactical_Planning,0.4891788830399295
9,301,New_product_development,0.4878888947147346
9,322,PHP,0.48430954054548925
9,46,DataAnalytics,0.48335176566704874
9,123,DSDA02_DA,0.48335176566704874
9,132,DSENG06_DB,0.48260802180048523
9,24,Math_Stats_tools,0.48252349767482516
9,312,Computer_Programming,0.47872075998089747
9,287,CouchDB,0.47775329117681
9,197,DSDK01_BP,0.4776136673454232
9,18,BiomedicalEngineering,0.47759294521970963
9,177,DSDM02_DM101,0.47666209624214884
9,214,DSENG04_RNRD,0.47541102493489507
9,292,DSENG04_Relational_non-relational_databases,0.47541102493489507
9,81,E-commerce,0.47478236664747775
9,171,DSDK02_HTDBDCS,0.4746875184919406
9,282,MonetDB,0.47278236262839335
9,198,DSDK03_TROFITSPADMP,0.4724237172742014
9,91,Job interview,0.4717138277977182
9,1,Master's_degree_in_Europe,0.4714379205695316
9,249,Television_advertisement,0.4710654449737166
9,52,Human_resource_management,0.4703361070190535
9,61,Grid_computing,0.4700389637595205
9,62,Grid computing,0.4700389637595205
9,95,Corporate communication,0.46831677959152596
9,245,Advertising,0.4678280012344115
9,244,MarketingMix,0.4663878814379221
9,180,DSRM06_DOI,0.4659830503768171
9,179,DSDA05_Platforms1,0.4654758947452433
9,134,DSDK04_HBDATCHYO,0.46256230042694235
9,258,Machine learning,0.46183835345331026
9,261,Machine_learning,0.46183835345331026
9,42,6_BASIC_STATISTICAL_TOOLS,0.4600122590273864
9,138,DSDA02_BST,0.4600122590273864
9,299,Data_warehouse,0.45929108407547137
9,319,C++,0.45823235293002584
9,78,Mathematica,0.4560777242355294
9,240,Mathematica,0.4560777242355294
9,122,DSDK06_ADFM,0.45510919027907293
9,327,Python,0.45491305639484914
9,143,DSDK06_Marketing,0.45464365515186966
9,55,Onboarding,0.4545559761070168
9,13,Master_of_Engineering,0.45409058833595095
9,74,MATLAB,0.45376079101339684
9,236,MATLAB,0.45376079101339684
9,37,Finance,0.4521591643669731
9,90,Business Intelligence,0.4505425828639039
9,311,C,0.45020614689005334
9,208,DSDA04_DB2,0.44945055625760877
9,7,Master_of_Science,0.4486988380018989
9,199,DSDA04_DB,0.44863412624272936
9,165,DSDA04_DB4,0.4479870466429581
9,250,Viral_marketing,0.4478644657569526
9,259,Information_Retrieval,0.4471337582028809
9,263,Information Retrieval,0.4471337582028809
9,256,Data_mining,0.4470359207021821
9,267,Data mining,0.4470359207021821
9,68,Git,0.44689068026253587
9,231,Git,0.44689068026253587
9,329,JavaScript,0.44632346609913176
9,295,Database,0.44528279141413074
9,216,DSDM03_DCAI,0.44503431466564636
9,92,Project management,0.4441305270588959
9,88,Business Management,0.44190448253522485
9,181,DSDM04_DA,0.4417478384823723
9,86,Digital_economy,0.4416253886370145
9,315,Programmer,0.4410752366666576
9,12,Graduate_school,0.4408735788300294
9,10,Engineer_degree,0.44046257329301086
9,29,Mathematical_finance,0.43891962216226177
9,118,DSDA05_Platforms3,0.43831155337061156
9,31,Corporate_finance,0.43816347731692973
9,172,DSDM01_DMP,0.4380382196113597
9,276,MySQL,0.4378025266555634
9,262,Text mining,0.43635978600826064
9,265,Text_mining,0.43635978600826064
9,125,DSDA03_HPACIDM,0.435745979908305
9,200,DSDM01_Data_Management,0.43557565399723863
9,211,DSDA06_DVT,0.4347943432635206
9,325,PL-SQL,0.4321572348141449
9,212,DSENG04_DB4,0.4321304067475129
9,283,DB4,0.4321304067475129
9,38,Stock_Trader,0.431625915496205
9,320,Java,0.4312709078444019
9,87,Business communication,0.43019948467068414
9,56,Human_resource_consulting,0.42878255486303907
9,59,Cloud_Computing,0.42790758316933464
9,65,Cloud Computing,0.42790758316933464
9,44,Important_Methods_For_Statistical_Data_Analysis,0.4265252569183575
9,136,DSDA02_IMFSDA,0.4265252569183575
9,332,Software_developer,0.4263377361540137
9,186,DSENG02_CS3,0.42534567196566364
9,201,DSDM02_DM,0.424903972156937
9,225,DSDM04_DG,0.42188986121377536
9,305,CAD,0.42121043658020074
9,39,A_Guide_to_Statistical_Techniques,0.4209468450153231
9,107,RMO,0.42091571638465375
9,175,DSRM05_RMO,0.42091571638465375
9,260,Categorization,0.42090296929078996
9,317,Objective-C,0.4204764947291948
9,28,CapitalMarket,0.41862183651742546
9,145,DSDK02_BDNPD,0.41778981218320554
9,94,Business Model,0.41716341247744104
9,8,Master_degree,0.4170225214358896
9,64,Hadoop,0.41622813542363446
9,316,C_Sharp,0.41588280583799897
9,328,Software_architecture,0.41547468632977136
9,178,DSRM04_DSAAP,0.4152596114108418
9,334,Computer_network,0.41456114589160376
9,330,Software_engineer,0.4139156684666714
9,281,Database2,0.4137925243582099
9,275,ODBMS,0.4124921206129575
9,111,SS,0.41216747750064675
9,116,DSRM02_SS,0.41216747750064675
9,182,DSDA05_CDV,0.41199281544668276
9,203,DSDM04_Data_Sharing,0.4114551987858157
9,0,First_professional_degree,0.4111266536649616
9,326,Julia,0.41085038087472303
9,25,Financial_services,0.41006928743494386
9,157,DSDK04_Analytical_Support_Introduction,0.4088331415738108
9,76,KNIME,0.4067533931347458
9,238,KNIME,0.4067533931347458
9,308,Product,0.4066747850096021
9,257,Clustering,0.40635368808579364
9,149,DSENG03_ATFDM,0.4053439614182506
9,137,DSDM01_WADMP,0.4036663776376107
9,105,DSRM02_Systematic_study,0.40303645774094343
9,148,DSRM02_SysS,0.40303645774094343
9,93,Service-oriented modeling,0.40259280104897033
9,273,MongoDB,0.40161571929158035
9,218,DSENG03_DM3,0.40146260941900347
9,164,DSENG02_CS,0.40086368856894494
9,284,Data_mart,0.40085899208805964
9,207,DSENG06_BDAA,0.40059949017288266
9,120,DSENG04_DB6,0.40039724621794837
9,280,DB6,0.40039724621794837
9,110,FrascatiDefinitionofResearch,0.3996057789664008
9,161,DSRM03_FDOR,0.3996057789664008
9,210,DSDM03_DI3,0.3990915882057833
9,150,DSRM04_EAP,0.3956228326038247
9,70,SPSS,0.3953237176382136
9,232,SPSS,0.3953237176382136
9,194,DSDK03_SFM,0.39508955427861947
9,291,NoSQL,0.39483936474132264
9,14,Professional_Science_Master's_Degree,0.3945695064329935
9,173,DSENG04_DB1,0.39432547156516384
9,278,DB1,0.39432547156516384
9,155,DSDK05_ACD,0.3940356697804721
9,11,Educational_specialist,0.39385820414968686
9,5,Terminal_degree,0.39323838491262664
9,254,Supervised_Learning,0.392464496537581
9,255,Supervised Learning,0.392464496537581
9,309,RequirementsManagement,0.3924293282312099
9,140,DSRM06_TCAIPSIS,0.3915443165885184
9,147,DSDM03_DI2,0.3912221556852026
9,188,DSDM02_Database_Model,0.39117561563924663
9,3,Master_of_Applied_Science,0.39086838023135906
9,36,Stock_Exchange,0.39081068017348297
9,313,pbdR,0.38919591206660054
9,71,Weka,0.3889272839572603
9,233,Weka,0.3889272839572603
9,303,VirtualProductDevelopment,0.3882579378009132
9,98,RM2,0.38734002217044594
9,184,DSRM01_RM2,0.38734002217044594
9,99,IsOperationsResearchReallyResearch,0.38728916738761143
9,196,DSRM03_IORRR,0.38728916738761143
9,32,Financial_market,0.3867162564545842
9,152,DSDA04_DB3,0.38603591622516187
9,106,DSRM06_Contribute_research_objectives,0.3845477884636105
9,185,DSRM05_CRO,0.3845477884636105
9,57,Distributed Computing,0.3833680358364089
9,63,Distributed_Computing,0.3833680358364089
9,50,Personality-job_fit_theory,0.3832919343302572
9,205,DSDM05_DFM,0.38296171522793987
9,101,RM5,0.3802323934360088
9,206,DSRM01_RM5,0.3802323934360088
9,17,Biomedicine,0.3773074261677756
9,96,ScholarlyMethod,0.375801969437642
9,321,Objective-J,0.3748829562598126
9,221,DSRM06_Ing,0.3728512034953977
9,75,GATE,0.37279560508761767
9,237,GATE,0.37279560508761767
9,228,DSENG03_DM4,0.37082351346123743
9,151,DSENG02_CS1,0.36982537132562143
9,40,StatisticalTechniques,0.3693277255056191
9,154,DSDA02_ST,0.3693277255056191
9,310,C--,0.36932562350083264
9,272,Apache_HBase,0.36907930266832045
9,4,Chemistry_Quality_Eurolabels,0.36894447256887153
9,252,Unsupervised_learning,0.3680048401759368
9,266,Unsupervised learning,0.3680048401759368
9,191,DSDM06_IPRIDM,0.36661420920580334
9,58,Hortonworks,0.3649236927709716
9,83,Types_of_e-commerce,0.3631444603792595
9,79,Software,0.3625047864413009
9,241,Software,0.3625047864413009
9,162,DSDM01_Data_Management_Sample_Plan,0.3614667452576408
9,66,SAS,0.36083894881949663
9,229,SAS,0.36083894881949663
9,314,SAS,0.36083894881949663
9,119,DSDK01_BPD,0.3601566448907334
9,51,Employment_websites,0.35909207186508263
9,16,BiomedicalEngineers2,0.35841384576827084
9,15,Master_of_Laws,0.35800234376433593
9,146,DSENG05_DS2,0.35720877273448415
9,290,SPARQL,0.3567180558854459
9,251,Video_commerce,0.354763817534655
9,49,Executive_search,0.35354267193236033
9,300,Time_toMarket,0.3531037186522432
9,189,DSENG04_DB5,0.352396104702981
9,279,DB5,0.352396104702981
9,34,FinancialRegulation,0.35205144578024883
9,27,FinanceCapitalism,0.3514009814358099
9,183,DSDM06_EIIDM,0.3513558338775702
9,268,Statistical method,0.34985472553180985
9,271,Statistical_method,0.34985472553180985
9,288,Oracle_Database,0.34802276710055
9,22,List_of_statistical_packages,0.34758867118917747
9,69,List_of_statistical_packages,0.34758867118917747
9,43,List_of_statistical_packages,0.34617952513451555
9,141,DSDA02_LOSP,0.34617952513451555
9,285,Microsoft_SQL_Server,0.3457798614487988
9,114,DSDM06_EORDM,0.3451866017162988
9,156,DSENG03_DM1,0.345141725496098
9,19,_BiomedicalEngineers,0.34315275211015195
9,323,System_programming,0.3430605390650536
9,124,DSENG04_DB2,0.3414368956411096
9,274,DB2,0.3414368956411096
9,247,Interactive_advertising,0.3382984846935404
9,126,DSENG04_DB3,0.33750654580892236
9,294,DB3,0.33750654580892236
9,108,RM1,0.3371400085934555
9,115,DSRM06_RM1,0.3371400085934555
9,135,DSRM01_RM1,0.3371400085934555
9,9,European_Joint_Master_degree_in_Economics,0.33658614097274675
9,243,Co-marketing,0.33191366848536186
9,82,Online_marketplace,0.33115855216315415
9,306,MarketPenetration,0.33052626660605333
9,277,RDBMS,0.3304269813911902
9,304,Product_life-CycleManagement,0.3303276904328909
9,163,DSDM05_Data_Steward,0.32670166079538276
9,84,E-commerce_credit_card_payment_system,0.3225034397840787
9,72,Oracle Data Mining,0.3217563410639699
9,80,Oracle_Data_Mining,0.3217563410639699
9,234,Oracle Data Mining,0.3217563410639699
9,242,Oracle_Data_Mining,0.3217563410639699
9,121,DSDM06_ELACIPR,0.31990432918294487
9,169,DSDM03_DI4,0.3178314624535108
9,77,Waffles,0.3168523225764551
9,239,Waffles,0.3168523225764551
9,97,UndergraduateResearch,0.3162879524377975
9,331,Transact-SQL,0.3153601610755219
9,222,DSDK04_AS,0.31521942175894213
9,54,Employment_agency,0.3144812306873982
9,60,Cloudera,0.3012773557635733
9,166,DSDM03_DI1,0.30039618318592376
9,30,Financial_instrument,0.2999878893419441
9,293,database,0.29843576102672587
9,45,Correlation,0.29634498728648984
9,139,DSDA02_CoR,0.29634498728648984
9,298,db,0.29393207501442453
9,226,DSDM02_DBMS-Data_Models,0.29083768610544336
9,248,Meta-advertising,0.29081456542189654
9,286,IBM_DB2,0.2864078559757586
9,187,DSRM04_SPIA,0.2856415659053474
9,47,Summary_Table_for_Statistical_Techniques,0.2845537174806292
9,117,DSENG06_AA,0.2820663591048851
9,85,Non-store_retailing,0.27981135270847757
9,215,DSENG05_DS1,0.2708732809545904
9,190,DSDA06_SV,0.26369383619780384
9,159,DSDM03_DI5,0.26344091885277177
9,144,DSENG06_LORS,0.2616550171551786
9,296,Elasticsearch,0.2597444814388019
9,67,JMP,0.2589648655972314
9,230,JMP,0.2589648655972314
9,269,Classification,0.24900726487110592
9,167,DSRM04_SP,0.24823817458655562
9,48,Executive_search_firms,0.24509573389972727
9,109,Primary_Research,0.24328670965857624
9,103,DSRM01_Scientific_method,0.24300135505065346
9,192,DSRM01_SM,0.24300135505065346
9,53,Employment_agencies,0.24294758908641367
9,33,Financial_market_efficiency,0.2405494184196122
9,307,Pro-innovation_bias,0.23184252587761733
9,35,Investment_theory,0.22430671805103675
9,224,DSENG03_DM2,0.21847412043107794
9,227,DSENG05_SSM,0.20962704991384684
9,195,DSDA04_DI,0.19050914695759436
9,142,DSDA05_BDAP,0.19013916758107563
9,302,productDevelopment,0.16424988956160536
9,21,Lists_of_mathematics_topics,0.16416085465358654
9,289,Databases,0.1604532035243882
9,100,Secondary_research,0.16002487549283972
9,158,DSENG06_OR,0.1595174939492784
9,202,DSENG05_DS4,0.14608962224577138
