business,0.32521790999999994
mode,0.22898103
model,0.22457929000000001
process,0.18405655
bi,0.18098029999999998
project,0.1733518
interview,0.16632660999999999
management,0.14940965
ad,0.13014345000000002
organization,0.12782662
form,0.10556764999999999
data,0.09729335
business_model,0.09107407000000001
design,0.07838689000000001
modeling,0.07787047
communication,0.0773637
structure,0.07158927
corporate,0.06251984000000001
bpm,0.06025052
eat,0.059015990000000004
applicant,0.05645481
processes,0.055500169999999995
relations,0.05208281
business_process,0.05106064999999999
project_management,0.050040799999999996
software,0.049487489999999995
intelligence,0.04821115
organizations,0.045119370000000006
ability,0.0448007
interviewer,0.03955217
models,0.03910951
analysis,0.03870601
cloud,0.03699284
include,0.03663596
method,0.036472130000000005
public,0.03573306
main,0.03494566
dr,0.034470429999999996
business_intelligence,0.03434576
approach,0.03381857
set,0.033567440000000004
applicants,0.03346722
refer,0.03280121
activities,0.03260804
projects,0.03037671
questions,0.03000624
media,0.029598000000000003
architecture,0.02875491
message,0.02861366
cost,0.02742116
environment,0.02709998
internal,0.0269113
business_models,0.02681892
customer,0.025919950000000004
issue,0.02581817
deliver,0.02508478
based,0.024438579999999998
behavior,0.024414439999999996
planning,0.024103660000000002
hold,0.0231881
report,0.02269948
require,0.022694509999999998
tool,0.02267747
specific,0.02249233
somf,0.02233567
brand,0.02216504
interviews,0.021973430000000002
real,0.02179356
level,0.02168018
decision,0.021627929999999997
needed,0.021308619999999997
companies,0.0206692
opt,0.020626429999999998
document,0.02039902
companys,0.02032622
frame,0.02017437
identity,0.01998426
text,0.01970604
late,0.019538190000000004
individual,0.0191823
issues,0.01888154
process_management,0.018833459999999996
practice,0.01872587
provide,0.01872125
candidate,0.0185929
business_processes,0.01816249
standard,0.01811035
types,0.01766369
success,0.01717983
benefit,0.01716438
order,0.01674313
asks,0.01669813
reputation,0.016349660000000002
engineering,0.01626006
viewers,0.01619816
interviewers,0.015888470000000002
case,0.01581495
effective,0.01556295
hand,0.015063449999999999
communications,0.01500022
managers,0.01482613
including,0.014762210000000001
step,0.014696099999999998
technical,0.01467772
program,0.014601240000000001
relationship,0.014349829999999997
context,0.01412138
marketing,0.01387915
state,0.013732060000000003
common,0.013380379999999999
defined,0.01306005
positive,0.01304801
major,0.013022990000000002
methods,0.013019649999999997
employees,0.01271102
making,0.01270367
role,0.012505460000000001
factor,0.01237373
resources,0.01224455
objective,0.01224296
depend,0.012227400000000001
social,0.011876629999999999
public_relations,0.011729259999999998
influence,0.011604290000000001
factors,0.01141631
presentation,0.011259090000000001
perceive,0.01119585
place,0.010796650000000001
attractive,0.010789320000000002
individuals,0.01076072
audience,0.010732450000000001
read,0.01052688
language,0.01048187
situation,0.01045126
stage,0.0104343
determine,0.01041532
works,0.01040609
actions,0.01037912
internal_communication,0.010301810000000002
association,0.01009488
professional,0.01008215
point,0.01002392
process_model,0.01002211
media_relations,0.00999213
model_design,0.009979140000000001
connect,0.009919
skills,0.00987206
establish,0.00973342
decisions,0.00972898
target,0.00944993
includes,0.00939966
distinct,0.009389910000000001
department,0.00938729
challenge,0.0093142
steps,0.0092764
purpose,0.00926952
tea,0.009113079999999999
audiences,0.00887437
corporate_communication,0.00887437
good,0.008785669999999999
considered,0.00878246
phone,0.00876484
refers,0.00871604
international,0.00848036
early,0.00846121
environments,0.0084591
delivery,0.008385730000000001
project_control,0.008340130000000001
modeling_style,0.00829611
interview_question,0.00811326
messages,0.008073710000000001
online,0.00800418
references,0.00791989
management_bpm,0.0079017
understand,0.007861209999999999
interview_questions,0.00777521
verbal,0.00769009
interaction,0.0074779700000000005
answer,0.00740879
oral,0.007233719999999999
successful,0.007177320000000001
communicate,0.00712137
involves,0.00708776
partner,0.0070627400000000005
small,0.00702503
visual,0.0070104699999999995
react,0.00699222
location,0.00690199
lean,0.00685505
event,0.00667249
consideration,0.00665727
behavioral,0.00661436
correct,0.00654022
nonverbal,0.0063662499999999995
access,0.0063438
perception,0.0062070599999999995
business_activity,0.00605907
working,0.005927980000000001
performed,0.0059039
advertising,0.005859110000000001
business_data,0.00575314
software_entities,0.00574346
things,0.005736100000000001
study,0.00566991
consumers,0.00566679
boards,0.00562209
check,0.005594999999999999
matter,0.005483200000000001
data_warehouse,0.00544621
acted,0.005433480000000001
negative,0.00538048
produce,0.00532931
body,0.005105800000000001
analysis_modeling,0.0051053
percent,0.00507958
applicants_disabilities,0.0050707999999999994
reports,0.005010950000000001
video,0.004995019999999999
print,0.00490834
play,0.004900379999999999
directly,0.0048582700000000005
sell,0.0048556
project_plan,0.00485066
great,0.004835450000000001
address,0.004783580000000001
practitioners,0.00476936
breakdown_structure,0.004765790000000001
compose,0.00476235
party,0.00475465
involved,0.0047081399999999995
takes,0.0046743
nature,0.00463971
facetoface,0.004562500000000001
internet,0.00452022
requires,0.00446941
message_exchange,0.00446713
software_component,0.00446713
meaning,0.00445556
communicating,0.00445047
clear,0.00443437
frequent,0.004424450000000001
size,0.00441957
interview_ratings,0.00439469
eye,0.00438914
statement,0.00434642
expected,0.00431342
accept,0.00429528
understanding,0.004294839999999999
incorporate,0.00426102
phase_project,0.0042549400000000005
telephone,0.00425283
respond,0.0042479200000000005
essential,0.00424287
writing,0.00421457
helps,0.0041816
topic,0.0041061299999999995
write,0.0040301799999999995
called,0.00397537
america,0.0039707
affect,0.00394747
single,0.00389032
easily,0.00387403
encompasses,0.0038570500000000003
modeling_generations,0.00382897
modeling_framework_somf,0.00382897
respect,0.0038123099999999997
publication,0.00378827
involving,0.0037436699999999997
business_model_business_model,0.00374218
interview_process,0.00371858
interview_applicant,0.00371858
tone,0.00370649
contribute,0.00365162
community,0.00362268
design_process,0.0035868300000000005
gain,0.0035714300000000004
popular,0.00353394
speak,0.00351997
organisation,0.0034817
material,0.0034792900000000003
suggests,0.00343206
society,0.0034083599999999996
business_communication,0.00340648
business_users,0.00340389
data_sources,0.00340389
employers,0.00335216
depends,0.0033485299999999997
fields,0.0033162700000000005
understood,0.0032971100000000002
contents,0.0032946000000000004
spend,0.0032763799999999997
contact,0.0032430000000000002
ads,0.00322162
software_components,0.00319081
modeling_activities,0.00319081
proved,0.00317236
target_audience,0.0031645799999999997
design_business,0.0031329400000000003
memo,0.0030986799999999995
subliminal,0.0030968000000000002
meeting,0.0030778999999999997
management_business,0.00303004
development_process,0.0030210500000000004
processes_business,0.00297296
business_process_management_bpm_discipline,0.0029631400000000004
internet_things,0.0029631400000000004
sales,0.00291396
effectiveness,0.00290534
voice,0.00290254
business_case,0.00289106
images,0.00288339
simply,0.00286269
ken,0.0028580100000000002
reach,0.0028572100000000002
message_stakeholders,0.0028548999999999996
signals_organization_broadcasts,0.0028548999999999996
companys_products,0.0028548999999999996
image_reputation,0.0028548999999999996
mutual,0.00284787
attention,0.00282649
choice,0.0028155
draft,0.00280592
topics,0.00277763
presentations,0.0027559499999999996
interested,0.00275129
maintaining,0.00272484
takes_place,0.00272484
bi_portals,0.0027231
bi_project,0.0027231
quality_data,0.0027231
term_business_intelligence,0.0027231
speech,0.00272291
types_questions,0.00270442
employment_interview,0.00270442
basis,0.00269258
dedicated,0.0026849599999999997
paper,0.00268072
word,0.00266169
evaluate,0.00264961
calls,0.00262123
delivered,0.00261633
design_modeling,0.00261359
long,0.00260034
adopted,0.00259036
policy,0.00258328
abstraction_level,0.00255265
components_flows,0.00255265
pipes_platforms,0.0024947800000000003
business_model_frameworks,0.0024947800000000003
reader,0.00248177
writer,0.00248177
expectations,0.0024132299999999997
programs,0.0024132299999999997
conflict,0.00238485
process_processes,0.0023828900000000004
chain_project_management,0.0023828900000000004
interviewer_applicant,0.00236637
largest,0.00236082
choose,0.00234267
organization_business,0.0023093999999999996
education,0.00228559
conferencing,0.0022812500000000003
master,0.0022669599999999997
business_logic,0.0022351100000000002
sharing,0.00223351
landscape,0.00222417
checking,0.00222417
finally,0.00218173
venture,0.00218173
goals_objectives,0.00218117
channels,0.00218077
representative,0.0021772400000000004
send,0.00216776
listen,0.00216776
europe,0.0021528
observe,0.00212049
availability,0.00209685
planned,0.00209685
print_media,0.0020467999999999997
bi_software,0.00204233
bi_solution,0.00204233
data_data,0.00204233
business_decision,0.00204233
data_visualization,0.00204233
business_knowledge,0.00204233
interview_candidate,0.00202832
influence_interviewer,0.00202832
selection_process,0.00202832
performance_interview,0.00202832
dont,0.00200462
biases,0.00199995
rich,0.00198091
overcome,0.00198091
closely,0.00197817
mind,0.00197624
process_execution,0.00197543
enterprise_software,0.00197543
goals_bpm,0.00197543
validation_document,0.00197543
steps_process,0.00197543
process_definition,0.00197543
concerned,0.0019735
pitch,0.0019715699999999997
business_operations,0.00192817
commercial,0.00192382
published,0.0019210899999999999
included,0.0019195700000000002
modeling_language,0.00191449
architecture_modeling,0.00191449
cloud_boundary,0.00191449
north,0.00190959
ready,0.0018958500000000001
express,0.00189119
business_modeling,0.00188556
proposition_architecture,0.00187109
accounting_standards,0.00187109
business_models_design,0.00187109
bm_framework,0.00187109
model_design_business,0.00187109
revising,0.00185808
drafting,0.00185808
scientific,0.00183877
choosing,0.00183445
process_groups,0.00178717
project_execution,0.00178717
project_management_processes,0.00178717
structure_wbs,0.00178717
roles_responsibilities,0.00178717
project_success,0.00178717
development_organizations,0.00178717
respective,0.00173713
excellence,0.00173713
communication_takes,0.00173713
reputation_management,0.00173713
communication_takes_place,0.00173713
stress_interview,0.00169027
interview_score,0.00169027
interview_applicants,0.00169027
improved,0.0016712399999999998
process_management_business,0.0016684900000000001
title,0.00166656
showing,0.00166656
video_conferencing,0.0016619
eye_contact,0.0016619
oneself,0.0016619
interpersonal,0.0016619
waiting,0.0016354499999999999
forward,0.0016354499999999999
easier,0.0016354499999999999
cues,0.0016335199999999999
facilitates,0.0016286200000000001
gathered,0.0016286200000000001
architecture_soa,0.00162587
