5,181,DSDM04_DA,0.13994827173501612
5,36,Stock_Exchange,0.13787773662247516
5,328,Software_architecture,0.13771082707580806
5,44,Important_Methods_For_Statistical_Data_Analysis,0.13738293983819871
5,136,DSDA02_IMFSDA,0.13738293983819871
5,37,Finance,0.13730240046448539
5,281,Database2,0.13667315601235708
5,77,Waffles,0.13614272827470986
5,239,Waffles,0.13614272827470986
5,17,Biomedicine,0.13558320260743495
5,162,DSDM01_Data_Management_Sample_Plan,0.13514173823484543
5,273,MongoDB,0.13496567954315575
5,95,Corporate communication,0.13400057807856858
5,327,Python,0.13368693621424899
5,85,Non-store_retailing,0.13350830618447762
5,112,DSDM05_FDDTDC,0.1334853892154273
5,78,Mathematica,0.1334831800752765
5,240,Mathematica,0.1334831800752765
5,197,DSDK01_BP,0.133272339560222
5,4,Chemistry_Quality_Eurolabels,0.13214922350548508
5,29,Mathematical_finance,0.1307830523199538
5,1,Master's_degree_in_Europe,0.13077542076371518
5,188,DSDM02_Database_Model,0.12957479396049498
5,244,MarketingMix,0.12891042142473352
5,195,DSDA04_DI,0.128459192645211
5,147,DSDM03_DI2,0.12744106810701317
5,28,CapitalMarket,0.12670244198154168
5,303,VirtualProductDevelopment,0.1265543123959847
5,102,RM3,0.12640060765257977
5,219,DSRM01_RM3,0.12640060765257977
5,137,DSDM01_WADMP,0.12633001834674573
5,96,ScholarlyMethod,0.1255325209456175
5,9,European_Joint_Master_degree_in_Economics,0.12532365407057666
5,51,Employment_websites,0.1232770286145971
5,152,DSDA04_DB3,0.12264672108244201
5,178,DSRM04_DSAAP,0.1222984886905526
5,216,DSDM03_DCAI,0.12210523066948831
5,315,Programmer,0.12179673380826339
5,130,DSDM01_DMC,0.12136268643843917
5,318,Ruby,0.12000859017192533
5,45,Correlation,0.11909047664369143
5,139,DSDA02_CoR,0.11909047664369143
5,88,Business Management,0.11906676455818144
5,143,DSDK06_Marketing,0.11782932316266004
5,254,Supervised_Learning,0.11763209580407918
5,255,Supervised Learning,0.11763209580407918
5,243,Co-marketing,0.11763162459203014
5,277,RDBMS,0.1173887479790987
5,56,Human_resource_consulting,0.1167366229815916
5,296,Elasticsearch,0.11624591595512346
5,177,DSDM02_DM101,0.11563801090113024
5,48,Executive_search_firms,0.11537182990962902
5,8,Master_degree,0.11526519794596246
5,144,DSENG06_LORS,0.11386416207618189
5,322,PHP,0.11327553301456816
5,34,FinancialRegulation,0.11319623589182226
5,98,RM2,0.11315202574702932
5,184,DSRM01_RM2,0.11315202574702932
5,312,Computer_Programming,0.11279510304794083
5,210,DSDM03_DI3,0.11234956428468323
5,106,DSRM06_Contribute_research_objectives,0.11179742063635845
5,185,DSRM05_CRO,0.11179742063635845
5,108,RM1,0.1105539666489489
5,115,DSRM06_RM1,0.1105539666489489
5,135,DSRM01_RM1,0.1105539666489489
5,38,Stock_Trader,0.10952046154197081
5,317,Objective-C,0.10942442613490688
5,304,Product_life-CycleManagement,0.1092288853823663
5,198,DSDK03_TROFITSPADMP,0.10908341604404914
5,157,DSDK04_Analytical_Support_Introduction,0.10853849738740262
5,15,Master_of_Laws,0.1084020950250234
5,60,Cloudera,0.1065289055691836
5,332,Software_developer,0.10525170550521457
5,99,IsOperationsResearchReallyResearch,0.10379104589806876
5,196,DSRM03_IORRR,0.10379104589806876
5,202,DSENG05_DS4,0.1025673243440588
5,311,C,0.10253444576515014
5,30,Financial_instrument,0.10133362475408159
5,316,C_Sharp,0.0995353578822652
5,121,DSDM06_ELACIPR,0.09932384618055734
5,32,Financial_market,0.09875323981276862
5,82,Online_marketplace,0.09800640855799836
5,200,DSDM01_Data_Management,0.09594911443192367
5,114,DSDM06_EORDM,0.09586912028382766
5,39,A_Guide_to_Statistical_Techniques,0.0957459585643956
5,214,DSENG04_RNRD,0.09498384984968611
5,292,DSENG04_Relational_non-relational_databases,0.09498384984968611
5,211,DSDA06_DVT,0.09481044197382749
5,189,DSENG04_DB5,0.09479184174070132
5,279,DB5,0.09479184174070132
5,100,Secondary_research,0.09061341857769889
5,109,Primary_Research,0.09013606523807915
5,97,UndergraduateResearch,0.08937627510876944
5,324,Scala,0.08916700372991415
5,276,MySQL,0.0891537799783595
5,187,DSRM04_SPIA,0.08856292881262695
5,300,Time_toMarket,0.08672994317503224
5,49,Executive_search,0.08581720370131529
5,83,Types_of_e-commerce,0.0857944511535228
5,58,Hortonworks,0.08578071157865708
5,286,IBM_DB2,0.08323823124317586
5,191,DSDM06_IPRIDM,0.08315972524175186
5,74,MATLAB,0.08294409158192484
5,236,MATLAB,0.08294409158192484
5,295,Database,0.08269360158594852
5,93,Service-oriented modeling,0.0808494809999456
5,25,Financial_services,0.07967131152470175
5,326,Julia,0.07878967052122787
5,201,DSDM02_DM,0.07746609911711988
5,248,Meta-advertising,0.07533557539986901
5,308,Product,0.07508678008359615
5,126,DSENG04_DB3,0.07446664455011853
5,294,DB3,0.07446664455011853
5,35,Investment_theory,0.07388117293237251
5,212,DSENG04_DB4,0.07375499963434795
5,283,DB4,0.07375499963434795
5,163,DSDM05_Data_Steward,0.07371456847449498
5,159,DSDM03_DI5,0.07321899703002821
5,73,Octave,0.07231773155496923
5,235,Octave,0.07231773155496923
5,110,FrascatiDefinitionofResearch,0.07071451307482268
5,161,DSRM03_FDOR,0.07071451307482268
5,302,productDevelopment,0.0700344330425845
5,319,C++,0.06950730908531444
5,329,JavaScript,0.06754785009098208
5,310,C--,0.067109272526085
5,119,DSDK01_BPD,0.06449754196624014
5,321,Objective-J,0.06392183910716565
5,42,6_BASIC_STATISTICAL_TOOLS,0.0601666894812225
5,138,DSDA02_BST,0.0601666894812225
5,306,MarketPenetration,0.059325843066862505
5,298,db,0.05814512877319544
5,79,Software,0.05680703491781358
5,241,Software,0.05680703491781358
5,59,Cloud_Computing,0.056787039651489235
5,65,Cloud Computing,0.056787039651489235
5,275,ODBMS,0.05643078049800121
5,107,RMO,0.05598592449121775
5,175,DSRM05_RMO,0.05598592449121775
5,33,Financial_market_efficiency,0.055442512871252014
5,323,System_programming,0.052283481747221416
5,291,NoSQL,0.050705202929202
5,173,DSENG04_DB1,0.05063814056901805
5,278,DB1,0.05063814056901805
5,320,Java,0.049175069852637865
5,103,DSRM01_Scientific_method,0.04777714811903633
5,192,DSRM01_SM,0.04777714811903633
5,285,Microsoft_SQL_Server,0.047311658135308576
5,325,PL-SQL,0.04476502531183557
5,92,Project management,0.044199964045959494
5,190,DSDA06_SV,0.04246063865238592
5,205,DSDM05_DFM,0.03919369744654588
5,227,DSENG05_SSM,0.03488587098253415
5,226,DSDM02_DBMS-Data_Models,0.03487305788617434
5,307,Pro-innovation_bias,0.03321113637586526
5,215,DSENG05_DS1,0.031118004114149
5,47,Summary_Table_for_Statistical_Techniques,0.029386410752333836
5,288,Oracle_Database,0.02887255603994532
5,331,Transact-SQL,0.02688013153226554
5,111,SS,0.025244311730009295
5,116,DSRM02_SS,0.025244311730009295
5,293,database,0.019826146319768867
5,222,DSDK04_AS,0.016604703891799244
5,11,Educational_specialist,0.0160132467955012
5,167,DSRM04_SP,0.0033821636724349347
5,289,Databases,0.0
6,179,DSDA05_Platforms1,0.7134943561316572
6,134,DSDK04_HBDATCHYO,0.6525272088334412
6,207,DSENG06_BDAA,0.6485887996684113
6,142,DSDA05_BDAP,0.607818742333471
6,174,DSDA03_BDTA,0.5008901947678616
6,213,DSDA03_DA,0.408589103508357
6,168,DSDK02_S,0.3969112593371291
6,118,DSDA05_Platforms3,0.391870128242785
6,264,Predictive Analytics,0.38241275510963557
6,270,Predictive_Analytics,0.38241275510963557
6,133,DSDA01_PA,0.3773718415773357
6,143,DSDK06_Marketing,0.3686069763753952
6,246,Mobile_marketing,0.3666827196012399
6,127,DSDA05_Platforms2,0.3540442143867153
6,125,DSDA03_HPACIDM,0.3491936362534791
6,170,DSDK03_SM,0.331547196485957
6,171,DSDK02_HTDBDCS,0.3179001165444594
6,155,DSDK05_ACD,0.3164599686443358
6,90,Business Intelligence,0.30334969744718265
6,244,MarketingMix,0.30141144465447023
6,243,Co-marketing,0.29682144920512865
6,145,DSDK02_BDNPD,0.2936542625472336
6,208,DSDA04_DB2,0.29109672778527984
6,122,DSDK06_ADFM,0.29102076800081056
6,66,SAS,0.27741779765943275
6,229,SAS,0.27741779765943275
6,314,SAS,0.27741779765943275
6,95,Corporate communication,0.27730229838526854
6,53,Employment_agencies,0.2770877036883641
6,89,Business,0.2694346381867896
6,250,Viral_marketing,0.2673576813125874
6,333,R,0.2552467270364507
6,72,Oracle Data Mining,0.2508744199591406
6,80,Oracle_Data_Mining,0.2508744199591406
6,234,Oracle Data Mining,0.2508744199591406
6,242,Oracle_Data_Mining,0.2508744199591406
6,46,DataAnalytics,0.2448001520539519
6,123,DSDA02_DA,0.2448001520539519
6,193,DSDA03_AFDM,0.24213900175187475
6,245,Advertising,0.2358174757195337
6,262,Text mining,0.23374928463603173
6,265,Text_mining,0.23374928463603173
6,81,E-commerce,0.22650300672116463
6,225,DSDM04_DG,0.22138677353914893
6,157,DSDK04_Analytical_Support_Introduction,0.21475398527414524
6,52,Human_resource_management,0.21423881951876722
6,272,Apache_HBase,0.21235800888665535
6,58,Hortonworks,0.21232520878759786
6,31,Corporate_finance,0.2104527364291865
6,144,DSENG06_LORS,0.2090993631544683
6,301,New_product_development,0.20733645709869375
6,130,DSDM01_DMC,0.20323402049388406
6,200,DSDM01_Data_Management,0.2002938865920143
6,286,IBM_DB2,0.19316875301520242
6,202,DSENG05_DS4,0.19170557134240584
6,198,DSDK03_TROFITSPADMP,0.18958331435835174
6,197,DSDK01_BP,0.18844839466797225
6,194,DSDK03_SFM,0.18806077170809687
6,309,RequirementsManagement,0.18754782410295
6,165,DSDA04_DB4,0.18665940727503139
6,24,Math_Stats_tools,0.18169124712549578
6,195,DSDA04_DI,0.18118300331697035
6,247,Interactive_advertising,0.18044096477107585
6,288,Oracle_Database,0.17891849104129431
6,60,Cloudera,0.17662094420923458
6,256,Data_mining,0.17133951468039865
6,267,Data mining,0.17133951468039865
6,88,Business Management,0.17064611355411552
6,94,Business Model,0.16474646419548178
6,277,RDBMS,0.16337011102636445
6,220,DSENG03_DM5,0.16107803794677433
6,92,Project management,0.1608970452551549
6,304,Product_life-CycleManagement,0.16016210089188743
6,119,DSDK01_BPD,0.1593081836168193
6,166,DSDM03_DI1,0.1579647009763845
6,276,MySQL,0.15760723498099627
6,297,PostgreSQL,0.15706615684494296
6,55,Onboarding,0.1570560357646278
6,299,Data_warehouse,0.1567234558491063
6,228,DSENG03_DM4,0.15533916391560565
6,325,PL-SQL,0.1544533056491515
6,223,DSDA05_DV,0.1530230395925113
6,209,DSDK03_The_Significance_Of_Management_Information_Systems_For_Enhancing_Strategic_And_Tactical_Planning,0.15248623062067845
6,36,Stock_Exchange,0.15123547437697238
6,282,MonetDB,0.1504277808194462
6,29,Mathematical_finance,0.14978089621342094
6,199,DSDA04_DB,0.14974336411163824
6,129,DSDM01_DMCP,0.14955313809888005
6,71,Weka,0.1483324877695451
6,233,Weka,0.1483324877695451
6,117,DSENG06_AA,0.14786352986068407
6,37,Finance,0.14729037578427628
6,146,DSENG05_DS2,0.14391573521196777
6,56,Human_resource_consulting,0.14321354654237217
6,26,Financial_economics,0.14002206998636912
6,162,DSDM01_Data_Management_Sample_Plan,0.13995971143985542
6,176,DSDA04_DB1,0.1393420476004027
6,25,Financial_services,0.13858697117342345
6,300,Time_toMarket,0.13767304933732938
6,169,DSDM03_DI4,0.13622316815525248
6,285,Microsoft_SQL_Server,0.13571815707018553
6,227,DSENG05_SSM,0.1348384227397652
6,289,Databases,0.1346375232174093
6,113,DSDM05_DP,0.13369437439985388
6,132,DSENG06_DB,0.13179918062492535
6,215,DSENG05_DS1,0.12984963489568568
6,153,DSDM04_DL,0.1279666138728417
6,210,DSDM03_DI3,0.1270291390909185
6,249,Television_advertisement,0.12702197953200645
6,38,Stock_Trader,0.12679961083910662
6,216,DSDM03_DCAI,0.12540847361035112
6,147,DSDM03_DI2,0.12173386157589716
6,64,Hadoop,0.12160709811459569
6,32,Financial_market,0.12040729738303957
6,172,DSDM01_DMP,0.1203183369812133
6,180,DSRM06_DOI,0.12007128206099682
6,30,Financial_instrument,0.11920657169789783
6,28,CapitalMarket,0.11749522065532281
6,183,DSDM06_EIIDM,0.11713622241384491
6,34,FinancialRegulation,0.11571670699589187
6,83,Types_of_e-commerce,0.11508973195954963
6,137,DSDM01_WADMP,0.11325814822834313
6,35,Investment_theory,0.11302071322684759
6,303,VirtualProductDevelopment,0.11199066012285253
6,67,JMP,0.11198719437565174
6,230,JMP,0.11198719437565174
6,269,Classification,0.11177034811580666
6,177,DSDM02_DM101,0.11132655908264666
6,27,FinanceCapitalism,0.11121417646557819
6,163,DSDM05_Data_Steward,0.10850668928088691
6,84,E-commerce_credit_card_payment_system,0.10807102641807087
6,214,DSENG04_RNRD,0.10761688579494111
6,292,DSENG04_Relational_non-relational_databases,0.10761688579494111
6,273,MongoDB,0.10721542938525397
6,218,DSENG03_DM3,0.10598643245913819
6,302,productDevelopment,0.10361833587681413
6,308,Product,0.10330603565734309
6,87,Business communication,0.1030013769646061
6,305,CAD,0.10205276414851983
6,78,Mathematica,0.1008719859881918
6,240,Mathematica,0.1008719859881918
6,70,SPSS,0.10014939733669659
6,232,SPSS,0.10014939733669659
6,75,GATE,0.09927684788239588
6,237,GATE,0.09927684788239588
6,68,Git,0.09907949815803907
6,231,Git,0.09907949815803907
6,12,Graduate_school,0.09866401010565795
6,49,Executive_search,0.09812221354521711
6,149,DSENG03_ATFDM,0.09723781362630812
6,40,StatisticalTechniques,0.09673232866674342
6,154,DSDA02_ST,0.09673232866674342
6,224,DSENG03_DM2,0.09660460566941909
6,79,Software,0.09650398555655548
6,241,Software,0.09650398555655548
6,259,Information_Retrieval,0.0948551524956357
6,263,Information Retrieval,0.0948551524956357
6,19,_BiomedicalEngineers,0.09397251049219368
6,287,CouchDB,0.09366365063982796
6,91,Job interview,0.09225968772034343
6,284,Data_mart,0.09075181791521036
6,93,Service-oriented modeling,0.0900583712554911
6,112,DSDM05_FDDTDC,0.08991904131503092
6,16,BiomedicalEngineers2,0.08910493639619332
6,6,Doctor_of_Philosophy,0.08872591014322317
6,114,DSDM06_EORDM,0.08848544131046898
6,0,First_professional_degree,0.08807061283314477
6,140,DSRM06_TCAIPSIS,0.08745373823244884
6,315,Programmer,0.08707331371346894
6,205,DSDM05_DFM,0.08688948810603614
6,322,PHP,0.08610529217241569
6,332,Software_developer,0.08551261323957171
6,76,KNIME,0.08538438787201819
6,238,KNIME,0.08538438787201819
6,1,Master's_degree_in_Europe,0.08520317363589225
6,86,Digital_economy,0.08497464693840728
6,54,Employment_agency,0.08494310571598529
6,275,ODBMS,0.08342103488549257
6,260,Categorization,0.08312115315873458
6,126,DSENG04_DB3,0.08213170731243036
6,294,DB3,0.08213170731243036
6,211,DSDA06_DVT,0.0820241607462745
6,188,DSDM02_Database_Model,0.08153771268916188
6,201,DSDM02_DM,0.0814990582644205
6,23,Mathematics,0.07932514922035738
6,257,Clustering,0.079205769058878
6,85,Non-store_retailing,0.07879429566033769
6,2,Bachelor_degree,0.0787078999259232
6,191,DSDM06_IPRIDM,0.07781804048884144
6,61,Grid_computing,0.07775513735039319
6,62,Grid computing,0.07775513735039319
6,290,SPARQL,0.07720631309636306
6,97,UndergraduateResearch,0.07664777701379766
6,189,DSENG04_DB5,0.07600577641694362
6,279,DB5,0.07600577641694362
6,82,Online_marketplace,0.0755211968239492
6,306,MarketPenetration,0.07443498488272537
6,156,DSENG03_DM1,0.07442307261267089
6,5,Terminal_degree,0.07416695003146834
6,8,Master_degree,0.07390816615068352
6,295,Database,0.07368453739915282
6,311,C,0.07323716082172371
6,251,Video_commerce,0.07187926986494542
6,187,DSRM04_SPIA,0.07091218707780866
6,150,DSRM04_EAP,0.07024806769248704
6,152,DSDA04_DB3,0.07019231076889054
6,281,Database2,0.06936252344557614
6,77,Waffles,0.0686158251176936
6,239,Waffles,0.0686158251176936
6,327,Python,0.0684868614603994
6,124,DSENG04_DB2,0.06847823442883638
6,274,DB2,0.06847823442883638
6,203,DSDM04_Data_Sharing,0.06777358193656735
6,4,Chemistry_Quality_Eurolabels,0.06756689101444202
6,182,DSDA05_CDV,0.0671274649906155
6,7,Master_of_Science,0.06666368662868938
6,48,Executive_search_firms,0.06601235356734836
6,321,Objective-J,0.06600454272631506
6,10,Engineer_degree,0.06591938300376121
6,226,DSDM02_DBMS-Data_Models,0.06487885278043048
6,15,Master_of_Laws,0.06479737138641328
6,105,DSRM02_Systematic_study,0.06467587381651208
6,148,DSRM02_SysS,0.06467587381651208
6,33,Financial_market_efficiency,0.06393636186751817
6,99,IsOperationsResearchReallyResearch,0.06277875650301623
6,196,DSRM03_IORRR,0.06277875650301623
6,296,Elasticsearch,0.06249244349172056
6,17,Biomedicine,0.06227665221451517
6,18,BiomedicalEngineering,0.062147778561105094
6,110,FrascatiDefinitionofResearch,0.061410099505202376
6,161,DSRM03_FDOR,0.061410099505202376
6,291,NoSQL,0.060953522324574405
6,173,DSENG04_DB1,0.06088521554363446
6,278,DB1,0.06088521554363446
6,13,Master_of_Engineering,0.05954001324315461
6,178,DSRM04_DSAAP,0.059486863146468894
6,120,DSENG04_DB6,0.05943061640570191
6,280,DB6,0.05943061640570191
6,204,DSENG01_EP,0.05836472392790726
6,318,Ruby,0.05810698997479746
6,181,DSDM04_DA,0.05807237569310064
6,316,C_Sharp,0.05784965989349855
6,106,DSRM06_Contribute_research_objectives,0.057682300429710454
6,185,DSRM05_CRO,0.057682300429710454
6,268,Statistical method,0.05721215144481284
6,271,Statistical_method,0.05721215144481284
6,109,Primary_Research,0.056845475305203674
6,326,Julia,0.05634527947570056
6,98,RM2,0.056317873102442406
6,184,DSRM01_RM2,0.056317873102442406
6,158,DSENG06_OR,0.05378130726952024
6,312,Computer_Programming,0.05372693066226619
6,221,DSRM06_Ing,0.052325067198387476
6,212,DSENG04_DB4,0.051629715744767046
6,283,DB4,0.051629715744767046
6,328,Software_architecture,0.05145072825184782
6,329,JavaScript,0.050423743016417055
6,45,Correlation,0.04870525862645059
6,139,DSDA02_CoR,0.04870525862645059
6,310,C--,0.04860728564881467
6,313,pbdR,0.04854407743256417
6,319,C++,0.04845656076435578
6,258,Machine learning,0.04662055552439914
6,261,Machine_learning,0.04662055552439914
6,100,Secondary_research,0.04630439480063486
6,121,DSDM06_ELACIPR,0.045958996287471576
6,74,MATLAB,0.04450936809332129
6,236,MATLAB,0.04450936809332129
6,317,Objective-C,0.04428934025636244
6,20,Statistics,0.04423222275455774
6,41,Statistics,0.04423222275455774
6,131,DSDA02_Stat,0.04423222275455774
6,50,Personality-job_fit_theory,0.04383561820794635
6,253,Statistics,0.043477330606241704
6,331,Transact-SQL,0.04305764332295403
6,9,European_Joint_Master_degree_in_Economics,0.04280785496226658
6,254,Supervised_Learning,0.04127076975810329
6,255,Supervised Learning,0.04127076975810329
6,324,Scala,0.040763962013214305
6,108,RM1,0.040684683724614645
6,115,DSRM06_RM1,0.040684683724614645
6,135,DSRM01_RM1,0.040684683724614645
6,252,Unsupervised_learning,0.04029615115095997
6,266,Unsupervised learning,0.04029615115095997
6,320,Java,0.03954126761205723
6,43,List_of_statistical_packages,0.03857739394709159
6,141,DSDA02_LOSP,0.03857739394709159
6,22,List_of_statistical_packages,0.038245501359423506
6,69,List_of_statistical_packages,0.038245501359423506
6,160,DSENG02_CS2,0.03731795079421074
6,44,Important_Methods_For_Statistical_Data_Analysis,0.03593293401764086
6,136,DSDA02_IMFSDA,0.03593293401764086
6,59,Cloud_Computing,0.035591327387172855
6,65,Cloud Computing,0.035591327387172855
6,39,A_Guide_to_Statistical_Techniques,0.035213613995148774
6,298,db,0.035119872970557964
6,222,DSDK04_AS,0.03481058749244992
6,186,DSENG02_CS3,0.03395273205024929
6,164,DSENG02_CS,0.03381014420860651
6,14,Professional_Science_Master's_Degree,0.03374676117064579
6,330,Software_engineer,0.03238979930367836
6,293,database,0.032276147604530125
6,57,Distributed Computing,0.03210814608715318
6,63,Distributed_Computing,0.03210814608715318
6,102,RM3,0.03137117493087793
6,219,DSRM01_RM3,0.03137117493087793
6,323,System_programming,0.031196133892467115
6,217,DSRM06_SM,0.030437168105830192
6,107,RMO,0.02996723614258534
6,175,DSRM05_RMO,0.02996723614258534
6,151,DSENG02_CS1,0.02930865852444564
6,334,Computer_network,0.02902183029263916
6,103,DSRM01_Scientific_method,0.02779285782469343
6,192,DSRM01_SM,0.02779285782469343
6,104,RM4,0.027468413023355676
6,128,DSRM01_RM4,0.027468413023355676
6,101,RM5,0.027260211063342532
6,206,DSRM01_RM5,0.027260211063342532
6,73,Octave,0.026851326302843703
6,235,Octave,0.026851326302843703
6,307,Pro-innovation_bias,0.025601696347504532
6,96,ScholarlyMethod,0.024124741985061204
6,3,Master_of_Applied_Science,0.023788958744558886
6,190,DSDA06_SV,0.022848557985311047
6,42,6_BASIC_STATISTICAL_TOOLS,0.022045186744103384
6,138,DSDA02_BST,0.022045186744103384
6,11,Educational_specialist,0.0212494376579071
6,51,Employment_websites,0.016700346288657464
6,47,Summary_Table_for_Statistical_Techniques,0.015821164328400195
6,111,SS,0.01574766767656466
6,116,DSRM02_SS,0.01574766767656466
6,159,DSDM03_DI5,0.01571871409733594
6,167,DSRM04_SP,0.007302143380996107
6,21,Lists_of_mathematics_topics,0.0038790802865977803
6,248,Meta-advertising,9.316957643390467E-6
7,295,Database,0.7424299127183458
7,291,NoSQL,0.6974516779810903
7,173,DSENG04_DB1,0.6965292330851498
7,278,DB1,0.6965292330851498
7,298,db,0.6946104314915307
7,212,DSENG04_DB4,0.6820676503132035
7,283,DB4,0.6820676503132035
7,287,CouchDB,0.6813778046878081
7,276,MySQL,0.6675630946358511
7,275,ODBMS,0.6430092146830271
7,126,DSENG04_DB3,0.6388767408127262
7,294,DB3,0.6388767408127262
7,293,database,0.6379750096739362
7,277,RDBMS,0.6310918674215251
7,286,IBM_DB2,0.6126806304312246
7,297,PostgreSQL,0.6059573876561061
7,191,DSDM06_IPRIDM,0.577951208211546
7,282,MonetDB,0.5717282454977332
7,199,DSDA04_DB,0.5360464158878698
7,216,DSDM03_DCAI,0.5290219211907223
7,281,Database2,0.5124654746966025
7,273,MongoDB,0.5063249603884752
7,284,Data_mart,0.4890355618130402
7,299,Data_warehouse,0.4872202498338445
7,129,DSDM01_DMCP,0.45563488579301525
7,188,DSDM02_Database_Model,0.44225334824030893
7,289,Databases,0.43178150531294635
7,189,DSENG04_DB5,0.41860680848261
7,279,DB5,0.41860680848261
7,214,DSENG04_RNRD,0.4067667449661232
7,292,DSENG04_Relational_non-relational_databases,0.4067667449661232
7,285,Microsoft_SQL_Server,0.3962746989852053
7,147,DSDM03_DI2,0.38433726362654164
7,130,DSDM01_DMC,0.3229855839218896
7,210,DSDM03_DI3,0.3219327016801049
7,166,DSDM03_DI1,0.3204995275773128
7,290,SPARQL,0.3201339420723417
7,90,Business Intelligence,0.3107006366539852
7,117,DSENG06_AA,0.2942433539908964
7,132,DSENG06_DB,0.2932677729354827
7,272,Apache_HBase,0.29221619439809543
7,200,DSDM01_Data_Management,0.28926103074939813
7,83,Types_of_e-commerce,0.2891395352496371
7,177,DSDM02_DM101,0.2769290185680713
7,325,PL-SQL,0.2739373986492861
7,334,Computer_network,0.26608342063791834
7,288,Oracle_Database,0.2657087358525487
7,64,Hadoop,0.25335443184835293
7,89,Business,0.2475126580826057
7,220,DSENG03_DM5,0.24476166244175823
7,204,DSENG01_EP,0.2446745393526808
7,76,KNIME,0.24449271174384468
7,238,KNIME,0.24449271174384468
7,208,DSDA04_DB2,0.24448650215662315
7,71,Weka,0.240218756731718
7,233,Weka,0.240218756731718
7,81,E-commerce,0.23848954341587214
7,223,DSDA05_DV,0.23720176453587916
7,179,DSDA05_Platforms1,0.23657950447000498
7,205,DSDM05_DFM,0.23486822990576295
7,68,Git,0.2343865777758536
7,231,Git,0.2343865777758536
7,169,DSDM03_DI4,0.23136246691277318
7,127,DSDA05_Platforms2,0.22834275519904734
7,225,DSDM04_DG,0.22790707418003064
7,259,Information_Retrieval,0.22740926459982858
7,263,Information Retrieval,0.22740926459982858
7,160,DSENG02_CS2,0.22659290130294063
7,165,DSDA04_DB4,0.22621868447271032
7,176,DSDA04_DB1,0.2163236073664777
7,201,DSDM02_DM,0.21225201733707766
7,16,BiomedicalEngineers2,0.21054507459801142
7,113,DSDM05_DP,0.2104602950697254
7,19,_BiomedicalEngineers,0.20983821623355736
7,18,BiomedicalEngineering,0.20869621104227343
7,152,DSDA04_DB3,0.20366644559988645
7,58,Hortonworks,0.2036409039430378
7,315,Programmer,0.1988710211400998
7,105,DSRM02_Systematic_study,0.19512885227106858
7,148,DSRM02_SysS,0.19512885227106858
7,262,Text mining,0.1917583964430325
7,265,Text_mining,0.1917583964430325
7,88,Business Management,0.188302969898956
7,193,DSDA03_AFDM,0.1881768770618356
7,251,Video_commerce,0.1825832378028025
7,86,Digital_economy,0.18239169127968213
7,75,GATE,0.18232507246972185
7,237,GATE,0.18232507246972185
7,56,Human_resource_consulting,0.17852958817314357
7,146,DSENG05_DS2,0.1763331466069381
7,78,Mathematica,0.17621741188379714
7,240,Mathematica,0.17621741188379714
7,172,DSDM01_DMP,0.174764754867748
7,121,DSDM06_ELACIPR,0.17441185049647345
7,309,RequirementsManagement,0.1733622959911747
7,159,DSDM03_DI5,0.1687976093385919
7,323,System_programming,0.16370697641665566
7,209,DSDK03_The_Significance_Of_Management_Information_Systems_For_Enhancing_Strategic_And_Tactical_Planning,0.16289407509065845
7,52,Human_resource_management,0.1607387774545015
7,322,PHP,0.16064660245417828
7,227,DSENG05_SSM,0.15988566121171344
7,170,DSDK03_SM,0.15932369665992563
7,163,DSDM05_Data_Steward,0.15922488641721688
7,328,Software_architecture,0.15684021398867654
7,120,DSENG04_DB6,0.15672308970576876
7,280,DB6,0.15672308970576876
7,61,Grid_computing,0.15539831795411008
7,62,Grid computing,0.15539831795411008
7,24,Math_Stats_tools,0.15198211176558163
7,13,Master_of_Engineering,0.1512950646347554
7,305,CAD,0.15116270046340563
7,330,Software_engineer,0.15046846256074553
7,40,StatisticalTechniques,0.15015056813983585
7,154,DSDA02_ST,0.15015056813983585
7,195,DSDA04_DI,0.14827110612285566
7,66,SAS,0.14810057664017495
7,229,SAS,0.14810057664017495
7,314,SAS,0.14810057664017495
7,85,Non-store_retailing,0.14774887044960217
7,260,Categorization,0.1474678631635813
7,257,Clustering,0.14687186657193674
7,202,DSENG05_DS4,0.14499587529429347
7,180,DSRM06_DOI,0.14314419181369753
7,256,Data_mining,0.14293826012807276
7,267,Data mining,0.14293826012807276
7,114,DSDM06_EORDM,0.14279853430740885
7,118,DSDA05_Platforms3,0.14225490539068808
7,162,DSDM01_Data_Management_Sample_Plan,0.14141569634446438
7,57,Distributed Computing,0.14133463247094247
7,63,Distributed_Computing,0.14133463247094247
7,197,DSDK01_BP,0.14064376653798516
7,92,Project management,0.1375558000527738
7,94,Business Model,0.1371771963504569
7,228,DSENG03_DM4,0.13632785232235078
7,333,R,0.13443378590846444
7,72,Oracle Data Mining,0.1336285440644055
7,80,Oracle_Data_Mining,0.1336285440644055
7,234,Oracle Data Mining,0.1336285440644055
7,242,Oracle_Data_Mining,0.1336285440644055
7,213,DSDA03_DA,0.13084086474528678
7,46,DataAnalytics,0.13074873449458557
7,123,DSDA02_DA,0.13074873449458557
7,153,DSDM04_DL,0.13029300459888227
7,182,DSDA05_CDV,0.13000581280399226
7,137,DSDM01_WADMP,0.12826331300931493
7,87,Business communication,0.12560598569169978
7,10,Engineer_degree,0.12478107698199248
7,211,DSDA06_DVT,0.12445937808402774
7,171,DSDK02_HTDBDCS,0.12389551410835042
7,186,DSENG02_CS3,0.12378287774491503
7,84,E-commerce_credit_card_payment_system,0.12303703229366114
7,168,DSDK02_S,0.11637808415506423
7,3,Master_of_Applied_Science,0.11501781273874512
7,164,DSENG02_CS,0.1148960009902178
7,23,Mathematics,0.11457457229955303
7,151,DSENG02_CS1,0.11432571842729833
7,246,Mobile_marketing,0.11363900348864375
7,91,Job interview,0.1120391700090394
7,93,Service-oriented modeling,0.1119699407565472
7,67,JMP,0.11168702225452831
7,230,JMP,0.11168702225452831
7,226,DSDM02_DBMS-Data_Models,0.11033351044989337
7,39,A_Guide_to_Statistical_Techniques,0.11008630960801091
7,198,DSDK03_TROFITSPADMP,0.10826082060735309
7,134,DSDK04_HBDATCHYO,0.10809050421975086
7,218,DSENG03_DM3,0.10805179773662499
7,124,DSENG04_DB2,0.10579155763879722
7,274,DB2,0.10579155763879722
7,269,Classification,0.10518624879840388
7,119,DSDK01_BPD,0.10369729428853658
7,312,Computer_Programming,0.10347269074982701
7,245,Advertising,0.10137784751631629
7,70,SPSS,0.09874927366998154
7,232,SPSS,0.09874927366998154
7,187,DSRM04_SPIA,0.09802841790246686
7,44,Important_Methods_For_Statistical_Data_Analysis,0.09747299585556735
7,136,DSDA02_IMFSDA,0.09747299585556735
7,140,DSRM06_TCAIPSIS,0.09677566283683015
7,145,DSDK02_BDNPD,0.09468986919641598
7,55,Onboarding,0.09344520173448712
7,181,DSDM04_DA,0.09328973161393084
7,331,Transact-SQL,0.09298284758655939
7,224,DSENG03_DM2,0.09291758220046098
7,326,Julia,0.09222784518623461
7,258,Machine learning,0.09049461380558621
7,261,Machine_learning,0.09049461380558621
7,82,Online_marketplace,0.08878263017048726
7,60,Cloudera,0.08757682112029141
7,329,JavaScript,0.08693307667629446
7,190,DSDA06_SV,0.08597878153303729
7,327,Python,0.08592570842632041
7,313,pbdR,0.08515503970086058
7,301,New_product_development,0.08271011345092338
7,332,Software_developer,0.08264728436788249
7,264,Predictive Analytics,0.08233011913782373
7,270,Predictive_Analytics,0.08233011913782373
7,321,Objective-J,0.08225845175933655
7,133,DSDA01_PA,0.08190855322577362
7,112,DSDM05_FDDTDC,0.08152821779064534
7,79,Software,0.08019624146102877
7,241,Software,0.08019624146102877
7,311,C,0.07740965152405854
7,254,Supervised_Learning,0.07722914579081885
7,255,Supervised Learning,0.07722914579081885
7,95,Corporate communication,0.07688454120228516
7,167,DSRM04_SP,0.07626518015508954
7,249,Television_advertisement,0.07571022101465319
7,183,DSDM06_EIIDM,0.07344861088866705
7,59,Cloud_Computing,0.07197600565707174
7,65,Cloud Computing,0.07197600565707174
7,149,DSENG03_ATFDM,0.07137853076068368
7,303,VirtualProductDevelopment,0.07030833201241482
7,31,Corporate_finance,0.06907203565250153
7,207,DSENG06_BDAA,0.06868019524736535
7,54,Employment_agency,0.06865972785094565
7,304,Product_life-CycleManagement,0.06861120139685528
7,300,Time_toMarket,0.06842510593467166
7,4,Chemistry_Quality_Eurolabels,0.06767815315462766
7,310,C--,0.06665633431855167
7,150,DSRM04_EAP,0.06652516083785975
7,222,DSDK04_AS,0.0664099358086846
7,317,Objective-C,0.06490121005480842
7,316,C_Sharp,0.06454876120185904
7,178,DSRM04_DSAAP,0.06365093357211338
7,50,Personality-job_fit_theory,0.06280994033004139
7,319,C++,0.06247793173184635
7,5,Terminal_degree,0.06199361270580794
7,77,Waffles,0.06145629140843034
7,239,Waffles,0.06145629140843034
7,143,DSDK06_Marketing,0.06110004145443537
7,318,Ruby,0.06095118041613157
7,157,DSDK04_Analytical_Support_Introduction,0.0609331148831338
7,2,Bachelor_degree,0.06091686163757337
7,155,DSDK05_ACD,0.060689550637617495
7,25,Financial_services,0.059028559854918394
7,17,Biomedicine,0.05881331772544984
7,20,Statistics,0.05752698572904125
7,41,Statistics,0.05752698572904125
7,131,DSDA02_Stat,0.05752698572904125
7,125,DSDA03_HPACIDM,0.05741184161854351
7,253,Statistics,0.05655131207960096
7,38,Stock_Trader,0.05632720533286939
7,36,Stock_Exchange,0.056309776357143515
7,110,FrascatiDefinitionofResearch,0.05597865122561674
7,161,DSRM03_FDOR,0.05597865122561674
7,142,DSDA05_BDAP,0.05430142502829127
7,7,Master_of_Science,0.05418384932420928
7,144,DSENG06_LORS,0.05403569863114244
7,203,DSDM04_Data_Sharing,0.05388075632548428
7,215,DSENG05_DS1,0.05362937839453885
7,8,Master_degree,0.05343896615043109
7,1,Master's_degree_in_Europe,0.05287089629798558
7,122,DSDK06_ADFM,0.052066514438057876
7,45,Correlation,0.04895745846018118
7,139,DSDA02_CoR,0.04895745846018118
7,252,Unsupervised_learning,0.04872085410016669
7,266,Unsupervised learning,0.04872085410016669
7,0,First_professional_degree,0.04790538744339634
7,320,Java,0.04713001904274439
7,33,Financial_market_efficiency,0.046932701919167985
7,109,Primary_Research,0.046517185297227925
7,174,DSDA03_BDTA,0.044892257463659324
7,98,RM2,0.04230243488122498
7,184,DSRM01_RM2,0.04230243488122498
7,99,IsOperationsResearchReallyResearch,0.04207021265700672
7,196,DSRM03_IORRR,0.04207021265700672
7,250,Viral_marketing,0.04205444984162365
7,28,CapitalMarket,0.04159837993816795
7,49,Executive_search,0.0402930267989432
7,268,Statistical method,0.039692204665634834
7,271,Statistical_method,0.039692204665634834
7,106,DSRM06_Contribute_research_objectives,0.03959064787058897
7,185,DSRM05_CRO,0.03959064787058897
7,107,RMO,0.03877661284267808
7,175,DSRM05_RMO,0.03877661284267808
7,244,MarketingMix,0.03753673085895337
7,74,MATLAB,0.037151762445808645
7,236,MATLAB,0.037151762445808645
7,29,Mathematical_finance,0.03669675586976273
7,247,Interactive_advertising,0.03620531950954109
7,12,Graduate_school,0.03545051050060488
7,37,Finance,0.03496073526915022
7,73,Octave,0.033438871535227066
7,235,Octave,0.033438871535227066
7,9,European_Joint_Master_degree_in_Economics,0.03338132987857889
7,15,Master_of_Laws,0.032561222627140896
7,324,Scala,0.03217846352553799
7,34,FinancialRegulation,0.030584468397908626
7,308,Product,0.030224817441481755
7,156,DSENG03_DM1,0.03017252459014308
7,194,DSDK03_SFM,0.029655071323687943
7,306,MarketPenetration,0.02954011262807299
7,42,6_BASIC_STATISTICAL_TOOLS,0.02923147392233949
7,138,DSDA02_BST,0.02923147392233949
7,158,DSENG06_OR,0.02896371047024693
7,6,Doctor_of_Philosophy,0.028609256357688073
7,96,ScholarlyMethod,0.027204061324641704
7,26,Financial_economics,0.027042038920304545
7,53,Employment_agencies,0.02650138992098372
7,221,DSRM06_Ing,0.02619300956650339
7,296,Elasticsearch,0.02332723806834558
7,43,List_of_statistical_packages,0.02224869127030693
7,141,DSDA02_LOSP,0.02224869127030693
7,22,List_of_statistical_packages,0.02205725193535024
7,69,List_of_statistical_packages,0.02205725193535024
7,102,RM3,0.019815524870190004
7,219,DSRM01_RM3,0.019815524870190004
7,217,DSRM06_SM,0.017677495786029174
7,32,Financial_market,0.016645811223074958
7,100,Secondary_research,0.016371234775487187
7,101,RM5,0.014879216279840235
7,206,DSRM01_RM5,0.014879216279840235
7,51,Employment_websites,0.014191024453589995
7,27,FinanceCapitalism,0.013506423040624438
7,21,Lists_of_mathematics_topics,0.011598765000776945
7,104,RM4,0.011465230422842865
7,128,DSRM01_RM4,0.011465230422842865
7,97,UndergraduateResearch,0.010456834226362344
7,111,SS,0.009202268938964142
7,116,DSRM02_SS,0.009202268938964142
7,11,Educational_specialist,0.008795506131798914
7,47,Summary_Table_for_Statistical_Techniques,0.007790173916157439
7,30,Financial_instrument,0.007216353092885042
7,307,Pro-innovation_bias,0.006995653643842137
7,14,Professional_Science_Master's_Degree,0.005168227569170125
7,108,RM1,0.004946834774152586
7,115,DSRM06_RM1,0.004946834774152586
7,135,DSRM01_RM1,0.004946834774152586
7,243,Co-marketing,0.004453216834086171
7,35,Investment_theory,0.0
7,48,Executive_search_firms,0.0
7,103,DSRM01_Scientific_method,0.0
7,192,DSRM01_SM,0.0
7,248,Meta-advertising,0.0
7,302,productDevelopment,0.0
8,164,DSENG02_CS,0.48195747820399704
8,190,DSDA06_SV,0.4499986304581597
8,332,Software_developer,0.43027969461410853
8,328,Software_architecture,0.4288554801708262
8,98,RM2,0.40546501386640776
8,184,DSRM01_RM2,0.40546501386640776
8,66,SAS,0.4039388679850088
8,229,SAS,0.4039388679850088
8,314,SAS,0.4039388679850088
8,106,DSRM06_Contribute_research_objectives,0.400067955197154
8,185,DSRM05_CRO,0.400067955197154
8,113,DSDM05_DP,0.3997852026675963
8,203,DSDM04_Data_Sharing,0.3933083304409457
8,104,RM4,0.38854604450214836
8,128,DSRM01_RM4,0.38854604450214836
8,110,FrascatiDefinitionofResearch,0.36957619733195335
8,161,DSRM03_FDOR,0.36957619733195335
8,83,Types_of_e-commerce,0.3639949722722653
8,81,E-commerce,0.363402861170842
8,79,Software,0.3563928998340531
8,241,Software,0.3563928998340531
8,58,Hortonworks,0.354312400186824
8,224,DSENG03_DM2,0.35084638979598837
8,217,DSRM06_SM,0.3440611520420829
8,112,DSDM05_FDDTDC,0.34200565878111044
8,201,DSDM02_DM,0.3407871498031916
8,172,DSDM01_DMP,0.33956772533140456
8,97,UndergraduateResearch,0.3391039685160482
8,209,DSDK03_The_Significance_Of_Management_Information_Systems_For_Enhancing_Strategic_And_Tactical_Planning,0.33520747809521967
8,330,Software_engineer,0.3286338974405415
8,169,DSDM03_DI4,0.3267274650832497
8,109,Primary_Research,0.3196535596560457
8,102,RM3,0.3163069152835316
8,219,DSRM01_RM3,0.3163069152835316
8,29,Mathematical_finance,0.3105354643496885
8,99,IsOperationsResearchReallyResearch,0.30956640149289627
8,196,DSRM03_IORRR,0.30956640149289627
8,94,Business Model,0.3091770866891026
8,100,Secondary_research,0.3077116864232934
8,140,DSRM06_TCAIPSIS,0.30058010753557074
8,305,CAD,0.2988832783466623
8,160,DSENG02_CS2,0.29785672424599996
8,299,Data_warehouse,0.29502166958058784
8,114,DSDM06_EORDM,0.29472329675412223
8,153,DSDM04_DL,0.2903722335681145
8,85,Non-store_retailing,0.28878411069234233
8,188,DSDM02_Database_Model,0.2858983138672684
8,323,System_programming,0.28589469963878567
8,25,Financial_services,0.2846051213606591
8,84,E-commerce_credit_card_payment_system,0.28282253273714475
8,315,Programmer,0.2816525962583989
8,105,DSRM02_Systematic_study,0.27788391876680807
8,148,DSRM02_SysS,0.27788391876680807
8,226,DSDM02_DBMS-Data_Models,0.2761377567077572
8,61,Grid_computing,0.27489080445223435
8,62,Grid computing,0.27489080445223435
8,122,DSDK06_ADFM,0.27255543480518285
8,89,Business,0.2722532292898978
8,129,DSDM01_DMCP,0.27173951525874207
8,259,Information_Retrieval,0.2712855875771868
8,263,Information Retrieval,0.2712855875771868
8,19,_BiomedicalEngineers,0.2697267648997741
8,228,DSENG03_DM4,0.26876326333081724
8,101,RM5,0.2678216337332936
8,206,DSRM01_RM5,0.2678216337332936
8,146,DSENG05_DS2,0.26781610513356013
8,76,KNIME,0.26688565330250247
8,238,KNIME,0.26688565330250247
8,16,BiomedicalEngineers2,0.2653741338181086
8,162,DSDM01_Data_Management_Sample_Plan,0.2646702755272813
8,245,Advertising,0.263905481598097
8,82,Online_marketplace,0.2554585201466082
8,93,Service-oriented modeling,0.25134658073838745
8,132,DSENG06_DB,0.2506285949570537
8,103,DSRM01_Scientific_method,0.2498730784930805
8,192,DSRM01_SM,0.2498730784930805
8,108,RM1,0.246694981320978
8,115,DSRM06_RM1,0.246694981320978
8,135,DSRM01_RM1,0.246694981320978
8,68,Git,0.24507383928626303
8,231,Git,0.24507383928626303
8,67,JMP,0.23982385594534006
8,230,JMP,0.23982385594534006
8,150,DSRM04_EAP,0.2393464106737293
8,43,List_of_statistical_packages,0.23856542281328597
8,141,DSDA02_LOSP,0.23856542281328597
8,152,DSDA04_DB3,0.23802668049965303
8,308,Product,0.23773514823941178
8,22,List_of_statistical_packages,0.23767058743246294
8,69,List_of_statistical_packages,0.23767058743246294
8,168,DSDK02_S,0.23656316938601163
8,220,DSENG03_DM5,0.2350636339000457
8,268,Statistical method,0.23438179216986732
8,271,Statistical_method,0.23438179216986732
8,6,Doctor_of_Philosophy,0.23302383037261942
8,95,Corporate communication,0.23259480670343757
8,216,DSDM03_DCAI,0.23222984843086703
8,26,Financial_economics,0.2302112401264942
8,121,DSDM06_ELACIPR,0.22851429241881804
8,118,DSDA05_Platforms3,0.2264329872547709
8,183,DSDM06_EIIDM,0.22602403056182208
8,71,Weka,0.22479088305163808
8,233,Weka,0.22479088305163808
8,177,DSDM02_DM101,0.22176272091512939
8,198,DSDK03_TROFITSPADMP,0.2183987486902913
8,12,Graduate_school,0.2150117457441748
8,333,R,0.21437324666292767
8,213,DSDA03_DA,0.21368596146511898
8,37,Finance,0.2131414259317741
8,309,RequirementsManagement,0.2131049165743074
8,144,DSENG06_LORS,0.21115199576783428
8,193,DSDA03_AFDM,0.21094562075030177
8,156,DSENG03_DM1,0.20863709812702325
8,194,DSDK03_SFM,0.2078690678258618
8,34,FinancialRegulation,0.20758368316772557
8,46,DataAnalytics,0.20575913711969163
8,123,DSDA02_DA,0.20575913711969163
8,78,Mathematica,0.20346780876894688
8,240,Mathematica,0.20346780876894688
8,251,Video_commerce,0.20266520119270792
8,202,DSENG05_DS4,0.20143791768770014
8,27,FinanceCapitalism,0.20119698229282923
8,149,DSENG03_ATFDM,0.19898839203124496
8,24,Math_Stats_tools,0.1987963371586955
8,23,Mathematics,0.19851161395536643
8,130,DSDM01_DMC,0.19707017601762422
8,170,DSDK03_SM,0.19679556241214013
8,147,DSDM03_DI2,0.19667941447999449
8,180,DSRM06_DOI,0.19570375662364925
8,189,DSENG04_DB5,0.19308835852982065
8,279,DB5,0.19308835852982065
8,303,VirtualProductDevelopment,0.19265508630483952
8,276,MySQL,0.19227170716089748
8,133,DSDA01_PA,0.19216824613646255
8,38,Stock_Trader,0.19133723953680581
8,264,Predictive Analytics,0.1909444314344938
8,270,Predictive_Analytics,0.1909444314344938
8,277,RDBMS,0.19064622924098273
8,145,DSDK02_BDNPD,0.18976181242754686
8,31,Corporate_finance,0.18869518943640406
8,295,Database,0.18694473830277247
8,151,DSENG02_CS1,0.18669182386881522
8,32,Financial_market,0.18308095298971983
8,64,Hadoop,0.1813564477086218
8,107,RMO,0.18112187957901238
8,175,DSRM05_RMO,0.18112187957901238
8,218,DSENG03_DM3,0.17844195797451579
8,205,DSDM05_DFM,0.17748683352684147
8,56,Human_resource_consulting,0.17683059414294422
8,199,DSDA04_DB,0.17554937337091858
8,262,Text mining,0.17507095460516564
8,265,Text_mining,0.17507095460516564
8,301,New_product_development,0.1747863099428898
8,52,Human_resource_management,0.17438527142374283
8,163,DSDM05_Data_Steward,0.17159297200438184
8,96,ScholarlyMethod,0.16910590238072798
8,260,Categorization,0.16888956800645227
8,137,DSDM01_WADMP,0.16861141445381778
8,312,Computer_Programming,0.16811093955590928
8,159,DSDM03_DI5,0.1677735893928679
8,284,Data_mart,0.16525463996585865
8,273,MongoDB,0.1623383801064039
8,275,ODBMS,0.1613634570022464
8,300,Time_toMarket,0.16121225231656422
8,223,DSDA05_DV,0.16055327798750474
8,90,Business Intelligence,0.1596373727488799
8,127,DSDA05_Platforms2,0.1583073972016289
8,257,Clustering,0.15744465347130632
8,30,Financial_instrument,0.15654550481874507
8,215,DSENG05_DS1,0.1552375710818259
8,322,PHP,0.15308489083234877
8,158,DSENG06_OR,0.15305303633984957
8,171,DSDK02_HTDBDCS,0.1518024080503826
8,222,DSDK04_AS,0.15074304329682775
8,142,DSDA05_BDAP,0.15038350512237575
8,7,Master_of_Science,0.14985444057273278
8,258,Machine learning,0.14964492224973358
8,261,Machine_learning,0.14964492224973358
8,28,CapitalMarket,0.14922764767166719
8,91,Job interview,0.14667599214392335
8,88,Business Management,0.14319573824952037
8,33,Financial_market_efficiency,0.1415435414053906
8,327,Python,0.14151240716497038
8,204,DSENG01_EP,0.14054393393403042
8,286,IBM_DB2,0.1394984136869698
8,59,Cloud_Computing,0.13855518803908884
8,65,Cloud Computing,0.13855518803908884
8,249,Television_advertisement,0.1370418327402949
8,124,DSENG04_DB2,0.13554578579264276
8,274,DB2,0.13554578579264276
8,57,Distributed Computing,0.1327240444377381
8,63,Distributed_Computing,0.1327240444377381
8,55,Onboarding,0.1320646686483824
8,49,Executive_search,0.13178123472702152
8,297,PostgreSQL,0.13120698193190938
8,269,Classification,0.13086744613583523
8,18,BiomedicalEngineering,0.12984807905765505
8,36,Stock_Exchange,0.12901006545888827
8,176,DSDA04_DB1,0.12788054831661733
8,120,DSENG04_DB6,0.12736538961245458
8,280,DB6,0.12736538961245458
8,256,Data_mining,0.127243227079457
8,267,Data mining,0.127243227079457
8,60,Cloudera,0.12687934012645097
8,75,GATE,0.1259098176691218
8,237,GATE,0.1259098176691218
8,179,DSDA05_Platforms1,0.1253330604763978
8,296,Elasticsearch,0.12498573805214475
8,282,MonetDB,0.124363890240074
8,70,SPSS,0.12325823402726221
8,232,SPSS,0.12325823402726221
8,182,DSDA05_CDV,0.12310578102026459
8,165,DSDA04_DB4,0.1223690794686858
8,225,DSDM04_DG,0.11930782703844633
8,39,A_Guide_to_Statistical_Techniques,0.11877288799601837
8,35,Investment_theory,0.11868246477821143
8,86,Digital_economy,0.11813473618011261
8,302,productDevelopment,0.11595963513147045
8,119,DSDK01_BPD,0.1156533313763124
8,281,Database2,0.11259179886073811
8,244,MarketingMix,0.11124269059406311
8,210,DSDM03_DI3,0.11022597074183549
8,186,DSENG02_CS3,0.1086650911615139
8,246,Mobile_marketing,0.10852050808346736
8,178,DSRM04_DSAAP,0.10757135247880001
8,174,DSDA03_BDTA,0.10735399676494484
8,287,CouchDB,0.10707936959898579
8,54,Employment_agency,0.10706184917917216
8,221,DSRM06_Ing,0.10685176142698682
8,200,DSDM01_Data_Management,0.10581214716473353
8,92,Project management,0.10510919464495627
8,17,Biomedicine,0.1042115871571424
8,212,DSENG04_DB4,0.10238756218833756
8,283,DB4,0.10238756218833756
8,1,Master's_degree_in_Europe,0.10162996635108124
8,208,DSDA04_DB2,0.10092515475228869
8,304,Product_life-CycleManagement,0.10053003579560471
8,5,Terminal_degree,0.09956680680743712
8,243,Co-marketing,0.09860730570016896
8,40,StatisticalTechniques,0.09759244293498259
8,154,DSDA02_ST,0.09759244293498259
8,87,Business communication,0.09608009008390983
8,197,DSDK01_BP,0.09580351250847674
8,15,Master_of_Laws,0.09567682282617962
8,134,DSDK04_HBDATCHYO,0.09287591724663713
8,44,Important_Methods_For_Statistical_Data_Analysis,0.09199535471347509
8,136,DSDA02_IMFSDA,0.09199535471347509
8,214,DSENG04_RNRD,0.09031185792468355
8,292,DSENG04_Relational_non-relational_databases,0.09031185792468355
8,306,MarketPenetration,0.08867599004335425
8,313,pbdR,0.08224501320140287
8,73,Octave,0.0817847568350627
8,235,Octave,0.0817847568350627
8,227,DSENG05_SSM,0.0815385252895866
8,8,Master_degree,0.08132046692547201
8,272,Apache_HBase,0.08044463604900409
8,298,db,0.07832967320461182
8,291,NoSQL,0.07760423799688976
8,173,DSENG04_DB1,0.07750159915393684
8,278,DB1,0.07750159915393684
8,117,DSENG06_AA,0.07712833892156223
8,143,DSDK06_Marketing,0.0771138136994709
8,247,Interactive_advertising,0.07498434841665957
8,310,C--,0.07473015747555134
8,20,Statistics,0.0734869822563482
8,41,Statistics,0.0734869822563482
8,131,DSDA02_Stat,0.0734869822563482
8,181,DSDM04_DA,0.07273544415425581
8,191,DSDM06_IPRIDM,0.07090918538336055
8,290,SPARQL,0.07081800211284472
8,45,Correlation,0.06962145315996404
8,139,DSDA02_CoR,0.06962145315996404
8,253,Statistics,0.0685445141469363
8,74,MATLAB,0.06837024122054103
8,236,MATLAB,0.06837024122054103
8,326,Julia,0.06829689588713328
8,311,C,0.06767981087522457
8,316,C_Sharp,0.06743576289420572
8,13,Master_of_Engineering,0.06608758481783339
8,285,Microsoft_SQL_Server,0.06516889857974417
8,319,C++,0.06515827377501004
8,0,First_professional_degree,0.06403060685330941
8,307,Pro-innovation_bias,0.062490023192676714
8,252,Unsupervised_learning,0.062288715154042884
8,266,Unsupervised learning,0.062288715154042884
8,317,Objective-C,0.06227954877412856
8,187,DSRM04_SPIA,0.06148734942786871
8,9,European_Joint_Master_degree_in_Economics,0.05937624750103898
8,157,DSDK04_Analytical_Support_Introduction,0.05905147725585769
8,50,Personality-job_fit_theory,0.05787806899287906
8,2,Bachelor_degree,0.05763232208379887
8,329,JavaScript,0.055051191543740496
8,293,database,0.05495726542733115
8,125,DSDA03_HPACIDM,0.05211080814701996
8,155,DSDK05_ACD,0.05199346625385359
8,254,Supervised_Learning,0.05166118625799987
8,255,Supervised Learning,0.05166118625799987
8,211,DSDA06_DVT,0.05044782373598444
8,334,Computer_network,0.04715605583979954
8,321,Objective-J,0.046680941072463455
8,126,DSENG04_DB3,0.04550168275313837
8,294,DB3,0.04550168275313837
8,324,Scala,0.045434119996549116
8,250,Viral_marketing,0.04495269604833774
8,318,Ruby,0.04356034387299901
8,72,Oracle Data Mining,0.04349855661765867
8,80,Oracle_Data_Mining,0.04349855661765867
8,234,Oracle Data Mining,0.04349855661765867
8,242,Oracle_Data_Mining,0.04349855661765867
8,10,Engineer_degree,0.04177445016424097
8,14,Professional_Science_Master's_Degree,0.03852567628752679
8,77,Waffles,0.038206862292756494
8,239,Waffles,0.038206862292756494
8,320,Java,0.03747958048319011
8,248,Meta-advertising,0.03439758542642435
8,325,PL-SQL,0.029901143405725916
8,288,Oracle_Database,0.02981945963071364
8,207,DSENG06_BDAA,0.02810943765050078
8,11,Educational_specialist,0.027598341767160584
8,21,Lists_of_mathematics_topics,0.021148610351655273
8,166,DSDM03_DI1,0.021132075502092396
8,195,DSDA04_DI,0.020682665721356797
8,4,Chemistry_Quality_Eurolabels,0.018330878254746663
8,42,6_BASIC_STATISTICAL_TOOLS,0.013240092274553472
8,138,DSDA02_BST,0.013240092274553472
8,47,Summary_Table_for_Statistical_Techniques,0.012275446700904191
8,331,Transact-SQL,0.01118096113910294
8,111,SS,0.007874386440038461
8,116,DSRM02_SS,0.007874386440038461
8,3,Master_of_Applied_Science,0.0
8,48,Executive_search_firms,0.0
8,51,Employment_websites,0.0
8,53,Employment_agencies,0.0
8,167,DSRM04_SP,0.0
8,289,Databases,0.0
9,250,Viral_marketing,0.605117516261596
9,60,Cloudera,0.5368909683806437
9,143,DSDK06_Marketing,0.5097225769542562
9,243,Co-marketing,0.502422444035894
9,246,Mobile_marketing,0.5012006272324391
9,4,Chemistry_Quality_Eurolabels,0.47521223349643393
9,122,DSDK06_ADFM,0.44997537728220194
9,244,MarketingMix,0.37975555313157894
9,180,DSRM06_DOI,0.3636093233125618
9,221,DSRM06_Ing,0.3470460701243351
9,247,Interactive_advertising,0.32738195139469295
9,245,Advertising,0.32241659551710145
9,46,DataAnalytics,0.3136519938667477
9,123,DSDA02_DA,0.3136519938667477
9,153,DSDM04_DL,0.300561924115041
9,95,Corporate communication,0.2705876121243296
9,50,Personality-job_fit_theory,0.26841459602200524
9,321,Objective-J,0.2684008579592113
9,168,DSDK02_S,0.2680908981731016
9,66,SAS,0.2607262869642887
9,229,SAS,0.2607262869642887
9,314,SAS,0.2607262869642887
9,150,DSRM04_EAP,0.25590183584735415
9,223,DSDA05_DV,0.24204733394998934
9,170,DSDK03_SM,0.23109109479488754
9,334,Computer_network,0.22917016281585434
9,178,DSRM04_DSAAP,0.22501807212665248
9,257,Clustering,0.21256843153016713
9,145,DSDK02_BDNPD,0.21144692257290054
9,262,Text mining,0.2097877750303394
9,265,Text_mining,0.2097877750303394
9,86,Digital_economy,0.20420689241364598
9,140,DSRM06_TCAIPSIS,0.20402542273414292
9,120,DSENG04_DB6,0.20354944981159329
9,280,DB6,0.20354944981159329
9,174,DSDA03_BDTA,0.20017479745068456
9,87,Business communication,0.19393287689832728
9,81,E-commerce,0.19043036038321648
9,251,Video_commerce,0.19028524429271965
9,328,Software_architecture,0.18372212623160056
9,134,DSDK04_HBDATCHYO,0.17613885960825915
9,305,CAD,0.17253812819567038
9,264,Predictive Analytics,0.17083075126831582
9,270,Predictive_Analytics,0.17083075126831582
9,165,DSDA04_DB4,0.16992621774076766
9,133,DSDA01_PA,0.16936862265303587
9,70,SPSS,0.16773479842327632
9,232,SPSS,0.16773479842327632
9,259,Information_Retrieval,0.16393979411118453
9,263,Information Retrieval,0.16393979411118453
9,68,Git,0.1594884443960558
9,231,Git,0.1594884443960558
9,220,DSENG03_DM5,0.1590022600705685
9,9,European_Joint_Master_degree_in_Economics,0.15741332305532452
9,317,Objective-C,0.15716127549960068
9,117,DSENG06_AA,0.1567309219030697
9,249,Television_advertisement,0.1544573511916767
9,67,JMP,0.15439867533947416
9,230,JMP,0.15439867533947416
9,269,Classification,0.15337995047558195
9,147,DSDM03_DI2,0.15273096152873367
9,277,RDBMS,0.1498907384057936
9,125,DSDA03_HPACIDM,0.1498563288175946
9,55,Onboarding,0.14973252419428085
9,89,Business,0.14867503297978157
9,76,KNIME,0.1484622123219067
9,238,KNIME,0.1484622123219067
9,40,StatisticalTechniques,0.14740845760613164
9,154,DSDA02_ST,0.14740845760613164
9,208,DSDA04_DB2,0.13973148413261893
9,83,Types_of_e-commerce,0.13935899135535712
9,309,RequirementsManagement,0.13735382896261084
9,118,DSDA05_Platforms3,0.13618164389872012
9,130,DSDM01_DMC,0.13417251044220513
9,301,New_product_development,0.13416369757084956
9,26,Financial_economics,0.13273912555066159
9,179,DSDA05_Platforms1,0.1298584996631864
9,183,DSDM06_EIIDM,0.12947096752551812
9,85,Non-store_retailing,0.12698398703006564
9,25,Financial_services,0.12619689839163606
9,64,Hadoop,0.1260008398267295
9,224,DSENG03_DM2,0.1257824555680569
9,91,Job interview,0.12558842642930623
9,5,Terminal_degree,0.1254953498569047
9,190,DSDA06_SV,0.1254761378079079
9,195,DSDA04_DI,0.12470826148144276
9,113,DSDM05_DP,0.12282025592801349
9,333,R,0.12142039844695174
9,124,DSENG04_DB2,0.12094356699809916
9,274,DB2,0.12094356699809916
9,105,DSRM02_Systematic_study,0.12042715308976537
9,148,DSRM02_SysS,0.12042715308976537
9,19,_BiomedicalEngineers,0.11986788260774872
9,58,Hortonworks,0.11873305309578075
9,315,Programmer,0.1179889132162496
9,167,DSRM04_SP,0.11767604007642118
9,213,DSDA03_DA,0.11730759144347136
9,23,Mathematics,0.11594479338086539
9,164,DSENG02_CS,0.11592952410406443
9,94,Business Model,0.11481676076005376
9,152,DSDA04_DB3,0.11258377741759396
9,194,DSDK03_SFM,0.11236227070355975
9,176,DSDA04_DB1,0.1118652045231926
9,193,DSDA03_AFDM,0.11144559309307467
9,207,DSENG06_BDAA,0.11083052253585368
9,61,Grid_computing,0.11073676660002041
9,62,Grid computing,0.11073676660002041
9,146,DSENG05_DS2,0.11051009586022387
9,186,DSENG02_CS3,0.11023252605583522
9,151,DSENG02_CS1,0.11004570043208395
9,43,List_of_statistical_packages,0.10883416938781143
9,141,DSDA02_LOSP,0.10883416938781143
9,14,Professional_Science_Master's_Degree,0.10789929677145726
9,22,List_of_statistical_packages,0.10789770347370309
9,69,List_of_statistical_packages,0.10789770347370309
9,16,BiomedicalEngineers2,0.10780889929062065
9,188,DSDM02_Database_Model,0.10746404215107241
9,12,Graduate_school,0.10746306545419149
9,200,DSDM01_Data_Management,0.1071348657612341
9,286,IBM_DB2,0.10696815285677541
9,24,Math_Stats_tools,0.10654381337425478
9,330,Software_engineer,0.1058980737320907
9,112,DSDM05_FDDTDC,0.10543536749382765
9,47,Summary_Table_for_Statistical_Techniques,0.10534880032087335
9,127,DSDA05_Platforms2,0.10415160100197307
9,284,Data_mart,0.10390354085324405
9,273,MongoDB,0.10163020152088875
9,78,Mathematica,0.10151761275864968
9,240,Mathematica,0.10151761275864968
9,132,DSENG06_DB,0.10104281671752913
9,212,DSENG04_DB4,0.09976159135558837
9,283,DB4,0.09976159135558837
9,297,PostgreSQL,0.0989824559103476
9,88,Business Management,0.09898132990827613
9,166,DSDM03_DI1,0.09858308857497544
9,287,CouchDB,0.09782496535202934
9,204,DSENG01_EP,0.09771066734377742
9,79,Software,0.09751611366902235
9,241,Software,0.09751611366902235
9,171,DSDK02_HTDBDCS,0.0967977511965602
9,142,DSDA05_BDAP,0.09646800099615271
9,332,Software_developer,0.09488526863827496
9,90,Business Intelligence,0.09439777050925169
9,327,Python,0.09401487526106134
9,93,Service-oriented modeling,0.09291132091367149
9,172,DSDM01_DMP,0.09289416578029341
9,203,DSDM04_Data_Sharing,0.09195015718208222
9,299,Data_warehouse,0.08966418076482274
9,129,DSDM01_DMCP,0.08915948466146395
9,144,DSENG06_LORS,0.08892210459880512
9,39,A_Guide_to_Statistical_Techniques,0.08885003224956822
9,177,DSDM02_DM101,0.08880018884781815
9,160,DSENG02_CS2,0.08864365382314865
9,322,PHP,0.08851108178326195
9,199,DSDA04_DB,0.08763020612963301
9,163,DSDM05_Data_Steward,0.08705035303057329
9,282,MonetDB,0.08687715800327012
9,17,Biomedicine,0.08536952851749036
9,27,FinanceCapitalism,0.08317761363841636
9,57,Distributed Computing,0.0830015692807562
9,63,Distributed_Computing,0.0830015692807562
9,256,Data_mining,0.0826912462645949
9,267,Data mining,0.0826912462645949
9,20,Statistics,0.08250879629569041
9,41,Statistics,0.08250879629569041
9,131,DSDA02_Stat,0.08250879629569041
9,290,SPARQL,0.08217371105299476
9,162,DSDM01_Data_Management_Sample_Plan,0.08162852331209991
9,253,Statistics,0.08110942420322731
9,211,DSDA06_DVT,0.08063545104425995
9,7,Master_of_Science,0.07958293252833681
9,75,GATE,0.07957128720929985
9,237,GATE,0.07957128720929985
9,155,DSDK05_ACD,0.07914887454083175
9,56,Human_resource_consulting,0.0787752508841274
9,216,DSDM03_DCAI,0.07740537577246775
9,312,Computer_Programming,0.0773733373069434
9,38,Stock_Trader,0.07718376373884872
9,210,DSDM03_DI3,0.07668340887975267
9,37,Finance,0.07637828054793572
9,214,DSENG04_RNRD,0.07530463443165192
9,292,DSENG04_Relational_non-relational_databases,0.07530463443165192
9,276,MySQL,0.07524502759188989
9,52,Human_resource_management,0.07515139973195795
9,272,Apache_HBase,0.07373801188646034
9,311,C,0.07325345863304589
9,71,Weka,0.07290481730823217
9,233,Weka,0.07290481730823217
9,258,Machine learning,0.0723499828539762
9,261,Machine_learning,0.0723499828539762
9,209,DSDK03_The_Significance_Of_Management_Information_Systems_For_Enhancing_Strategic_And_Tactical_Planning,0.07225548460531994
9,35,Investment_theory,0.07222546070505187
9,252,Unsupervised_learning,0.07171580922631005
9,266,Unsupervised learning,0.07171580922631005
9,1,Master's_degree_in_Europe,0.06943704118762006
9,304,Product_life-CycleManagement,0.06937366198238493
9,201,DSDM02_DM,0.06886764752556218
9,281,Database2,0.0687888840346298
9,10,Engineer_degree,0.06824367512052854
9,326,Julia,0.06736185158115082
9,109,Primary_Research,0.06724642465748909
9,72,Oracle Data Mining,0.06415152105195554
9,80,Oracle_Data_Mining,0.06415152105195554
9,234,Oracle Data Mining,0.06415152105195554
9,242,Oracle_Data_Mining,0.06415152105195554
9,316,C_Sharp,0.06393391104140755
9,2,Bachelor_degree,0.06391977153831985
9,44,Important_Methods_For_Statistical_Data_Analysis,0.06359065551834331
9,136,DSDA02_IMFSDA,0.06359065551834331
9,6,Doctor_of_Philosophy,0.0633251327308455
9,329,JavaScript,0.06278337295929282
9,226,DSDM02_DBMS-Data_Models,0.06256057886285393
9,303,VirtualProductDevelopment,0.06090045188749171
9,182,DSDA05_CDV,0.05874053709523852
9,313,pbdR,0.058715199408990504
9,222,DSDK04_AS,0.05871270689153718
9,169,DSDM03_DI4,0.058178438258329135
9,101,RM5,0.05815570749101906
9,206,DSRM01_RM5,0.05815570749101906
9,96,ScholarlyMethod,0.057976770903469976
9,197,DSDK01_BP,0.057749675805576994
9,325,PL-SQL,0.05747197891840283
9,157,DSDK04_Analytical_Support_Introduction,0.055735217143610516
9,126,DSENG04_DB3,0.055590665940827066
9,294,DB3,0.055590665940827066
9,42,6_BASIC_STATISTICAL_TOOLS,0.054486074246621996
9,138,DSDA02_BST,0.054486074246621996
9,102,RM3,0.05382324376646097
9,219,DSRM01_RM3,0.05382324376646097
9,217,DSRM06_SM,0.053764605451305125
9,45,Correlation,0.053760082902407524
9,139,DSDA02_CoR,0.053760082902407524
9,29,Mathematical_finance,0.05367875920723275
9,323,System_programming,0.05243697990768048
9,54,Employment_agency,0.05239483787703314
9,31,Corporate_finance,0.05235907162626574
9,285,Microsoft_SQL_Server,0.051431241044572196
9,318,Ruby,0.05137645438773919
9,110,FrascatiDefinitionofResearch,0.050496804985151966
9,161,DSRM03_FDOR,0.050496804985151966
9,295,Database,0.04994317780669122
9,8,Master_degree,0.049558142665590776
9,98,RM2,0.04924360756933477
9,184,DSRM01_RM2,0.04924360756933477
9,225,DSDM04_DG,0.04896739539356321
9,149,DSENG03_ATFDM,0.04871116236450923
9,77,Waffles,0.047761543485475566
9,239,Waffles,0.047761543485475566
9,49,Executive_search,0.04733562166888028
9,74,MATLAB,0.04728467452776364
9,236,MATLAB,0.04728467452776364
9,53,Employment_agencies,0.04727984290218801
9,73,Octave,0.04724456526744181
9,235,Octave,0.04724456526744181
9,228,DSENG03_DM4,0.04719814795483779
9,324,Scala,0.04711328112020896
9,106,DSRM06_Contribute_research_objectives,0.046766613263932943
9,185,DSRM05_CRO,0.046766613263932943
9,103,DSRM01_Scientific_method,0.04586110978143709
9,192,DSRM01_SM,0.04586110978143709
9,104,RM4,0.04538226646613408
9,128,DSRM01_RM4,0.04538226646613408
9,18,BiomedicalEngineering,0.045379510530502376
9,36,Stock_Exchange,0.044502554429905916
9,137,DSDM01_WADMP,0.04372939274721077
9,187,DSRM04_SPIA,0.04334684924778309
9,181,DSDM04_DA,0.043341290566996316
9,260,Categorization,0.04327616267690315
9,310,C--,0.04251620925331501
9,189,DSENG04_DB5,0.04158256803418714
9,279,DB5,0.04158256803418714
9,119,DSDK01_BPD,0.04101050175539389
9,308,Product,0.04033875879229587
9,99,IsOperationsResearchReallyResearch,0.04009695321318363
9,196,DSRM03_IORRR,0.04009695321318363
9,59,Cloud_Computing,0.04007929530457621
9,65,Cloud Computing,0.04007929530457621
9,205,DSDM05_DFM,0.039958603375168544
9,218,DSENG03_DM3,0.0399337473255188
9,158,DSENG06_OR,0.03977426662114547
9,268,Statistical method,0.03893859299844682
9,271,Statistical_method,0.03893859299844682
9,28,CapitalMarket,0.038713113196187976
9,254,Supervised_Learning,0.03703900142268923
9,255,Supervised Learning,0.03703900142268923
9,319,C++,0.036777901273608804
9,291,NoSQL,0.036125196880846255
9,173,DSENG04_DB1,0.036077417938548795
9,278,DB1,0.036077417938548795
9,306,MarketPenetration,0.034980462421892344
9,15,Master_of_Laws,0.03390078107014105
9,108,RM1,0.033705856842995985
9,115,DSRM06_RM1,0.033705856842995985
9,135,DSRM01_RM1,0.033705856842995985
9,0,First_professional_degree,0.03301772483360044
9,331,Transact-SQL,0.03217014457547618
9,92,Project management,0.03199137043964395
9,156,DSENG03_DM1,0.03180525076898599
9,111,SS,0.030340362489954864
9,116,DSRM02_SS,0.030340362489954864
9,296,Elasticsearch,0.02836345268650675
9,34,FinancialRegulation,0.02756517273262271
9,3,Master_of_Applied_Science,0.026415077601860015
9,121,DSDM06_ELACIPR,0.026024107486009695
9,298,db,0.024985536105661788
9,215,DSENG05_DS1,0.024208704011959847
9,275,ODBMS,0.02347564062302876
9,13,Master_of_Engineering,0.023388054705644312
9,288,Oracle_Database,0.023303956265759762
9,97,UndergraduateResearch,0.02297992230816992
9,227,DSENG05_SSM,0.022213176599844897
9,320,Java,0.0220991647590284
9,191,DSDM06_IPRIDM,0.01703934061998158
9,248,Meta-advertising,0.016332840984834007
9,198,DSDK03_TROFITSPADMP,0.01606988213230731
9,32,Financial_market,0.01564542059155094
9,107,RMO,0.015287579713523236
9,175,DSRM05_RMO,0.015287579713523236
9,84,E-commerce_credit_card_payment_system,0.015209433058097632
9,100,Secondary_research,0.014268929022549948
9,159,DSDM03_DI5,0.012089123832456194
9,114,DSDM06_EORDM,0.011234563805157971
9,21,Lists_of_mathematics_topics,0.010559042158598264
9,33,Financial_market_efficiency,0.009815573321625637
9,11,Educational_specialist,0.006036208262821363
9,82,Online_marketplace,0.005485980633023191
9,30,Financial_instrument,0.0
9,48,Executive_search_firms,0.0
9,51,Employment_websites,0.0
9,202,DSENG05_DS4,0.0
9,289,Databases,0.0
9,293,database,0.0
9,300,Time_toMarket,0.0
9,302,productDevelopment,0.0
9,307,Pro-innovation_bias,0.0
