1,289,Databases,1.0
1,248,Meta-advertising,0.9966943114972366
1,247,Interactive_advertising,0.9964078414351656
1,183,DSENG05_Security_Service_Management,0.9956101429617471
1,212,DSENG05_DS1,0.9899798002967996
1,48,Executive_search_firms,0.9852124923207141
1,293,database,0.9828021731264623
1,307,Pro-innovation_bias,0.9820704432465979
1,331,Transact-SQL,0.9819028716959021
1,302,productDevelopment,0.9807053470425381
1,35,Investment_theory,0.9805953269215544
1,288,Oracle_Database,0.980322121991699
1,137,DSENG05_DS2,0.9796889977147181
1,197,DSENG05_DS4,0.9787969061772943
1,21,Lists_of_mathematics_topics,0.9784212646923057
1,51,Employment_websites,0.9778415411701237
1,120,DSENG04_DB6,0.9769317712314892
1,280,DB6,0.9769317712314892
1,91,Job interview,0.9766497350846164
1,306,MarketPenetration,0.9765417024461367
1,82,Online_marketplace,0.9742471159491553
1,30,Financial_instrument,0.9740579889328206
1,84,E-commerce_credit_card_payment_system,0.9734879439969988
1,86,Digital_economy,0.973242307510941
1,245,Advertising,0.9729413643752209
1,32,Financial_market,0.972280800589593
1,118,DSRM04_Strategic_Planning,0.9716089046627086
1,50,Personality-job_fit_theory,0.9709180526956638
1,109,Primary_Research,0.9705779885184875
1,59,Cloud_Computing,0.9705777740719631
1,65,Cloud Computing,0.9705777740719631
1,193,DSDK03_The_Role_Of_Finance_In_The_Strategic-Planning_And_Decision-Making_Process,0.9701331279818006
1,34,FinancialRegulation,0.9692010860975181
1,192,DSDA04_DI,0.9691783342479906
1,138,DSDK01_Business_Process_Definition,0.9672139827584899
1,100,Secondary_research,0.9670986691145009
1,275,ODBMS,0.9666593168489064
1,165,DSENG04_DB1,0.9660097689118031
1,278,DB1,0.9660097689118031
1,291,NoSQL,0.9659775900313164
1,285,Microsoft_SQL_Server,0.9653817342408335
1,296,Elasticsearch,0.9634739693766528
1,215,DSDK03_Strategic_financial_management,0.963129336911977
1,303,VirtualProductDevelopment,0.9629307522600756
1,147,DSENG03_DM1,0.9624228793046661
1,161,DSDM03_DI1,0.9616384794769866
1,334,Computer_network,0.9610701643494579
1,249,Television_advertisement,0.9608170785355789
1,300,Time_toMarket,0.9600731982882427
1,132,DSDK06_Marketing,0.9594837648862137
1,308,Product,0.959387937249065
1,244,MarketingMix,0.9575830405962371
1,110,FrascatiDefinitionofResearch,0.9575080940636899
1,228,DSRM03_Frascati_Definition_Of_Research,0.9575080940636899
1,320,Java,0.9569663900230712
1,95,Corporate communication,0.9558711679920171
1,164,DSDM03_DI4,0.9558055031757982
1,111,SS,0.9548809614741671
1,116,DSRM02_SS,0.9548809614741671
1,304,Product_life-CycleManagement,0.9538510452354058
1,190,DSENG04_DB5,0.95378577836492
1,279,DB5,0.95378577836492
1,224,DSENG06_Operational_Reporting,0.9529200038805331
1,187,DSDM05_Digital_Preservation,0.951578223009834
1,149,DSRM04_Strategic_Plan_Into_Action,0.9493392721504422
1,85,Non-store_retailing,0.9491984097745279
1,243,Co-marketing,0.9490055263312315
1,36,Stock_Exchange,0.9486290821770239
1,25,Financial_services,0.9485124315550079
1,309,RequirementsManagement,0.948453011638966
1,33,Financial_market_efficiency,0.948365227848946
1,246,Mobile_marketing,0.9458189961890171
1,42,6_BASIC_STATISTICAL_TOOLS,0.945376601549265
1,220,DSDA02_Basic_Statistical_Tools,0.945376601549265
1,324,Scala,0.9451923019582867
1,119,DSDA06_Data_Visualization_Types,0.9451823314440362
1,53,Employment_agencies,0.9449253691714086
1,157,DSDM01_Data_Management_Sample_Plan,0.9435145317291115
1,298,db,0.9431040500711637
1,112,DSENG04_Relational_Non-Relational_Databases,0.9422168933925035
1,292,DSENG04_Relational_non-relational_databases,0.9422168933925035
1,96,ScholarlyMethod,0.9411926960597441
1,204,DSDM03_DI3,0.9402089013503258
1,277,RDBMS,0.9400772732037881
1,73,Octave,0.9399329167116914
1,235,Octave,0.9399329167116914
1,122,DSENG04_DB3,0.9394424751086686
1,294,DB3,0.9394424751086686
1,287,CouchDB,0.9394165476974754
1,286,IBM_DB2,0.9394084300909488
1,93,Service-oriented modeling,0.9392162501694234
1,153,DSDM06_Ethical_Issues_In_Data_Management,0.9390521408254046
1,250,Viral_marketing,0.9388279278346887
1,329,JavaScript,0.9381881789218127
1,254,Supervised_Learning,0.9381345002579202
1,255,Supervised Learning,0.9381345002579202
1,185,DSDK06_Analyse_Data_For_Marketing,0.9372041644845046
1,154,DSDM03_DI5,0.9370020921272478
1,92,Project management,0.9348724200342242
1,81,E-commerce,0.9345690800146076
1,28,CapitalMarket,0.9327630439598718
1,186,DSRM06_Ingenuity,0.931409825194528
1,259,Information_Retrieval,0.9312823819517235
1,263,Information Retrieval,0.9312823819517235
1,74,MATLAB,0.9310318960642487
1,236,MATLAB,0.9310318960642487
1,0,First_professional_degree,0.9295846277245173
1,97,UndergraduateResearch,0.929424803519846
1,202,DSDK03_The_Significance_Of_Management_Information_Systems_For_Enhancing_Strategic_And_Tactical_Planning,0.9292293285897456
1,226,DSDM05_Data_Format_Management,0.9292228331778937
1,79,Software,0.9289862604779447
1,241,Software,0.9289862604779447
1,57,Distributed Computing,0.9275023585708777
1,63,Distributed_Computing,0.9275023585708777
1,139,DSDM03_DI2,0.9271619580538283
1,225,DSDM02_DBMS-Data_Models,0.9265578525466677
1,61,Grid_computing,0.9246825166035415
1,62,Grid computing,0.9246825166035415
1,319,C++,0.9241327825442899
1,55,Onboarding,0.923521935561195
1,162,DSDK01_Business_Process,0.923223888556305
1,281,Database2,0.9231864141976073
1,172,DSDM03_Data_Collection_And_Integration,0.923024775230675
1,227,DSENG03_DM4,0.9221021731120866
1,150,DSDK04_Analytical_Support_Introduction,0.9210196342794605
1,310,C--,0.9209335003443182
1,115,DSRM06_Teaching_Creativity_And_Inventive_Problem_Solving_In_Science,0.9196674793089457
1,325,PL-SQL,0.9195040405940952
1,194,DSDM04_Data_Archaeology,0.9186557362648993
1,87,Business communication,0.9179733003557261
1,295,Database,0.9174335611884739
1,68,Git,0.9172811101262698
1,231,Git,0.9172811101262698
1,282,MonetDB,0.9166992005266844
1,210,DSENG04_DB4,0.9166187498260656
1,283,DB4,0.9166187498260656
1,56,Human_resource_consulting,0.9158672517618878
1,191,DSENG06_List_Of_Reporting_Software,0.9141159068171525
1,177,DSDK04_Analytical_Skill,0.9138563593890279
1,49,Executive_search,0.9138060662933946
1,99,IsOperationsResearchReallyResearch,0.9137270618464831
1,178,DSRM03_Is_Operations_Research_Really_Research,0.9137270618464831
1,67,JMP,0.9131733967676652
1,230,JMP,0.9131733967676652
1,106,DSRM06_Contribute_research_objectives,0.9131642918189858
1,223,DSRM05_Contribute_Research_Objectives,0.9131642918189858
1,195,DSDM01_Data_Management,0.9130764643084966
1,318,Ruby,0.9127295586835064
1,144,DSDA04_Data_Blending,0.9122322709317934
1,268,Statistical method,0.9119331856933965
1,271,Statistical_method,0.9119331856933965
1,98,RM2,0.9113039612951053
1,180,DSRM01_RM2,0.9113039612951053
1,213,DSRM06_Diffusion_Of_Innovations,0.9111024921978065
1,179,DSDK05_Analyse_Customer_Data,0.9108704348617805
1,39,A_Guide_to_Statistical_Techniques,0.9101591107036657
1,47,Summary_Table_for_Statistical_Techniques,0.9092260108537285
1,328,Software_architecture,0.908874229652582
1,317,Objective-C,0.9082343985118604
1,184,DSDM02_Database_Model,0.9081133264507458
1,54,Employment_agency,0.906872659356252
1,217,DSENG03_DM3,0.9058009436886166
1,326,Julia,0.9046145697659418
1,128,DSENG06_Analytic_Applications,0.9033378054038549
1,251,Video_commerce,0.9033266678369657
1,27,FinanceCapitalism,0.9030744640310052
1,11,Educational_specialist,0.9021730701085988
1,29,Mathematical_finance,0.9016846314457219
1,316,C_Sharp,0.8999873076799518
1,83,Types_of_e-commerce,0.8995395865710234
1,208,DSDM06_Intellectual_Property_Rights_In_Data_Management,0.8983820410881126
1,121,DSENG04_DB2,0.8982095848811322
1,274,DB2,0.8982095848811322
1,276,MySQL,0.8978419687143391
1,322,PHP,0.8973955480793812
1,171,DSDM01_Write_A_Data_Management_Plan,0.8972560274412149
1,297,PostgreSQL,0.8970707485477528
1,321,Objective-J,0.896915203640479
1,272,Apache_HBase,0.8953782724047855
1,173,DSENG03_Analysis_Tools_For_Decision_Making,0.8946558020287732
1,257,Clustering,0.8933963767611761
1,17,Biomedicine,0.8931655350871397
1,170,DSDA03_Better_Decisions_Through_Analytics,0.8923739651655079
1,12,Graduate_school,0.8912195583828851
1,301,New_product_development,0.8908599311312696
1,113,DSRM04_Developing_Strategic_And_Action_Plans,0.8895563961714164
1,88,Business Management,0.8881195941218677
1,89,Business,0.8879122043460822
1,105,DSRM02_Systematic_study,0.8875950884169667
1,155,DSRM02_Systematic_Study,0.8875950884169667
1,146,DSDM01_Data_Management_Curation,0.8875793738013211
1,175,DSDA06_Software_Visualization,0.8872876158006573
1,66,SAS,0.8869596044740353
1,229,SAS,0.8869596044740353
1,314,SAS,0.8869596044740353
1,58,Hortonworks,0.8862877904546904
1,221,DSDM01_Data_Management_Plan,0.882001470991135
1,45,Correlation,0.8814046392542153
1,168,DSDA02_Correlation,0.8814046392542153
1,37,Finance,0.8811543121027747
1,141,DSDA04_DB3,0.8810956418898116
1,38,Stock_Trader,0.8797007566016692
1,23,Mathematics,0.8794653841544379
1,72,Oracle Data Mining,0.8780421489491167
1,80,Oracle_Data_Mining,0.8780421489491167
1,234,Oracle Data Mining,0.8780421489491167
1,242,Oracle_Data_Mining,0.8780421489491167
1,125,DSDM04_Data_Governance,0.8780013341331726
1,313,pbdR,0.877860252266035
1,205,DSDM02_Data_Model,0.8764780908787881
1,290,SPARQL,0.8747520118790968
1,31,Corporate_finance,0.8745924987652803
1,222,DSENG03_DM2,0.8737949934025054
1,327,Python,0.8733720107064118
1,160,DSDA04_DB4,0.8725777233564713
1,131,DSDM02_Data_Modeling_101,0.8724107071591833
1,332,Software_developer,0.8718034150547394
1,90,Business Intelligence,0.8711961807133399
1,166,DSENG06_Dashboard_Business,0.8702965766164121
1,145,DSDM06_Ethical_Legal_And_Commercial_IPR,0.8663957005676733
1,311,C,0.8656861432026244
1,64,Hadoop,0.8628464036905349
1,284,Data_mart,0.8578279270859882
1,108,RM1,0.856258061332646
1,114,DSRM06_RM1,0.856258061332646
1,127,DSRM01_RM1,0.856258061332646
1,26,Financial_economics,0.8555277205159715
1,201,DSDA04_DB2,0.8551429754039599
1,203,DSDA05_Complex_Data_Visualized,0.8550789914097157
1,273,MongoDB,0.8528232320923597
1,52,Human_resource_management,0.8525865287229077
1,94,Business Model,0.8514742444711734
1,5,Terminal_degree,0.8514542560668695
1,143,DSDM05_From_Data_Deluge_to_Data_Curation,0.8503243173511363
1,75,GATE,0.8449566276247366
1,237,GATE,0.8449566276247366
1,209,DSDM01_Data_Management_Curation_Platform,0.8429857164769856
1,189,DSDA03_How_Predictive_Analytics_Could_Improve_Decision_Making,0.8424414203209807
1,159,DSDM05_Data_Steward,0.841878821999878
1,103,DSRM01_Scientific_method,0.8389469810611412
1,130,DSRM01_Scientific_Method,0.8389469810611412
1,181,DSDA03_Data_Analytics,0.8384057359668564
1,176,DSDK03_Strategic_management,0.8370478595415297
1,124,DSDK02_Big_Data_New_Product_Development,0.8351276122072775
1,214,DSDM06_Ethics_Of_RDM,0.8333644325664371
1,6,Doctor_of_Philosophy,0.8301744621112349
1,299,Data_warehouse,0.8284085167257939
1,198,DSDM04_Data_Sharing,0.8233696066620161
1,2,Bachelor_degree,0.8230485735270989
1,323,System_programming,0.822712295016581
1,107,RMO,0.8193065682572248
1,167,DSRM05_RMO,0.8193065682572248
1,151,DSDK02_How_To_Develop_Big_Data_Consulting_Services,0.8180355172311763
1,78,Mathematica,0.8173682903555411
1,240,Mathematica,0.8173682903555411
1,104,RM4,0.8163584566190387
1,126,DSRM01_RM4,0.8163584566190387
1,1,Master's_degree_in_Europe,0.8147455829212888
1,10,Engineer_degree,0.8114279385586941
1,196,DSDA03_Analytics_For_Decision_Making,0.8081298844598771
1,76,KNIME,0.8062682006632507
1,238,KNIME,0.8062682006632507
1,260,Categorization,0.8026660400971196
1,77,Waffles,0.8019540922462121
1,239,Waffles,0.8019540922462121
1,102,RM3,0.7976521162774437
1,218,DSRM01_RM3,0.7976521162774437
1,40,StatisticalTechniques,0.7968896368881757
1,134,DSDA02_Statistical_Techniques,0.7968896368881757
1,188,DSRM04_Elaborating_Action_Plans,0.796491787632142
1,211,DSDM04_Data_Library,0.7962266049702929
1,15,Master_of_Laws,0.7944324043147135
1,216,DSRM06_SM,0.7925747453180186
1,133,DSDA05_Big_Data_Analytics_Platforms,0.7891172288130405
1,60,Cloudera,0.7879759567344948
1,312,Computer_Programming,0.784375862664801
1,333,R,0.7829224675572496
1,207,DSENG06_Big_Data_Analytics_Applications,0.7775860437601418
1,16,BiomedicalEngineers2,0.7772556194093883
1,19,_BiomedicalEngineers,0.7742539902675946
1,315,Programmer,0.7729269816860279
1,182,DSENG02_CS3,0.7725917050365941
1,9,European_Joint_Master_degree_in_Economics,0.7684760901535093
1,117,DSDA05_Platforms3,0.7683483076648763
1,330,Software_engineer,0.7676335802426851
1,156,DSENG02_CS2,0.7625910639034204
1,252,Unsupervised_learning,0.7611453172634327
1,266,Unsupervised learning,0.7611453172634327
1,142,DSDA01_Predictive_Analytics,0.7611225417472096
1,264,Predictive Analytics,0.7595495827456139
1,270,Predictive_Analytics,0.7595495827456139
1,18,BiomedicalEngineering,0.7585412744754823
1,71,Weka,0.7576894517630739
1,233,Weka,0.7576894517630739
1,305,CAD,0.7569606591319845
1,8,Master_degree,0.7568421163590326
1,70,SPSS,0.7529083107363108
1,232,SPSS,0.7529083107363108
1,174,DSDA05_Platforms1,0.7469752697670462
1,14,Professional_Science_Master's_Degree,0.7426180831503301
1,135,DSDA05_Data_Visualization,0.7422494926339137
1,163,DSDK02_S,0.7412543085065251
1,148,DSENG02_Computational_Science,0.7407139753496192
1,262,Text mining,0.738872360105844
1,265,Text_mining,0.738872360105844
1,123,DSDA05_Platforms2,0.7382308604790568
1,44,Important_Methods_For_Statistical_Data_Analysis,0.7296805343901225
1,129,DSDA02_Important_Methods_For_Statistical_Data_Analysis,0.7296805343901225
1,269,Classification,0.7285875823128307
1,152,DSENG01_Engineering_Principles,0.726208668744291
1,256,Data_mining,0.7249004323054908
1,267,Data mining,0.7249004323054908
1,206,DSDK04_How_Big_Data_Analytics_Tools_Can_Help_Your_Organization,0.7244001649150124
1,13,Master_of_Engineering,0.7229279671969054
1,219,DSENG03_DM5,0.7229146661672649
1,4,Chemistry_Quality_Eurolabels,0.7192702948804904
1,101,RM5,0.7136978667189815
1,199,DSRM01_RM5,0.7136978667189815
1,169,DSDA04_DB1,0.6968443532822926
1,253,Statistics,0.6855697642272692
1,20,Statistics,0.6777650941239266
1,41,Statistics,0.6777650941239266
1,158,DSDA02_Statistics,0.6777650941239266
1,24,Math_Stats_tools,0.6723773254431549
1,7,Master_of_Science,0.667049468214129
1,3,Master_of_Applied_Science,0.6669213691967006
1,46,DataAnalytics,0.6668735009626527
1,136,DSDA02_Data_Analytics,0.6668735009626527
1,258,Machine learning,0.6464032991485552
1,261,Machine_learning,0.6464032991485552
1,140,DSENG02_CS1,0.6097798124810252
1,22,List_of_statistical_packages,0.5971733287817379
1,69,List_of_statistical_packages,0.5971733287817379
1,43,List_of_statistical_packages,0.5968217701436034
1,200,DSDA02_List_Of_Statistical_Packages,0.5968217701436034
2,248,Meta-advertising,0.9974884915853625
2,53,Employment_agencies,0.996510156338396
2,30,Financial_instrument,0.9957584858422464
2,51,Employment_websites,0.9954617852563318
2,289,Databases,0.9895943147171832
2,33,Financial_market_efficiency,0.9843035180550971
2,34,FinancialRegulation,0.9779575511155234
2,307,Pro-innovation_bias,0.9770505986446345
2,21,Lists_of_mathematics_topics,0.976988124186804
2,103,DSRM01_Scientific_method,0.972399185510874
2,130,DSRM01_Scientific_Method,0.972399185510874
2,197,DSENG05_DS4,0.9717451790864202
2,249,Television_advertisement,0.9716394026451933
2,91,Job interview,0.9714523088901498
2,120,DSENG04_DB6,0.9713525742926512
2,280,DB6,0.9713525742926512
2,247,Interactive_advertising,0.9704306964713629
2,111,SS,0.9659288102788022
2,116,DSRM02_SS,0.9659288102788022
2,212,DSENG05_DS1,0.9655075322705038
2,191,DSENG06_List_Of_Reporting_Software,0.9652857048772543
2,285,Microsoft_SQL_Server,0.9626541289739982
2,331,Transact-SQL,0.960530550262368
2,108,RM1,0.9594564512230438
2,114,DSRM06_RM1,0.9594564512230438
2,127,DSRM01_RM1,0.9594564512230438
2,254,Supervised_Learning,0.9586166426484294
2,255,Supervised Learning,0.9586166426484294
2,245,Advertising,0.9578630851894192
2,288,Oracle_Database,0.9572939162437131
2,224,DSENG06_Operational_Reporting,0.9571616299983632
2,192,DSDA04_DI,0.957094286877976
2,107,RMO,0.9568315530718606
2,167,DSRM05_RMO,0.9568315530718606
2,100,Secondary_research,0.9555010150141579
2,32,Financial_market,0.9553294519008928
2,161,DSDM03_DI1,0.9548013875980764
2,25,Financial_services,0.9547175431910471
2,101,RM5,0.953719277703141
2,199,DSRM01_RM5,0.953719277703141
2,251,Video_commerce,0.9535393243670334
2,7,Master_of_Science,0.9534242800253785
2,8,Master_degree,0.9526402477095763
2,325,PL-SQL,0.9519919652622468
2,73,Octave,0.9513967902412306
2,235,Octave,0.9513967902412306
2,137,DSENG05_DS2,0.9484948149066735
2,259,Information_Retrieval,0.9475461298975827
2,263,Information Retrieval,0.9475461298975827
2,225,DSDM02_DBMS-Data_Models,0.9468073478152059
2,82,Online_marketplace,0.9456687334527563
2,310,C--,0.9456537058053174
2,86,Digital_economy,0.9453575105321731
2,35,Investment_theory,0.9451440172388748
2,215,DSDK03_Strategic_financial_management,0.9449060918766451
2,109,Primary_Research,0.944556453650516
2,183,DSENG05_Security_Service_Management,0.9444479895597505
2,217,DSENG03_DM3,0.9438593076020501
2,277,RDBMS,0.9433807503762297
2,84,E-commerce_credit_card_payment_system,0.942644098930475
2,59,Cloud_Computing,0.9420447052144907
2,65,Cloud Computing,0.9420447052144907
2,268,Statistical method,0.9397203488750313
2,271,Statistical_method,0.9397203488750313
2,210,DSENG04_DB4,0.9394717383902621
2,283,DB4,0.9394717383902621
2,104,RM4,0.9393420522856736
2,126,DSRM01_RM4,0.9393420522856736
2,187,DSDM05_Digital_Preservation,0.9389664327476591
2,1,Master's_degree_in_Europe,0.9380823001222541
2,42,6_BASIC_STATISTICAL_TOOLS,0.937878021486341
2,220,DSDA02_Basic_Statistical_Tools,0.937878021486341
2,27,FinanceCapitalism,0.937432329385685
2,334,Computer_network,0.9369968935374465
2,9,European_Joint_Master_degree_in_Economics,0.9362003000799309
2,97,UndergraduateResearch,0.9349093807182728
2,319,C++,0.9343061227876425
2,102,RM3,0.933619900878202
2,218,DSRM01_RM3,0.933619900878202
2,216,DSRM06_SM,0.9333275942794357
2,48,Executive_search_firms,0.9323975187971434
2,147,DSENG03_DM1,0.9322684111471147
2,330,Software_engineer,0.9308940774590897
2,13,Master_of_Engineering,0.9306543822235918
2,323,System_programming,0.9304911754906584
2,122,DSENG04_DB3,0.9302078385963403
2,294,DB3,0.9302078385963403
2,326,Julia,0.929953219063221
2,275,ODBMS,0.9284785859432442
2,190,DSENG04_DB5,0.9279800146150589
2,279,DB5,0.9279800146150589
2,165,DSENG04_DB1,0.9278731923719429
2,278,DB1,0.9278731923719429
2,291,NoSQL,0.9278049092256317
2,328,Software_architecture,0.925752062686809
2,106,DSRM06_Contribute_research_objectives,0.924642343687167
2,223,DSRM05_Contribute_Research_Objectives,0.924642343687167
2,10,Engineer_degree,0.9245367869160651
2,98,RM2,0.9243504648110681
2,180,DSRM01_RM2,0.9243504648110681
2,184,DSDM02_Database_Model,0.9236296651383129
2,6,Doctor_of_Philosophy,0.92228959040851
2,12,Graduate_school,0.9205144683823573
2,164,DSDM03_DI4,0.9203048095693465
2,260,Categorization,0.9193039309920727
2,290,SPARQL,0.9191731454801995
2,74,MATLAB,0.9177694276228228
2,236,MATLAB,0.9177694276228228
2,96,ScholarlyMethod,0.9175518972305512
2,37,Finance,0.9172690882041478
2,172,DSDM03_Data_Collection_And_Integration,0.9155001597729413
2,149,DSRM04_Strategic_Plan_Into_Action,0.9152982088818595
2,2,Bachelor_degree,0.9149100560058099
2,26,Financial_economics,0.9146038225873456
2,306,MarketPenetration,0.9145053660701841
2,317,Objective-C,0.9142382980399887
2,298,db,0.9119407092611895
2,99,IsOperationsResearchReallyResearch,0.9116867450960553
2,178,DSRM03_Is_Operations_Research_Really_Research,0.9116867450960553
2,54,Employment_agency,0.911655020450545
2,321,Objective-J,0.9110555426401935
2,45,Correlation,0.9103267439894507
2,168,DSDA02_Correlation,0.9103267439894507
2,144,DSDA04_Data_Blending,0.9097462678127902
2,93,Service-oriented modeling,0.9091704507295961
2,252,Unsupervised_learning,0.9088308320685333
2,266,Unsupervised learning,0.9088308320685333
2,311,C,0.9080777814423588
2,226,DSDM05_Data_Format_Management,0.9054742287735684
2,175,DSDA06_Software_Visualization,0.9052777944921693
2,119,DSDA06_Data_Visualization_Types,0.9031279738300412
2,29,Mathematical_finance,0.9029244963580425
2,332,Software_developer,0.9010817532051267
2,87,Business communication,0.900373954082481
2,118,DSRM04_Strategic_Planning,0.9001382027466582
2,4,Chemistry_Quality_Eurolabels,0.900106467564803
2,322,PHP,0.899902050728976
2,23,Mathematics,0.8996863121139675
2,47,Summary_Table_for_Statistical_Techniques,0.8992623026757514
2,18,BiomedicalEngineering,0.8983376000879236
2,3,Master_of_Applied_Science,0.8952043508692924
2,112,DSENG04_Relational_Non-Relational_Databases,0.8950741416386045
2,292,DSENG04_Relational_non-relational_databases,0.8950741416386045
2,11,Educational_specialist,0.8941458135176755
2,39,A_Guide_to_Statistical_Techniques,0.8936939660465653
2,205,DSDM02_Data_Model,0.8934882841808344
2,269,Classification,0.8922545541966047
2,153,DSDM06_Ethical_Issues_In_Data_Management,0.8913430425753519
2,110,FrascatiDefinitionofResearch,0.8901638344805685
2,228,DSRM03_Frascati_Definition_Of_Research,0.8901638344805685
2,222,DSENG03_DM2,0.889889702117014
2,293,database,0.8883261204246491
2,318,Ruby,0.8875417389382891
2,154,DSDM03_DI5,0.8871757170654214
2,295,Database,0.8867577743743479
2,115,DSRM06_Teaching_Creativity_And_Inventive_Problem_Solving_In_Science,0.886514760175155
2,38,Stock_Trader,0.8860202297980908
2,15,Master_of_Laws,0.8837317691044034
2,193,DSDK03_The_Role_Of_Finance_In_The_Strategic-Planning_And_Decision-Making_Process,0.883313741924541
2,49,Executive_search,0.8801863093129616
2,329,JavaScript,0.879154904846944
2,28,CapitalMarket,0.8786882729939163
2,173,DSENG03_Analysis_Tools_For_Decision_Making,0.8780994667967177
2,95,Corporate communication,0.8779162268284251
2,143,DSDM05_From_Data_Deluge_to_Data_Curation,0.8777127680528424
2,105,DSRM02_Systematic_study,0.877267065568127
2,155,DSRM02_Systematic_Study,0.877267065568127
2,141,DSDA04_DB3,0.8769644439093269
2,157,DSDM01_Data_Management_Sample_Plan,0.8748437508337726
2,140,DSENG02_CS1,0.8745872764733016
2,316,C_Sharp,0.8742852675336584
2,138,DSDK01_Business_Process_Definition,0.8738596396129499
2,36,Stock_Exchange,0.8711345682630884
2,305,CAD,0.8702915743211934
2,202,DSDK03_The_Significance_Of_Management_Information_Systems_For_Enhancing_Strategic_And_Tactical_Planning,0.8697239400016872
2,81,E-commerce,0.8693740716119202
2,243,Co-marketing,0.8689063930912396
2,296,Elasticsearch,0.8685115811902426
2,324,Scala,0.8674622165503088
2,257,Clustering,0.8667623545397869
2,208,DSDM06_Intellectual_Property_Rights_In_Data_Management,0.8667339936315966
2,258,Machine learning,0.8655586711514619
2,261,Machine_learning,0.8655586711514619
2,227,DSENG03_DM4,0.8649887635630593
2,61,Grid_computing,0.8640727825361542
2,62,Grid computing,0.8640727825361542
2,85,Non-store_retailing,0.8628263338075314
2,0,First_professional_degree,0.8626543352195049
2,17,Biomedicine,0.8620078683225207
2,22,List_of_statistical_packages,0.8620067714159025
2,69,List_of_statistical_packages,0.8620067714159025
2,79,Software,0.861845382538925
2,241,Software,0.861845382538925
2,43,List_of_statistical_packages,0.8615534525194779
2,200,DSDA02_List_Of_Statistical_Packages,0.8615534525194779
2,177,DSDK04_Analytical_Skill,0.8591773896808891
2,94,Business Model,0.8568484401336696
2,139,DSDM03_DI2,0.8566302895112989
2,327,Python,0.8566061400103795
2,276,MySQL,0.855234201687882
2,315,Programmer,0.8549928151788275
2,286,IBM_DB2,0.8544942229079815
2,182,DSENG02_CS3,0.8540237670707232
2,44,Important_Methods_For_Statistical_Data_Analysis,0.8513110465732006
2,129,DSDA02_Important_Methods_For_Statistical_Data_Analysis,0.8513110465732006
2,312,Computer_Programming,0.849552752506465
2,188,DSRM04_Elaborating_Action_Plans,0.8494377760730567
2,203,DSDA05_Complex_Data_Visualized,0.8465460085984386
2,5,Terminal_degree,0.8457894822481995
2,152,DSENG01_Engineering_Principles,0.844848787844489
2,31,Corporate_finance,0.8445292989188657
2,281,Database2,0.8431519675986335
2,185,DSDK06_Analyse_Data_For_Marketing,0.8419561550554601
2,113,DSRM04_Developing_Strategic_And_Action_Plans,0.840093444447992
2,150,DSDK04_Analytical_Support_Introduction,0.8394868530825232
2,148,DSENG02_Computational_Science,0.8394005072582806
2,198,DSDM04_Data_Sharing,0.8393412695420245
2,297,PostgreSQL,0.8387746196597291
2,83,Types_of_e-commerce,0.8386158782242269
2,145,DSDM06_Ethical_Legal_And_Commercial_IPR,0.8386031714920754
2,133,DSDA05_Big_Data_Analytics_Platforms,0.8383366299968238
2,309,RequirementsManagement,0.8345821492310957
2,68,Git,0.8340270853144371
2,231,Git,0.8340270853144371
2,60,Cloudera,0.8333555700706862
2,171,DSDM01_Write_A_Data_Management_Plan,0.832210569750889
2,70,SPSS,0.8320299215521276
2,232,SPSS,0.8320299215521276
2,214,DSDM06_Ethics_Of_RDM,0.8316496019529099
2,287,CouchDB,0.8306286220916619
2,162,DSDK01_Business_Process,0.828714882872804
2,282,MonetDB,0.8286494248557615
2,195,DSDM01_Data_Management,0.8280877250660912
2,181,DSDA03_Data_Analytics,0.8278365086570963
2,14,Professional_Science_Master's_Degree,0.8278133645631256
2,159,DSDM05_Data_Steward,0.827619141722106
2,308,Product,0.8257899692189616
2,121,DSENG04_DB2,0.8246279146994214
2,274,DB2,0.8246279146994214
2,204,DSDM03_DI3,0.8235284134769271
2,131,DSDM02_Data_Modeling_101,0.8220750117907158
2,75,GATE,0.8187067784821265
2,237,GATE,0.8187067784821265
2,207,DSENG06_Big_Data_Analytics_Applications,0.8173137807576356
2,246,Mobile_marketing,0.8137406901138173
2,55,Onboarding,0.8122462455130405
2,273,MongoDB,0.8113281833156841
2,156,DSENG02_CS2,0.8102306606805747
2,219,DSENG03_DM5,0.8100478295599652
2,89,Business,0.8100318845833825
2,72,Oracle Data Mining,0.809154035034801
2,80,Oracle_Data_Mining,0.809154035034801
2,234,Oracle Data Mining,0.809154035034801
2,242,Oracle_Data_Mining,0.809154035034801
2,16,BiomedicalEngineers2,0.8070631128584443
2,303,VirtualProductDevelopment,0.8055163828488858
2,262,Text mining,0.8053261376264605
2,265,Text_mining,0.8053261376264605
2,213,DSRM06_Diffusion_Of_Innovations,0.805308731107952
2,132,DSDK06_Marketing,0.8052100913292253
2,19,_BiomedicalEngineers,0.8045189884430638
2,304,Product_life-CycleManagement,0.8035751376396887
2,166,DSENG06_Dashboard_Business,0.8028356956705934
2,194,DSDM04_Data_Archaeology,0.8016451163348587
2,88,Business Management,0.8010310119240529
2,146,DSDM01_Data_Management_Curation,0.7990997393507908
2,77,Waffles,0.7978155180096923
2,239,Waffles,0.7978155180096923
2,56,Human_resource_consulting,0.796300691103605
2,302,productDevelopment,0.7951938269457909
2,211,DSDM04_Data_Library,0.7951126403194742
2,170,DSDA03_Better_Decisions_Through_Analytics,0.7938923292608192
2,92,Project management,0.7915226277244634
2,320,Java,0.7896398056309717
2,221,DSDM01_Data_Management_Plan,0.7885239510588404
2,40,StatisticalTechniques,0.7884114088028641
2,134,DSDA02_Statistical_Techniques,0.7884114088028641
2,244,MarketingMix,0.787422009478127
2,125,DSDM04_Data_Governance,0.787236465713484
2,78,Mathematica,0.7867438690422242
2,240,Mathematica,0.7867438690422242
2,50,Personality-job_fit_theory,0.7865407094420169
2,253,Statistics,0.7842924011398612
2,128,DSENG06_Analytic_Applications,0.7838441197467076
2,284,Data_mart,0.7830775945416745
2,20,Statistics,0.7830453573604942
2,41,Statistics,0.7830453573604942
2,158,DSDA02_Statistics,0.7830453573604942
2,313,pbdR,0.7798663690774748
2,169,DSDA04_DB1,0.7792307742232318
2,90,Business Intelligence,0.7770035305603665
2,57,Distributed Computing,0.7758868424281211
2,63,Distributed_Computing,0.7758868424281211
2,160,DSDA04_DB4,0.7748121505641951
2,186,DSRM06_Ingenuity,0.7739647365321587
2,300,Time_toMarket,0.765165264632688
2,250,Viral_marketing,0.7579400536884895
2,52,Human_resource_management,0.7526506316807702
2,272,Apache_HBase,0.7516594279505782
2,64,Hadoop,0.7514340501602985
2,174,DSDA05_Platforms1,0.7433663021571676
2,58,Hortonworks,0.7424730257058187
2,333,R,0.7410410076441377
2,176,DSDK03_Strategic_management,0.73479055554674
2,209,DSDM01_Data_Management_Curation_Platform,0.7244211733459652
2,299,Data_warehouse,0.7210135046819965
2,163,DSDK02_S,0.7197754825539339
2,151,DSDK02_How_To_Develop_Big_Data_Consulting_Services,0.718313703500389
2,189,DSDA03_How_Predictive_Analytics_Could_Improve_Decision_Making,0.7145467754600086
2,117,DSDA05_Platforms3,0.7112565239249563
2,71,Weka,0.7082965910861994
2,233,Weka,0.7082965910861994
2,46,DataAnalytics,0.7065682644980423
2,136,DSDA02_Data_Analytics,0.7065682644980423
2,301,New_product_development,0.7048124102296156
2,196,DSDA03_Analytics_For_Decision_Making,0.7040299959623708
2,67,JMP,0.7031129037135523
2,230,JMP,0.7031129037135523
2,179,DSDK05_Analyse_Customer_Data,0.7020251601028182
2,201,DSDA04_DB2,0.7008420182626705
2,123,DSDA05_Platforms2,0.6919265179847864
2,135,DSDA05_Data_Visualization,0.6905888667240103
2,76,KNIME,0.6842354718203361
2,238,KNIME,0.6842354718203361
2,142,DSDA01_Predictive_Analytics,0.6713079048937634
2,264,Predictive Analytics,0.6702081073191806
2,270,Predictive_Analytics,0.6702081073191806
2,206,DSDK04_How_Big_Data_Analytics_Tools_Can_Help_Your_Organization,0.6582334367200191
2,66,SAS,0.6546373767487969
2,229,SAS,0.6546373767487969
2,314,SAS,0.6546373767487969
2,256,Data_mining,0.6352493086673616
2,267,Data mining,0.6352493086673616
2,124,DSDK02_Big_Data_New_Product_Development,0.633676649362228
2,24,Math_Stats_tools,0.5849821731734292
3,289,Databases,0.9999981649522982
3,30,Financial_instrument,0.999989918206458
3,248,Meta-advertising,0.9984857726034436
3,51,Employment_websites,0.9961160541212352
3,293,database,0.9913060979880904
3,33,Financial_market_efficiency,0.9900477157248144
3,21,Lists_of_mathematics_topics,0.9876626218124464
3,225,DSDM02_DBMS-Data_Models,0.9854265855626609
3,161,DSDM03_DI1,0.9848964345628679
3,307,Pro-innovation_bias,0.9843414629445078
3,243,Co-marketing,0.9825363578918536
3,192,DSDA04_DI,0.981898235613165
3,91,Job interview,0.9814052758169083
3,34,FinancialRegulation,0.9802416585682755
3,331,Transact-SQL,0.9797584282322465
3,249,Television_advertisement,0.9795196151590698
3,296,Elasticsearch,0.9790793048239157
3,247,Interactive_advertising,0.9777463578609557
3,111,SS,0.9769737422742137
3,116,DSRM02_SS,0.9769737422742137
3,154,DSDM03_DI5,0.9761702973077838
3,120,DSENG04_DB6,0.9760394337176
3,280,DB6,0.9760394337176
3,320,Java,0.9757218787672651
3,288,Oracle_Database,0.9741218263523282
3,32,Financial_market,0.9733142954690085
3,165,DSENG04_DB1,0.9730047732370575
3,278,DB1,0.9730047732370575
3,291,NoSQL,0.9729915189114106
3,86,Digital_economy,0.9726746937591126
3,59,Cloud_Computing,0.9726397842090009
3,65,Cloud Computing,0.9726397842090009
3,302,productDevelopment,0.9719531660925248
3,35,Investment_theory,0.9717602694952915
3,149,DSRM04_Strategic_Plan_Into_Action,0.9698950004404305
3,285,Microsoft_SQL_Server,0.969414502929905
3,207,DSENG06_Big_Data_Analytics_Applications,0.9660931187760923
3,27,FinanceCapitalism,0.9658650029546666
3,306,MarketPenetration,0.9657164394171956
3,245,Advertising,0.9643543239726536
3,268,Statistical method,0.9632120857698203
3,271,Statistical_method,0.9632120857698203
3,47,Summary_Table_for_Statistical_Techniques,0.9628405682863371
3,197,DSENG05_DS4,0.962008198753468
3,251,Video_commerce,0.9613385296376673
3,304,Product_life-CycleManagement,0.9602666528659318
3,212,DSENG05_DS1,0.9585234576599799
3,137,DSENG05_DS2,0.9579267237459758
3,324,Scala,0.9575546890200552
3,259,Information_Retrieval,0.9574069385431608
3,263,Information Retrieval,0.9574069385431608
3,325,PL-SQL,0.9570920736672884
3,275,ODBMS,0.9570724727465869
3,183,DSENG05_Security_Service_Management,0.9568266131391375
3,303,VirtualProductDevelopment,0.9567947222147473
3,164,DSDM03_DI4,0.9563447728558059
3,28,CapitalMarket,0.9558346297676766
3,42,6_BASIC_STATISTICAL_TOOLS,0.9551958610363951
3,220,DSDA02_Basic_Statistical_Tools,0.9551958610363951
3,119,DSDA06_Data_Visualization_Types,0.9548877782728243
3,316,C_Sharp,0.9527426628041559
3,329,JavaScript,0.9519740981243779
3,334,Computer_network,0.9519476665071762
3,319,C++,0.9515017773228321
3,112,DSENG04_Relational_Non-Relational_Databases,0.9511062533344236
3,292,DSENG04_Relational_non-relational_databases,0.9511062533344236
3,308,Product,0.9500237549421305
3,184,DSDM02_Database_Model,0.9498786370313445
3,300,Time_toMarket,0.9479511262649094
3,318,Ruby,0.9475873819749113
3,37,Finance,0.9472543936052488
3,73,Octave,0.9465794807618096
3,235,Octave,0.9465794807618096
3,118,DSRM04_Strategic_Planning,0.9461918148391344
3,193,DSDK03_The_Role_Of_Finance_In_The_Strategic-Planning_And_Decision-Making_Process,0.9446870931686315
3,72,Oracle Data Mining,0.9429544461842694
3,80,Oracle_Data_Mining,0.9429544461842694
3,234,Oracle Data Mining,0.9429544461842694
3,242,Oracle_Data_Mining,0.9429544461842694
3,49,Executive_search,0.9428505548787204
3,310,C--,0.9428003801052156
3,244,MarketingMix,0.9423994600633129
3,74,MATLAB,0.9415283416061718
3,236,MATLAB,0.9415283416061718
3,226,DSDM05_Data_Format_Management,0.9415283246674803
3,57,Distributed Computing,0.9413596831136253
3,63,Distributed_Computing,0.9413596831136253
3,132,DSDK06_Marketing,0.9408445157029561
3,204,DSDM03_DI3,0.9394609882019749
3,317,Objective-C,0.9390986264942279
3,224,DSENG06_Operational_Reporting,0.9387766719492734
3,26,Financial_economics,0.9384725631772362
3,210,DSENG04_DB4,0.9378598186226519
3,283,DB4,0.9378598186226519
3,54,Employment_agency,0.9377644373103673
3,139,DSDM03_DI2,0.9377166876368779
3,36,Stock_Exchange,0.9374924875632412
3,94,Business Model,0.9371769533899558
3,326,Julia,0.9370472239948705
3,122,DSENG04_DB3,0.936394693476291
3,294,DB3,0.936394693476291
3,191,DSENG06_List_Of_Reporting_Software,0.9360165972556818
3,107,RMO,0.9358707548610088
3,167,DSRM05_RMO,0.9358707548610088
3,48,Executive_search_firms,0.9358129457294612
3,190,DSENG04_DB5,0.9353200725952691
3,279,DB5,0.9353200725952691
3,133,DSDA05_Big_Data_Analytics_Platforms,0.9339700790007159
3,298,db,0.9335988990182051
3,311,C,0.9326529924454922
3,187,DSDM05_Digital_Preservation,0.9326504964524542
3,290,SPARQL,0.932526974199733
3,29,Mathematical_finance,0.9317838129168831
3,215,DSDK03_Strategic_financial_management,0.9313211981351688
3,254,Supervised_Learning,0.931079737527322
3,255,Supervised Learning,0.931079737527322
3,138,DSDK01_Business_Process_Definition,0.9304441716179906
3,17,Biomedicine,0.9302067268376325
3,323,System_programming,0.9295439635562129
3,322,PHP,0.9282907883709193
3,287,CouchDB,0.9280847057199996
3,103,DSRM01_Scientific_method,0.9277634001523384
3,130,DSRM01_Scientific_Method,0.9277634001523384
3,0,First_professional_degree,0.9261536297911942
3,56,Human_resource_consulting,0.9259686769427485
3,246,Mobile_marketing,0.9248721630634189
3,23,Mathematics,0.9246662846347877
3,61,Grid_computing,0.9244081078398979
3,62,Grid computing,0.9244081078398979
3,68,Git,0.9239269474148482
3,231,Git,0.9239269474148482
3,25,Financial_services,0.9236590569450784
3,150,DSDK04_Analytical_Support_Introduction,0.9231806679297231
3,281,Database2,0.922629656421632
3,45,Correlation,0.9218936980227447
3,168,DSDA02_Correlation,0.9218936980227447
3,309,RequirementsManagement,0.9214856124903646
3,96,ScholarlyMethod,0.9209504023953172
3,284,Data_mart,0.9198947221887266
3,257,Clustering,0.9196600543452622
3,153,DSDM06_Ethical_Issues_In_Data_Management,0.9188752454179167
3,151,DSDK02_How_To_Develop_Big_Data_Consulting_Services,0.9185372818538748
3,327,Python,0.9161788472243904
3,295,Database,0.9159395385692405
3,108,RM1,0.914948137656231
3,114,DSRM06_RM1,0.914948137656231
3,127,DSRM01_RM1,0.914948137656231
3,188,DSRM04_Elaborating_Action_Plans,0.9145842374208492
3,38,Stock_Trader,0.9132400354653578
3,39,A_Guide_to_Statistical_Techniques,0.9129578400173337
3,328,Software_architecture,0.9115749484186835
3,67,JMP,0.9108763110918627
3,230,JMP,0.9108763110918627
3,113,DSRM04_Developing_Strategic_And_Action_Plans,0.9099453984140998
3,174,DSDA05_Platforms1,0.9079876856483867
3,144,DSDA04_Data_Blending,0.9079437763754249
3,95,Corporate communication,0.9076642809526696
3,5,Terminal_degree,0.9075699189037196
3,301,New_product_development,0.9071409123954558
3,217,DSENG03_DM3,0.9067070436346809
3,159,DSDM05_Data_Steward,0.9065940878025458
3,66,SAS,0.9059931806520708
3,229,SAS,0.9059931806520708
3,314,SAS,0.9059931806520708
3,179,DSDK05_Analyse_Customer_Data,0.9058494575412731
3,262,Text mining,0.9045835769088618
3,265,Text_mining,0.9045835769088618
3,172,DSDM03_Data_Collection_And_Integration,0.9042886883996205
3,55,Onboarding,0.9040045747657557
3,115,DSRM06_Teaching_Creativity_And_Inventive_Problem_Solving_In_Science,0.9027612883475712
3,110,FrascatiDefinitionofResearch,0.9026905466824502
3,228,DSRM03_Frascati_Definition_Of_Research,0.9026905466824502
3,313,pbdR,0.9020673094702801
3,14,Professional_Science_Master's_Degree,0.9014767109348187
3,170,DSDA03_Better_Decisions_Through_Analytics,0.9005608101151094
3,194,DSDM04_Data_Archaeology,0.9002969307325875
3,8,Master_degree,0.8997798249005653
3,125,DSDM04_Data_Governance,0.8997531918305491
3,332,Software_developer,0.8996444797901809
3,276,MySQL,0.899481871078616
3,31,Corporate_finance,0.8990584882706605
3,286,IBM_DB2,0.8989280547560877
3,44,Important_Methods_For_Statistical_Data_Analysis,0.8986854820976142
3,129,DSDA02_Important_Methods_For_Statistical_Data_Analysis,0.8986854820976142
3,272,Apache_HBase,0.8977950105974456
3,312,Computer_Programming,0.8972256649949856
3,147,DSENG03_DM1,0.8969440280021098
3,128,DSENG06_Analytic_Applications,0.8963981247616064
3,11,Educational_specialist,0.8956055866139685
3,109,Primary_Research,0.8953447742718047
3,162,DSDK01_Business_Process,0.8942952705984037
3,173,DSENG03_Analysis_Tools_For_Decision_Making,0.8939259341743515
3,87,Business communication,0.8934519021924792
3,10,Engineer_degree,0.8925387487588807
3,182,DSENG02_CS3,0.8923252613116402
3,141,DSDA04_DB3,0.8922163511880905
3,102,RM3,0.8911692200513558
3,218,DSRM01_RM3,0.8911692200513558
3,100,Secondary_research,0.8894461609947933
3,321,Objective-J,0.8877501788953776
3,205,DSDM02_Data_Model,0.8871350647916807
3,203,DSDA05_Complex_Data_Visualized,0.8858995443896863
3,152,DSENG01_Engineering_Principles,0.8852424438224091
3,70,SPSS,0.8848450784705104
3,232,SPSS,0.8848450784705104
3,253,Statistics,0.8844269844096078
3,89,Business,0.8840360577704744
3,166,DSENG06_Dashboard_Business,0.8839439481597974
3,186,DSRM06_Ingenuity,0.8838277284334993
3,273,MongoDB,0.883636729202538
3,277,RDBMS,0.8826331651617376
3,20,Statistics,0.8826257530485968
3,41,Statistics,0.8826257530485968
3,158,DSDA02_Statistics,0.8826257530485968
3,22,List_of_statistical_packages,0.8823271218255376
3,69,List_of_statistical_packages,0.8823271218255376
3,43,List_of_statistical_packages,0.8818265457647013
3,200,DSDA02_List_Of_Statistical_Packages,0.8818265457647013
3,250,Viral_marketing,0.8818123270998817
3,12,Graduate_school,0.8800404476474731
3,18,BiomedicalEngineering,0.8799475533176215
3,16,BiomedicalEngineers2,0.8798639463593677
3,260,Categorization,0.8791190153333518
3,216,DSRM06_SM,0.8786517864295735
3,92,Project management,0.8775962109479686
3,13,Master_of_Engineering,0.8745696846262113
3,97,UndergraduateResearch,0.8725493292578096
3,160,DSDA04_DB4,0.8723693970098009
3,7,Master_of_Science,0.8722641819503181
3,19,_BiomedicalEngineers,0.8720933568015223
3,88,Business Management,0.871645569991251
3,315,Programmer,0.8707005975925431
3,256,Data_mining,0.8693324073705166
3,267,Data mining,0.8693324073705166
3,201,DSDA04_DB2,0.8686415066232391
3,185,DSDK06_Analyse_Data_For_Marketing,0.8679148102279004
3,117,DSDA05_Platforms3,0.8676668045022142
3,198,DSDM04_Data_Sharing,0.8654025711041107
3,79,Software,0.8642140888789964
3,241,Software,0.8642140888789964
3,202,DSDK03_The_Significance_Of_Management_Information_Systems_For_Enhancing_Strategic_And_Tactical_Planning,0.8633904678233539
3,156,DSENG02_CS2,0.863130448065901
3,64,Hadoop,0.8626064537788924
3,104,RM4,0.862556656083755
3,126,DSRM01_RM4,0.862556656083755
3,58,Hortonworks,0.8617510513427395
3,222,DSENG03_DM2,0.861434989658132
3,106,DSRM06_Contribute_research_objectives,0.8608031305085888
3,223,DSRM05_Contribute_Research_Objectives,0.8608031305085888
3,78,Mathematica,0.860759871767951
3,240,Mathematica,0.860759871767951
3,213,DSRM06_Diffusion_Of_Innovations,0.8607521550542677
3,175,DSDA06_Software_Visualization,0.8605317607986092
3,90,Business Intelligence,0.8602903222110985
3,98,RM2,0.8601785395979241
3,180,DSRM01_RM2,0.8601785395979241
3,105,DSRM02_Systematic_study,0.8599601993688863
3,155,DSRM02_Systematic_Study,0.8599601993688863
3,177,DSDK04_Analytical_Skill,0.8596839127075984
3,40,StatisticalTechniques,0.8596289292217404
3,134,DSDA02_Statistical_Techniques,0.8596289292217404
3,53,Employment_agencies,0.8586099072751862
3,206,DSDK04_How_Big_Data_Analytics_Tools_Can_Help_Your_Organization,0.855550155558775
3,163,DSDK02_S,0.8537417291895714
3,124,DSDK02_Big_Data_New_Product_Development,0.8511535242558762
3,269,Classification,0.8494178911897813
3,24,Math_Stats_tools,0.8491177098103648
3,297,PostgreSQL,0.8465473242681886
3,330,Software_engineer,0.8442742349255391
3,101,RM5,0.8438756246129248
3,199,DSRM01_RM5,0.8438756246129248
3,282,MonetDB,0.8434931926397791
3,99,IsOperationsResearchReallyResearch,0.8422164788133598
3,178,DSRM03_Is_Operations_Research_Really_Research,0.8422164788133598
3,148,DSENG02_Computational_Science,0.8416638222010809
3,75,GATE,0.8411769354069452
3,237,GATE,0.8411769354069452
3,208,DSDM06_Intellectual_Property_Rights_In_Data_Management,0.840785555233375
3,83,Types_of_e-commerce,0.8392652291679494
3,121,DSENG04_DB2,0.8391328977776871
3,274,DB2,0.8391328977776871
3,123,DSDA05_Platforms2,0.8389662639119722
3,9,European_Joint_Master_degree_in_Economics,0.8343480850923899
3,305,CAD,0.8341502257558717
3,140,DSENG02_CS1,0.8326239796250574
3,171,DSDM01_Write_A_Data_Management_Plan,0.830750450490837
3,189,DSDA03_How_Predictive_Analytics_Could_Improve_Decision_Making,0.8297186931104301
3,77,Waffles,0.8277477379929232
3,239,Waffles,0.8277477379929232
3,195,DSDM01_Data_Management,0.8246360399678591
3,169,DSDA04_DB1,0.8242687867251296
3,181,DSDA03_Data_Analytics,0.8227876100509742
3,227,DSENG03_DM4,0.821728729414219
3,60,Cloudera,0.8164706645037502
3,1,Master's_degree_in_Europe,0.81513176644348
3,333,R,0.8132922496834278
3,252,Unsupervised_learning,0.8123898394573763
3,266,Unsupervised learning,0.8123898394573763
3,2,Bachelor_degree,0.8118686655238215
3,176,DSDK03_Strategic_management,0.811341726705396
3,143,DSDM05_From_Data_Deluge_to_Data_Curation,0.811012500416011
3,196,DSDA03_Analytics_For_Decision_Making,0.8075888669341268
3,219,DSENG03_DM5,0.8051399782393871
3,146,DSDM01_Data_Management_Curation,0.804723592655625
3,299,Data_warehouse,0.8028118114969274
3,157,DSDM01_Data_Management_Sample_Plan,0.7997229410679269
3,142,DSDA01_Predictive_Analytics,0.789036426301178
3,209,DSDM01_Data_Management_Curation_Platform,0.7860222604303452
3,50,Personality-job_fit_theory,0.7856372192858836
3,264,Predictive Analytics,0.7827797066265589
3,270,Predictive_Analytics,0.7827797066265589
3,93,Service-oriented modeling,0.7821685079954321
3,131,DSDM02_Data_Modeling_101,0.7819628716815469
3,6,Doctor_of_Philosophy,0.781619031238785
3,76,KNIME,0.7803664938320646
3,238,KNIME,0.7803664938320646
3,135,DSDA05_Data_Visualization,0.7748418045136367
3,258,Machine learning,0.7736659292730619
3,261,Machine_learning,0.7736659292730619
3,85,Non-store_retailing,0.7700284123696693
3,221,DSDM01_Data_Management_Plan,0.764499509864845
3,46,DataAnalytics,0.7496571770918338
3,136,DSDA02_Data_Analytics,0.7496571770918338
3,52,Human_resource_management,0.723693360962647
3,145,DSDM06_Ethical_Legal_And_Commercial_IPR,0.7151898970534831
3,211,DSDM04_Data_Library,0.6796847928589984
3,15,Master_of_Laws,0.6757186297209589
3,71,Weka,0.6549569673640399
3,233,Weka,0.6549569673640399
3,82,Online_marketplace,0.6443339208037677
3,84,E-commerce_credit_card_payment_system,0.638728742079417
3,81,E-commerce,0.6360533723549604
3,3,Master_of_Applied_Science,0.5575437980493274
3,214,DSDM06_Ethics_Of_RDM,0.536556297277099
3,4,Chemistry_Quality_Eurolabels,0.4999171921328309
4,289,Databases,1.0
4,302,productDevelopment,1.0
4,30,Financial_instrument,0.9950995271023305
4,307,Pro-innovation_bias,0.9937888779703725
4,247,Interactive_advertising,0.9892721491712154
4,47,Summary_Table_for_Statistical_Techniques,0.9867696021262049
4,21,Lists_of_mathematics_topics,0.9813912923938333
4,33,Financial_market_efficiency,0.9810526384844585
4,245,Advertising,0.9762231564377256
4,248,Meta-advertising,0.9744106926170151
4,91,Job interview,0.971149041581584
4,153,DSDM06_Ethical_Issues_In_Data_Management,0.9675451896181562
4,27,FinanceCapitalism,0.9671580554734338
4,35,Investment_theory,0.9669787055078622
4,45,Correlation,0.9667897257090884
4,168,DSDA02_Correlation,0.9667897257090884
4,120,DSENG04_DB6,0.9662970769487524
4,280,DB6,0.9662970769487524
4,111,SS,0.9660056226104999
4,116,DSRM02_SS,0.9660056226104999
4,249,Television_advertisement,0.9652243110790428
4,32,Financial_market,0.9644692264271658
4,51,Employment_websites,0.9632387067804978
4,42,6_BASIC_STATISTICAL_TOOLS,0.9623332676881325
4,220,DSDA02_Basic_Statistical_Tools,0.9623332676881325
4,288,Oracle_Database,0.9622442096582122
4,331,Transact-SQL,0.9607263759499083
4,103,DSRM01_Scientific_method,0.9600287208018587
4,130,DSRM01_Scientific_Method,0.9600287208018587
4,254,Supervised_Learning,0.9598662646603312
4,255,Supervised Learning,0.9598662646603312
4,197,DSENG05_DS4,0.9587533308137179
4,82,Online_marketplace,0.9585195949217339
4,86,Digital_economy,0.9577845039771032
4,303,VirtualProductDevelopment,0.956983897011971
4,118,DSRM04_Strategic_Planning,0.9569261942628204
4,3,Master_of_Applied_Science,0.9554562045935906
4,101,RM5,0.9542403271548312
4,199,DSRM01_RM5,0.9542403271548312
4,102,RM3,0.9525185851688392
4,218,DSRM01_RM3,0.9525185851688392
4,175,DSDA06_Software_Visualization,0.9524572885270246
4,320,Java,0.9521925052973832
4,34,FinancialRegulation,0.9512068042874393
4,325,PL-SQL,0.9499224418874602
4,25,Financial_services,0.9498150168597783
4,96,ScholarlyMethod,0.9497066477239823
4,293,database,0.9494401675248374
4,54,Employment_agency,0.9487913603187412
4,324,Scala,0.9481056448485131
4,133,DSDA05_Big_Data_Analytics_Platforms,0.9471551642583455
4,216,DSRM06_SM,0.9464588525727955
4,290,SPARQL,0.9464342400689006
4,285,Microsoft_SQL_Server,0.9459758081565628
4,48,Executive_search_firms,0.9455999989449644
4,70,SPSS,0.9455465369381033
4,232,SPSS,0.9455465369381033
4,306,MarketPenetration,0.9451979764502443
4,119,DSDA06_Data_Visualization_Types,0.9434316405809348
4,59,Cloud_Computing,0.9422960349923769
4,65,Cloud Computing,0.9422960349923769
4,87,Business communication,0.9398111883074528
4,108,RM1,0.9393691077464895
4,114,DSRM06_RM1,0.9393691077464895
4,127,DSRM01_RM1,0.9393691077464895
4,317,Objective-C,0.9391405845836686
4,296,Elasticsearch,0.9388674994865257
4,251,Video_commerce,0.9388383122953113
4,145,DSDM06_Ethical_Legal_And_Commercial_IPR,0.9378805045686499
4,104,RM4,0.9366011157507879
4,126,DSRM01_RM4,0.9366011157507879
4,310,C--,0.9365190936742891
4,53,Employment_agencies,0.9354934736615874
4,107,RMO,0.9349487977389457
4,167,DSRM05_RMO,0.9349487977389457
4,165,DSENG04_DB1,0.9349343619366591
4,278,DB1,0.9349343619366591
4,291,NoSQL,0.9348727636678625
4,243,Co-marketing,0.9347434041308473
4,319,C++,0.9347318513806505
4,326,Julia,0.9345555641828153
4,186,DSRM06_Ingenuity,0.934497731201748
4,224,DSENG06_Operational_Reporting,0.9340006963327558
4,187,DSDM05_Digital_Preservation,0.9338240337473941
4,28,CapitalMarket,0.9331137483040235
4,22,List_of_statistical_packages,0.9330905192346481
4,69,List_of_statistical_packages,0.9330905192346481
4,43,List_of_statistical_packages,0.9325292715192798
4,200,DSDA02_List_Of_Statistical_Packages,0.9325292715192798
4,73,Octave,0.9312511504837557
4,235,Octave,0.9312511504837557
4,109,Primary_Research,0.9304107179348516
4,115,DSRM06_Teaching_Creativity_And_Inventive_Problem_Solving_In_Science,0.929733896711428
4,250,Viral_marketing,0.9297001312925155
4,112,DSENG04_Relational_Non-Relational_Databases,0.9295491106626166
4,292,DSENG04_Relational_non-relational_databases,0.9295491106626166
4,85,Non-store_retailing,0.9294767547122976
4,12,Graduate_school,0.9282601535275765
4,334,Computer_network,0.9278755259943733
4,113,DSRM04_Developing_Strategic_And_Action_Plans,0.9261310909082159
4,329,JavaScript,0.9259480242413546
4,318,Ruby,0.925339253296817
4,259,Information_Retrieval,0.9239981665213394
4,263,Information Retrieval,0.9239981665213394
4,262,Text mining,0.9232038810317745
4,265,Text_mining,0.9232038810317745
4,72,Oracle Data Mining,0.9208739020134318
4,80,Oracle_Data_Mining,0.9208739020134318
4,234,Oracle Data Mining,0.9208739020134318
4,242,Oracle_Data_Mining,0.9208739020134318
4,151,DSDK02_How_To_Develop_Big_Data_Consulting_Services,0.9197979904390224
4,330,Software_engineer,0.919067402111075
4,275,ODBMS,0.9185252960277237
4,207,DSENG06_Big_Data_Analytics_Applications,0.9178789235591671
4,304,Product_life-CycleManagement,0.9176189833113094
4,149,DSRM04_Strategic_Plan_Into_Action,0.9168936001551378
4,37,Finance,0.9166847654289839
4,298,db,0.9163106334712617
4,137,DSENG05_DS2,0.9160506358561578
4,203,DSDA05_Complex_Data_Visualized,0.9145465188998578
4,179,DSDK05_Analyse_Customer_Data,0.9143621133598748
4,328,Software_architecture,0.9142588812461792
4,38,Stock_Trader,0.9139762562396376
4,313,pbdR,0.9139409746101576
4,74,MATLAB,0.9134933050301375
4,236,MATLAB,0.9134933050301375
4,253,Statistics,0.9134246065853341
4,170,DSDA03_Better_Decisions_Through_Analytics,0.912925082142868
4,281,Database2,0.9121754491701445
4,60,Cloudera,0.9121265733152134
4,20,Statistics,0.912079321798854
4,41,Statistics,0.912079321798854
4,158,DSDA02_Statistics,0.912079321798854
4,122,DSENG04_DB3,0.9115237044167299
4,294,DB3,0.9115237044167299
4,44,Important_Methods_For_Statistical_Data_Analysis,0.9100041144646015
4,129,DSDA02_Important_Methods_For_Statistical_Data_Analysis,0.9100041144646015
4,84,E-commerce_credit_card_payment_system,0.9091684446709
4,95,Corporate communication,0.9085150921754184
4,316,C_Sharp,0.9079658960697541
4,18,BiomedicalEngineering,0.9078647149213026
4,23,Mathematics,0.9065311839388649
4,163,DSDK02_S,0.9062426655696144
4,311,C,0.9062337597989946
4,211,DSDM04_Data_Library,0.9059742264999325
4,4,Chemistry_Quality_Eurolabels,0.9051770109073314
4,36,Stock_Exchange,0.9051526144832006
4,191,DSENG06_List_Of_Reporting_Software,0.9048216232716776
4,50,Personality-job_fit_theory,0.9008481365237427
4,246,Mobile_marketing,0.8988142783758298
4,8,Master_degree,0.8987714830476823
4,66,SAS,0.8985868819439391
4,229,SAS,0.8985868819439391
4,314,SAS,0.8985868819439391
4,322,PHP,0.8984165677660941
4,132,DSDK06_Marketing,0.8977122197539349
4,110,FrascatiDefinitionofResearch,0.8961069459298108
4,228,DSRM03_Frascati_Definition_Of_Research,0.8961069459298108
4,105,DSRM02_Systematic_study,0.8957904275469681
4,155,DSRM02_Systematic_Study,0.8957904275469681
4,210,DSENG04_DB4,0.8956769590205986
4,283,DB4,0.8956769590205986
4,143,DSDM05_From_Data_Deluge_to_Data_Curation,0.8954807297408055
4,67,JMP,0.8935880986946646
4,230,JMP,0.8935880986946646
4,244,MarketingMix,0.8928956292633136
4,100,Secondary_research,0.8924713557264448
4,97,UndergraduateResearch,0.8919415594476031
4,150,DSDK04_Analytical_Support_Introduction,0.8915459021258306
4,17,Biomedicine,0.8914009440819568
4,7,Master_of_Science,0.8909131607849167
4,99,IsOperationsResearchReallyResearch,0.8907233708201581
4,178,DSRM03_Is_Operations_Research_Really_Research,0.8907233708201581
4,215,DSDK03_Strategic_financial_management,0.8896546819222592
4,321,Objective-J,0.8896160189860755
4,106,DSRM06_Contribute_research_objectives,0.8891829948066259
4,223,DSRM05_Contribute_Research_Objectives,0.8891829948066259
4,183,DSENG05_Security_Service_Management,0.8887424302646812
4,268,Statistical method,0.8886137707857321
4,271,Statistical_method,0.8886137707857321
4,198,DSDM04_Data_Sharing,0.8881326683514896
4,98,RM2,0.8874175247819577
4,180,DSRM01_RM2,0.8874175247819577
4,39,A_Guide_to_Statistical_Techniques,0.8873668193069024
4,16,BiomedicalEngineers2,0.8872705674759223
4,9,European_Joint_Master_degree_in_Economics,0.8870476172789615
4,327,Python,0.8849321471594255
4,260,Categorization,0.8833877611441039
4,19,_BiomedicalEngineers,0.8832024507704029
4,185,DSDK06_Analyse_Data_For_Marketing,0.8822756845903135
4,177,DSDK04_Analytical_Skill,0.8818494882687896
4,301,New_product_development,0.8796963864769033
4,26,Financial_economics,0.8790897837363849
4,78,Mathematica,0.8788856596352561
4,240,Mathematica,0.8788856596352561
4,83,Types_of_e-commerce,0.878825821216505
4,15,Master_of_Laws,0.8782481483601302
4,13,Master_of_Engineering,0.8780771027630714
4,152,DSENG01_Engineering_Principles,0.8769570300547417
4,68,Git,0.8769397037486373
4,231,Git,0.8769397037486373
4,277,RDBMS,0.8760553225197696
4,81,E-commerce,0.8750849492112398
4,256,Data_mining,0.8749627763337465
4,267,Data mining,0.8749627763337465
4,208,DSDM06_Intellectual_Property_Rights_In_Data_Management,0.8748632588629746
4,56,Human_resource_consulting,0.8746437523583096
4,6,Doctor_of_Philosophy,0.8744926140787854
4,269,Classification,0.8735294338940924
4,252,Unsupervised_learning,0.8731086204884613
4,266,Unsupervised learning,0.8731086204884613
4,1,Master's_degree_in_Europe,0.872852364301637
4,201,DSDA04_DB2,0.871857478746482
4,332,Software_developer,0.8716575048006813
4,212,DSENG05_DS1,0.870937012705328
4,323,System_programming,0.870001930171703
4,257,Clustering,0.8697459331406726
4,0,First_professional_degree,0.8692258423937962
4,193,DSDK03_The_Role_Of_Finance_In_The_Strategic-Planning_And_Decision-Making_Process,0.8680682284603687
4,57,Distributed Computing,0.8680585550885932
4,63,Distributed_Computing,0.8680585550885932
4,286,IBM_DB2,0.8636239728701078
4,206,DSDK04_How_Big_Data_Analytics_Tools_Can_Help_Your_Organization,0.8634466969538124
4,11,Educational_specialist,0.8634187434893444
4,55,Onboarding,0.8627990573646418
4,173,DSENG03_Analysis_Tools_For_Decision_Making,0.8626565488121227
4,123,DSDA05_Platforms2,0.8625737076431053
4,77,Waffles,0.8622303663907178
4,239,Waffles,0.8622303663907178
4,157,DSDM01_Data_Management_Sample_Plan,0.8610791894897809
4,10,Engineer_degree,0.8606766162850733
4,308,Product,0.8587049019078936
4,24,Math_Stats_tools,0.8581892515630127
4,309,RequirementsManagement,0.8579930734203023
4,49,Executive_search,0.8571891380725457
4,5,Terminal_degree,0.8546040845896822
4,214,DSDM06_Ethics_Of_RDM,0.854370873549384
4,189,DSDA03_How_Predictive_Analytics_Could_Improve_Decision_Making,0.8539297936721004
4,40,StatisticalTechniques,0.8535895764830969
4,134,DSDA02_Statistical_Techniques,0.8535895764830969
4,219,DSENG03_DM5,0.8528560377705696
4,14,Professional_Science_Master's_Degree,0.8524325934306934
4,315,Programmer,0.8506222407513647
4,140,DSENG02_CS1,0.8503584527576592
4,117,DSDA05_Platforms3,0.8495934141635206
4,147,DSENG03_DM1,0.8493767735681743
4,213,DSRM06_Diffusion_Of_Innovations,0.8485927535946554
4,276,MySQL,0.8478624066427778
4,217,DSENG03_DM3,0.8454105589006686
4,2,Bachelor_degree,0.8442078666464952
4,188,DSRM04_Elaborating_Action_Plans,0.8434248284493987
4,124,DSDK02_Big_Data_New_Product_Development,0.8426735329531686
4,61,Grid_computing,0.8392750107098054
4,62,Grid computing,0.8392750107098054
4,312,Computer_Programming,0.8375738964039869
4,295,Database,0.834578807497534
4,154,DSDM03_DI5,0.8321079132543456
4,135,DSDA05_Data_Visualization,0.8312721755576916
4,258,Machine learning,0.8301324526811964
4,261,Machine_learning,0.8301324526811964
4,171,DSDM01_Write_A_Data_Management_Plan,0.8297128616418318
4,181,DSDA03_Data_Analytics,0.8287260867081668
4,222,DSENG03_DM2,0.8260505883760579
4,333,R,0.8256587671108391
4,297,PostgreSQL,0.8253709101778678
4,226,DSDM05_Data_Format_Management,0.82448145202818
4,174,DSDA05_Platforms1,0.8242267685866024
4,284,Data_mart,0.8219971483270394
4,194,DSDM04_Data_Archaeology,0.8206666347424936
4,166,DSENG06_Dashboard_Business,0.8201366620872593
4,29,Mathematical_finance,0.8178912181428741
4,148,DSENG02_Computational_Science,0.8121544974373365
4,128,DSENG06_Analytic_Applications,0.8116692059009474
4,138,DSDK01_Business_Process_Definition,0.8037208159808182
4,58,Hortonworks,0.8022877353161344
4,273,MongoDB,0.8003959946176328
4,202,DSDK03_The_Significance_Of_Management_Information_Systems_For_Enhancing_Strategic_And_Tactical_Planning,0.7987947123642479
4,64,Hadoop,0.7976314566753463
4,75,GATE,0.7962446369289253
4,237,GATE,0.7962446369289253
4,182,DSENG02_CS3,0.7942006056692079
4,282,MonetDB,0.7911800404429511
4,169,DSDA04_DB1,0.7892794730765251
4,46,DataAnalytics,0.7887193397871494
4,136,DSDA02_Data_Analytics,0.7887193397871494
4,144,DSDA04_Data_Blending,0.7866961739218897
4,125,DSDM04_Data_Governance,0.7832948173950133
4,184,DSDM02_Database_Model,0.7832367093997517
4,225,DSDM02_DBMS-Data_Models,0.7804001514838597
4,227,DSENG03_DM4,0.7742690889440527
4,52,Human_resource_management,0.7733660444571948
4,156,DSENG02_CS2,0.7700635231474879
4,287,CouchDB,0.7688110915133664
4,90,Business Intelligence,0.7686376767519367
4,196,DSDA03_Analytics_For_Decision_Making,0.7640952202516706
4,159,DSDM05_Data_Steward,0.7634378891308059
4,160,DSDA04_DB4,0.7615260927517826
4,300,Time_toMarket,0.7600931337984606
4,172,DSDM03_Data_Collection_And_Integration,0.7595298454988135
4,305,CAD,0.7586234630681216
4,162,DSDK01_Business_Process,0.757868529169967
4,88,Business Management,0.7577061384192213
4,141,DSDA04_DB3,0.7485699986577616
4,299,Data_warehouse,0.7463612106118083
4,190,DSENG04_DB5,0.7455545410493282
4,279,DB5,0.7455545410493282
4,121,DSENG04_DB2,0.7446608336242746
4,274,DB2,0.7446608336242746
4,71,Weka,0.7400425772625222
4,233,Weka,0.7400425772625222
4,94,Business Model,0.7318301384523036
4,31,Corporate_finance,0.7297258892798468
4,272,Apache_HBase,0.7263977078238789
4,93,Service-oriented modeling,0.7262941206777633
4,209,DSDM01_Data_Management_Curation_Platform,0.724212436264007
4,176,DSDK03_Strategic_management,0.7227974584660568
4,221,DSDM01_Data_Management_Plan,0.7181446665311699
4,204,DSDM03_DI3,0.7099963025359746
4,142,DSDA01_Predictive_Analytics,0.702797597135776
4,264,Predictive Analytics,0.7021140912134896
4,270,Predictive_Analytics,0.7021140912134896
4,79,Software,0.6919171470086627
4,241,Software,0.6919171470086627
4,161,DSDM03_DI1,0.6900801668141752
4,205,DSDM02_Data_Model,0.6878013153986169
4,76,KNIME,0.6845522280913553
4,238,KNIME,0.6845522280913553
4,164,DSDM03_DI4,0.682252744604533
4,192,DSDA04_DI,0.6767369030802315
4,146,DSDM01_Data_Management_Curation,0.6672873348080072
4,89,Business,0.6526055290058344
4,131,DSDM02_Data_Modeling_101,0.650537177564102
4,195,DSDM01_Data_Management,0.6476752935877774
4,139,DSDM03_DI2,0.5904944377627968
4,92,Project management,0.381896592721908
5,289,Databases,1.0
5,177,DSDK04_Analytical_Skill,0.9896412892857299
5,293,database,0.9854374699415553
5,183,DSENG05_Security_Service_Management,0.9847871295815425
5,331,Transact-SQL,0.9803041585095187
5,118,DSRM04_Strategic_Planning,0.9798696110926787
5,47,Summary_Table_for_Statistical_Techniques,0.9793405902312878
5,111,SS,0.9775022890726631
5,116,DSRM02_SS,0.9775022890726631
5,307,Pro-innovation_bias,0.9764711675958463
5,225,DSDM02_DBMS-Data_Models,0.9745040502072115
5,212,DSENG05_DS1,0.9728167250200195
5,192,DSDA04_DI,0.9717088172846942
5,11,Educational_specialist,0.9703375004693627
5,91,Job interview,0.9701350927704313
5,197,DSENG05_DS4,0.9692323608911032
5,288,Oracle_Database,0.9692303309638876
5,275,ODBMS,0.9671869751070495
5,48,Executive_search_firms,0.9658190357174069
5,138,DSDK01_Business_Process_Definition,0.9644852484611418
5,103,DSRM01_Scientific_method,0.9642455775607996
5,130,DSRM01_Scientific_Method,0.9642455775607996
5,120,DSENG04_DB6,0.9640057103124945
5,280,DB6,0.9640057103124945
5,285,Microsoft_SQL_Server,0.963343027781244
5,254,Supervised_Learning,0.9595109264899735
5,255,Supervised Learning,0.9595109264899735
5,165,DSENG04_DB1,0.9550261991991761
5,278,DB1,0.9550261991991761
5,291,NoSQL,0.9549836220670217
5,33,Financial_market_efficiency,0.9548519226958136
5,149,DSRM04_Strategic_Plan_Into_Action,0.9529117035128808
5,325,PL-SQL,0.9520533010075216
5,110,FrascatiDefinitionofResearch,0.9515801856099806
5,228,DSRM03_Frascati_Definition_Of_Research,0.9515801856099806
5,42,6_BASIC_STATISTICAL_TOOLS,0.9510119592993923
5,220,DSDA02_Basic_Statistical_Tools,0.9510119592993923
5,35,Investment_theory,0.9494218202903781
5,107,RMO,0.9477622387111059
5,167,DSRM05_RMO,0.9477622387111059
5,302,productDevelopment,0.9463254294858643
5,259,Information_Retrieval,0.942610982785198
5,263,Information Retrieval,0.942610982785198
5,92,Project management,0.94231939117708
5,164,DSDM03_DI4,0.942317503815027
5,97,UndergraduateResearch,0.9420118593582283
5,172,DSDM03_Data_Collection_And_Integration,0.9419731360862987
5,309,RequirementsManagement,0.9418023407312092
5,154,DSDM03_DI5,0.9413206078311562
5,73,Octave,0.9406042442812975
5,235,Octave,0.9406042442812975
5,323,System_programming,0.9401719451683554
5,59,Cloud_Computing,0.940092948058294
5,65,Cloud Computing,0.940092948058294
5,320,Java,0.9399799461734962
5,210,DSENG04_DB4,0.9394069526642166
5,283,DB4,0.9394069526642166
5,119,DSDA06_Data_Visualization_Types,0.9387837713378657
5,310,C--,0.938330060241778
5,39,A_Guide_to_Statistical_Techniques,0.9374225872313853
5,49,Executive_search,0.9355730917181927
5,306,MarketPenetration,0.9351589638279034
5,8,Master_degree,0.9350796256837188
5,144,DSDA04_Data_Blending,0.9348138693405083
5,268,Statistical method,0.9343934439423307
5,271,Statistical_method,0.9343934439423307
5,122,DSENG04_DB3,0.9338899883497799
5,294,DB3,0.9338899883497799
5,298,db,0.9335298694089431
5,58,Hortonworks,0.9330996019842291
5,95,Corporate communication,0.9327674029342484
5,296,Elasticsearch,0.9323926632132213
5,109,Primary_Research,0.9317239667659402
5,131,DSDM02_Data_Modeling_101,0.9311369475576917
5,324,Scala,0.9286771814321357
5,308,Product,0.9253263209857776
5,319,C++,0.9248421691888118
5,30,Financial_instrument,0.9246694728105
5,208,DSDM06_Intellectual_Property_Rights_In_Data_Management,0.924357553558993
5,93,Service-oriented modeling,0.9241491489377591
5,74,MATLAB,0.923863029714291
5,236,MATLAB,0.923863029714291
5,277,RDBMS,0.9237073649406
5,25,Financial_services,0.9237053826288391
5,108,RM1,0.9223575016806842
5,114,DSRM06_RM1,0.9223575016806842
5,127,DSRM01_RM1,0.9223575016806842
5,32,Financial_market,0.922208049340717
5,112,DSENG04_Relational_Non-Relational_Databases,0.9217110424246521
5,292,DSENG04_Relational_non-relational_databases,0.9217110424246521
5,137,DSENG05_DS2,0.921444280071575
5,79,Software,0.9213651710885623
5,241,Software,0.9213651710885623
5,193,DSDK03_The_Role_Of_Finance_In_The_Strategic-Planning_And_Decision-Making_Process,0.920595086986108
5,175,DSDA06_Software_Visualization,0.9203622975436938
5,295,Database,0.9194488140920292
5,205,DSDM02_Data_Model,0.9191960779991649
5,0,First_professional_degree,0.9188164673047516
5,190,DSENG04_DB5,0.9177912844322915
5,279,DB5,0.9177912844322915
5,304,Product_life-CycleManagement,0.9173990122009364
5,34,FinancialRegulation,0.9156758026355116
5,1,Master's_degree_in_Europe,0.9155441059568983
5,113,DSRM04_Developing_Strategic_And_Action_Plans,0.9153760579134603
5,9,European_Joint_Master_degree_in_Economics,0.9142517044071087
5,38,Stock_Trader,0.9141277448523523
5,15,Master_of_Laws,0.9122714349998835
5,3,Master_of_Applied_Science,0.912162724336829
5,317,Objective-C,0.9121167698003472
5,145,DSDM06_Ethical_Legal_And_Commercial_IPR,0.9117485792990929
5,12,Graduate_school,0.9106339846683398
5,326,Julia,0.9104452334635537
5,45,Correlation,0.9101843399583903
5,168,DSDA02_Correlation,0.9101843399583903
5,161,DSDM03_DI1,0.9069954179868801
5,106,DSRM06_Contribute_research_objectives,0.9068573388312574
5,223,DSRM05_Contribute_Research_Objectives,0.9068573388312574
5,191,DSENG06_List_Of_Reporting_Software,0.9067496541285305
5,286,IBM_DB2,0.906324506869142
5,284,Data_mart,0.9063133578257099
5,316,C_Sharp,0.9058893597594314
5,98,RM2,0.905257034943659
5,180,DSRM01_RM2,0.905257034943659
5,36,Stock_Exchange,0.9052453366974661
5,139,DSDM03_DI2,0.9049347762139358
5,17,Biomedicine,0.9046027685970975
5,100,Secondary_research,0.9045707477063918
5,115,DSRM06_Teaching_Creativity_And_Inventive_Problem_Solving_In_Science,0.9039890618281297
5,60,Cloudera,0.9033344846176513
5,159,DSDM05_Data_Steward,0.9032621753383648
5,28,CapitalMarket,0.8998662544240958
5,157,DSDM01_Data_Management_Sample_Plan,0.8989974788117284
5,300,Time_toMarket,0.8987308770160466
5,276,MySQL,0.8983983161480199
5,141,DSDA04_DB3,0.8981774945001023
5,51,Employment_websites,0.8978243919239627
5,171,DSDM01_Write_A_Data_Management_Plan,0.8973769542130619
5,184,DSDM02_Database_Model,0.8973054379069187
5,56,Human_resource_consulting,0.897224645260636
5,311,C,0.8967568477997275
5,99,IsOperationsResearchReallyResearch,0.8958506379437556
5,178,DSRM03_Is_Operations_Research_Really_Research,0.8958506379437556
5,102,RM3,0.8957267333173937
5,218,DSRM01_RM3,0.8957267333173937
5,68,Git,0.8951578739983184
5,231,Git,0.8951578739983184
5,150,DSDK04_Analytical_Support_Introduction,0.8949210536415688
5,132,DSDK06_Marketing,0.8947300874522952
5,215,DSDK03_Strategic_financial_management,0.8936547552034189
5,37,Finance,0.893201200868605
5,87,Business communication,0.8931316604314603
5,318,Ruby,0.8930489626589039
5,40,StatisticalTechniques,0.8917890141419271
5,134,DSDA02_Statistical_Techniques,0.8917890141419271
5,96,ScholarlyMethod,0.8915177580037598
5,88,Business Management,0.8910953803273404
5,162,DSDK01_Business_Process,0.8909739401894639
5,6,Doctor_of_Philosophy,0.8909147202934419
5,290,SPARQL,0.8897067704120183
5,332,Software_developer,0.8892118951569417
5,281,Database2,0.888664414934857
5,2,Bachelor_degree,0.8882441883752407
5,44,Important_Methods_For_Statistical_Data_Analysis,0.887855832048671
5,129,DSDA02_Important_Methods_For_Statistical_Data_Analysis,0.887855832048671
5,5,Terminal_degree,0.8867490308909647
5,27,FinanceCapitalism,0.8861694530309192
5,13,Master_of_Engineering,0.885121164387576
5,257,Clustering,0.8846547983543762
