1,262,Text mining,0.19963368477221421
1,265,Text_mining,0.19963368477221421
1,186,DSENG02_CS3,0.20306791989435802
1,256,Data_mining,0.20366292283769638
1,267,Data mining,0.20366292283769638
1,258,Machine learning,0.21971099098664426
1,261,Machine_learning,0.21971099098664426
1,260,Categorization,0.2590147958942488
1,269,Classification,0.2677450451936667
1,220,DSENG03_DM5,0.2876520274574641
1,252,Unsupervised_learning,0.2892334399485311
1,266,Unsupervised learning,0.2892334399485311
1,264,Predictive Analytics,0.3032857831803184
1,270,Predictive_Analytics,0.3032857831803184
1,151,DSENG02_CS1,0.3125162796561535
1,176,DSDA04_DB1,0.31532196306039606
1,257,Clustering,0.33563278895875803
1,253,Statistics,0.3401644501547534
1,333,R,0.3439882712391913
1,118,DSDA05_Platforms3,0.34979751071876164
1,327,Python,0.3647561874230527
1,99,IsOperationsResearchReallyResearch,0.3663884932078134
1,196,DSRM03_IORRR,0.3663884932078134
1,70,SPSS,0.3679690556026646
1,232,SPSS,0.3679690556026646
1,57,Distributed Computing,0.37747743796371613
1,63,Distributed_Computing,0.37747743796371613
1,44,Important_Methods_For_Statistical_Data_Analysis,0.3797872409695566
1,136,DSDA02_IMFSDA,0.3797872409695566
1,193,DSDA03_AFDM,0.38600464859358175
1,23,Mathematics,0.3871150272334941
1,254,Supervised_Learning,0.3900527533507693
1,255,Supervised Learning,0.3900527533507693
1,182,DSDA05_CDV,0.3914617909388969
1,207,DSENG06_BDAA,0.39569558845066555
1,326,Julia,0.39841138797187425
1,93,Service-oriented modeling,0.39902639608800405
1,134,DSDK04_HBDATCHYO,0.39976194026432776
1,67,JMP,0.4042651754197987
1,230,JMP,0.4042651754197987
1,90,Business Intelligence,0.41431526003378194
1,94,Business Model,0.42587883505782154
1,110,FrascatiDefinitionofResearch,0.4278816775361839
1,161,DSRM03_FDOR,0.4278816775361839
1,259,Information_Retrieval,0.4364015778008017
1,263,Information Retrieval,0.4364015778008017
1,104,RM4,0.4476403562077683
1,128,DSRM01_RM4,0.4476403562077683
1,298,db,0.44862815309940185
1,213,DSDA03_DA,0.45333269377541763
1,127,DSDA05_Platforms2,0.4567435398584755
1,171,DSDK02_HTDBDCS,0.45973198849137464
1,76,KNIME,0.4613049234996034
1,238,KNIME,0.4613049234996034
1,66,SAS,0.46678202506735866
1,229,SAS,0.46678202506735866
1,314,SAS,0.46678202506735866
1,275,ODBMS,0.4675139104103698
1,24,Math_Stats_tools,0.4679233723093169
1,179,DSDA05_Platforms1,0.4700048838714037
1,277,RDBMS,0.4702500579083815
1,19,_BiomedicalEngineers,0.47251529179834706
1,88,Business Management,0.4748062034434458
1,174,DSDA03_BDTA,0.47805623675991704
1,293,database,0.4798305655731936
1,75,GATE,0.483004511886447
1,237,GATE,0.483004511886447
1,59,Cloud_Computing,0.486597879816555
1,65,Cloud Computing,0.486597879816555
1,16,BiomedicalEngineers2,0.49000685514154085
1,142,DSDA05_BDAP,0.49010532505819493
1,291,NoSQL,0.49491010349583797
1,20,Statistics,0.4972350401006874
1,41,Statistics,0.4972350401006874
1,131,DSDA02_Stat,0.4972350401006874
1,77,Waffles,0.5019380268462115
1,239,Waffles,0.5019380268462115
1,191,DSDM06_IPRIDM,0.505227861468359
1,102,RM3,0.5059786217428868
1,219,DSRM01_RM3,0.5059786217428868
1,268,Statistical method,0.5087410953397771
1,271,Statistical_method,0.5087410953397771
1,217,DSRM06_SM,0.5100675462046391
1,64,Hadoop,0.5109219854103811
1,45,Correlation,0.5113678617173745
1,139,DSDA02_CoR,0.5113678617173745
1,204,DSENG01_EP,0.5118171801956477
1,145,DSDK02_BDNPD,0.5140008630205299
1,251,Video_commerce,0.5169473711096135
1,35,Investment_theory,0.5179374210477372
1,92,Project management,0.5179991644620496
1,209,DSDK03_The_Significance_Of_Management_Information_Systems_For_Enhancing_Strategic_And_Tactical_Planning,0.519212557287235
1,100,Secondary_research,0.5196248462258468
1,133,DSDA01_PA,0.5273571553377867
1,160,DSENG02_CS2,0.5285732633469068
1,315,Programmer,0.5361615813473456
1,212,DSENG04_DB4,0.5386719562509468
1,283,DB4,0.5386719562509468
1,199,DSDA04_DB,0.5429933449018787
1,221,DSRM06_Ing,0.5434804671499454
1,332,Software_developer,0.5469934594619189
1,107,RMO,0.5495951396023908
1,175,DSRM05_RMO,0.5495951396023908
1,214,DSENG04_RNRD,0.5496994459639076
1,292,DSENG04_Relational_non-relational_databases,0.5496994459639076
1,60,Cloudera,0.5504243658245873
1,101,RM5,0.5507739932820137
1,206,DSRM01_RM5,0.5507739932820137
1,218,DSENG03_DM3,0.5516477480609867
1,18,BiomedicalEngineering,0.5519882083763417
1,58,Hortonworks,0.5529148330890639
1,12,Graduate_school,0.5540486311737329
1,310,C--,0.5546341511732498
1,177,DSDM02_DM101,0.5615973040689999
1,98,RM2,0.5628191757029747
1,184,DSRM01_RM2,0.5628191757029747
1,40,StatisticalTechniques,0.5659325178125663
1,154,DSDA02_ST,0.5659325178125663
1,119,DSDK01_BPD,0.5674335866545379
1,188,DSDM02_Database_Model,0.5685522485428744
1,299,Data_warehouse,0.5690583186490361
1,312,Computer_Programming,0.5707518351763501
1,89,Business,0.5713092376578813
1,106,DSRM06_Contribute_research_objectives,0.5735768080956059
1,185,DSRM05_CRO,0.5735768080956059
1,85,Non-store_retailing,0.577421062800286
1,205,DSDM05_DFM,0.5774610265012574
1,3,Master_of_Applied_Science,0.5784579463018684
1,14,Professional_Science_Master's_Degree,0.5794440551491524
1,286,IBM_DB2,0.5835596298096599
1,201,DSDM02_DM,0.5838125667829558
1,13,Master_of_Engineering,0.5849744925149475
1,71,Weka,0.5858761979874265
1,233,Weka,0.5858761979874265
1,328,Software_architecture,0.5875934039854713
1,105,DSRM02_Systematic_study,0.5881471643989773
1,148,DSRM02_SysS,0.5881471643989773
1,140,DSRM06_TCAIPSIS,0.5899792095977366
1,7,Master_of_Science,0.5917384840251694
1,11,Educational_specialist,0.5922989690516025
1,246,Mobile_marketing,0.5950174554705517
1,330,Software_engineer,0.596114273480587
1,149,DSENG03_ATFDM,0.596308640775605
1,26,Financial_economics,0.5973578544969012
1,295,Database,0.5978292715452334
1,180,DSRM06_DOI,0.5984415009815249
1,208,DSDA04_DB2,0.6005209485997915
1,103,DSRM01_Scientific_method,0.6010015922561991
1,192,DSRM01_SM,0.6010015922561991
1,129,DSDM01_DMCP,0.6010507296639085
1,281,Database2,0.6027344506228007
1,285,Microsoft_SQL_Server,0.6076906975720251
1,117,DSENG06_AA,0.6111870900006475
1,169,DSDM03_DI4,0.6145549311085037
1,15,Master_of_Laws,0.6152896513073567
1,181,DSDM04_DA,0.6182051911556554
1,211,DSDA06_DVT,0.6195202681370281
1,334,Computer_network,0.6242379616228414
1,282,MonetDB,0.6252573153412819
1,227,DSENG05_SSM,0.6275548167450871
1,157,DSDK04_Analytical_Support_Introduction,0.6287519937695087
1,1,Master's_degree_in_Europe,0.6311894890126223
1,222,DSDK04_AS,0.6312074231494489
1,49,Executive_search,0.6338903529391338
1,125,DSDA03_HPACIDM,0.6341060709207523
1,197,DSDK01_BP,0.6372946492627027
1,165,DSDA04_DB4,0.6381162611880627
1,10,Engineer_degree,0.6390510397647655
1,122,DSDK06_ADFM,0.6393021625464215
1,187,DSRM04_SPIA,0.6394904175275747
1,324,Scala,0.6411296817762431
1,156,DSENG03_DM1,0.6415075414785101
1,0,First_professional_degree,0.6418690434618503
1,198,DSDK03_TROFITSPADMP,0.642515137283926
1,38,Stock_Trader,0.6429982676668523
1,303,VirtualProductDevelopment,0.6489619196428855
1,216,DSDM03_DCAI,0.6508243806690097
1,8,Master_degree,0.6510613499758813
1,153,DSDM04_DL,0.6516154279571876
1,228,DSENG03_DM4,0.6517373049067456
1,210,DSDM03_DI3,0.6519455642010311
1,2,Bachelor_degree,0.6524776073003766
1,17,Biomedicine,0.653696772732399
1,290,SPARQL,0.6538931528484102
1,225,DSDM04_DG,0.6553171631677961
1,319,C++,0.659498443627528
1,50,Personality-job_fit_theory,0.6619353504113938
1,111,SS,0.6621959189682067
1,116,DSRM02_SS,0.6621959189682067
1,72,Oracle Data Mining,0.6638787190648985
1,80,Oracle_Data_Mining,0.6638787190648985
1,234,Oracle Data Mining,0.6638787190648985
1,242,Oracle_Data_Mining,0.6638787190648985
1,114,DSDM06_EORDM,0.663912987812171
1,84,E-commerce_credit_card_payment_system,0.66398418829665
1,37,Finance,0.6664725601682191
1,79,Software,0.666734571420655
1,241,Software,0.666734571420655
1,195,DSDA04_DI,0.6688866703736063
1,46,DataAnalytics,0.6694056446299683
1,123,DSDA02_DA,0.6694056446299683
1,170,DSDK03_SM,0.6703853645896074
1,126,DSENG04_DB3,0.6704221315628656
1,294,DB3,0.6704221315628656
1,9,European_Joint_Master_degree_in_Economics,0.6715246437229061
1,250,Viral_marketing,0.6715799600219697
1,97,UndergraduateResearch,0.672141351253303
1,113,DSDM05_DP,0.6733485286122799
1,6,Doctor_of_Philosophy,0.6734773450290088
1,203,DSDM04_Data_Sharing,0.6757063018033101
1,31,Corporate_finance,0.6811946445760814
1,245,Advertising,0.683897747877052
1,146,DSENG05_DS2,0.6839923167491726
1,284,Data_mart,0.6846841162238007
1,311,C,0.6874688501498276
1,309,RequirementsManagement,0.6878144132958062
1,52,Human_resource_management,0.6895813593464442
1,155,DSDK05_ACD,0.6898409129489005
1,300,Time_toMarket,0.6906092505651668
1,276,MySQL,0.690762565679228
1,189,DSENG04_DB5,0.6910688137916356
1,279,DB5,0.6910688137916356
1,68,Git,0.6918444180429026
1,231,Git,0.6918444180429026
1,167,DSRM04_SP,0.6920894989669002
1,55,Onboarding,0.6928260705017182
1,166,DSDM03_DI1,0.6954418060872167
1,143,DSDK06_Marketing,0.6957099879263402
1,322,PHP,0.6973002976629582
1,313,pbdR,0.6988021772573786
1,190,DSDA06_SV,0.6992753262374318
1,150,DSRM04_EAP,0.7022234150004385
1,215,DSENG05_DS1,0.7028110707327686
1,147,DSDM03_DI2,0.7032259140907273
1,323,System_programming,0.7045952299604238
1,43,List_of_statistical_packages,0.7054697196752326
1,141,DSDA02_LOSP,0.7054697196752326
1,22,List_of_statistical_packages,0.7061323850995094
1,69,List_of_statistical_packages,0.7061323850995094
1,249,Television_advertisement,0.7077641826228727
1,164,DSENG02_CS,0.7157589843983894
1,87,Business communication,0.7185461591018123
1,168,DSDK02_S,0.7234397026225554
1,108,RM1,0.7248184214275519
1,115,DSRM06_RM1,0.7248184214275519
1,135,DSRM01_RM1,0.7248184214275519
1,306,MarketPenetration,0.7264875643271731
1,78,Mathematica,0.7284513035503837
1,240,Mathematica,0.7284513035503837
1,61,Grid_computing,0.7289563317852958
1,62,Grid computing,0.7289563317852958
1,96,ScholarlyMethod,0.7302281841445597
1,308,Product,0.7312949572877829
1,82,Online_marketplace,0.7321055990265539
1,307,Pro-innovation_bias,0.7331913405756365
1,121,DSDM06_ELACIPR,0.7385742140436308
1,81,E-commerce,0.7389206198000358
1,91,Job interview,0.7401616142520904
1,158,DSENG06_OR,0.7408183310410795
1,289,Databases,0.7424148109301917
1,120,DSENG04_DB6,0.7459395510615068
1,280,DB6,0.7459395510615068
1,223,DSDA05_DV,0.7470938480612821
1,317,Objective-C,0.7504628782247967
1,152,DSDA04_DB3,0.7506458915504624
1,244,MarketingMix,0.7525412532163487
1,163,DSDM05_Data_Steward,0.7543071772655772
1,56,Human_resource_consulting,0.7553728937998871
1,302,productDevelopment,0.7616612488056397
1,27,FinanceCapitalism,0.7619260596909201
1,320,Java,0.762887559274835
1,316,C_Sharp,0.7667063674106269
1,247,Interactive_advertising,0.7673575253432653
1,272,Apache_HBase,0.7674165297257902
1,132,DSENG06_DB,0.7683046178426838
1,287,CouchDB,0.7700740270169925
1,226,DSDM02_DBMS-Data_Models,0.7735960773491244
1,297,PostgreSQL,0.7741021116420104
1,159,DSDM03_DI5,0.774423981174892
1,42,6_BASIC_STATISTICAL_TOOLS,0.7745099194373075
1,138,DSDA02_BST,0.7745099194373075
1,54,Employment_agency,0.7767757458516006
1,305,CAD,0.780364253535614
1,288,Oracle_Database,0.7869508045354089
1,83,Types_of_e-commerce,0.7905981770585527
1,86,Digital_economy,0.7912921368727341
1,33,Financial_market_efficiency,0.7965037778433177
1,172,DSDM01_DMP,0.7979563620900262
1,28,CapitalMarket,0.7991791236225142
1,25,Financial_services,0.8046705004231159
1,109,Primary_Research,0.8086163739324754
1,30,Financial_instrument,0.8094436210827961
1,329,JavaScript,0.8096188229326833
1,273,MongoDB,0.8109233666795246
1,95,Corporate communication,0.8160573844466182
1,21,Lists_of_mathematics_topics,0.8181509558347555
1,183,DSDM06_EIIDM,0.8209763452868148
1,74,MATLAB,0.8213068710866038
1,236,MATLAB,0.8213068710866038
1,173,DSENG04_DB1,0.8231220385123346
1,278,DB1,0.8231220385123346
1,130,DSDM01_DMC,0.8236775607096419
1,248,Meta-advertising,0.8237610440271746
1,194,DSDK03_SFM,0.8273215726653592
1,47,Summary_Table_for_Statistical_Techniques,0.8281092898659088
1,325,PL-SQL,0.8295511226360506
1,73,Octave,0.8319186868154878
1,235,Octave,0.8319186868154878
1,124,DSENG04_DB2,0.8354047773890838
1,274,DB2,0.8354047773890838
1,32,Financial_market,0.8370589811954499
1,321,Objective-J,0.8451952885414293
1,318,Ruby,0.8494381907218946
1,202,DSENG05_DS4,0.8539165870256675
1,331,Transact-SQL,0.8580585416696396
1,36,Stock_Exchange,0.8595233372316021
1,34,FinancialRegulation,0.8631891588077867
1,200,DSDM01_Data_Management,0.8648708294247552
1,296,Elasticsearch,0.8681299578893256
1,224,DSENG03_DM2,0.8769770356130837
1,29,Mathematical_finance,0.884868036042688
1,137,DSDM01_WADMP,0.884915976725611
1,301,New_product_development,0.8849539817180883
1,4,Chemistry_Quality_Eurolabels,0.8860876640829913
1,5,Terminal_degree,0.8873647039502877
1,304,Product_life-CycleManagement,0.9020187209248676
1,243,Co-marketing,0.9059965175161832
1,162,DSDM01_Data_Management_Sample_Plan,0.9133345965469895
1,39,A_Guide_to_Statistical_Techniques,0.9342271087954658
1,112,DSDM05_FDDTDC,0.9436747918889716
1,48,Executive_search_firms,0.9502701739876641
1,144,DSENG06_LORS,0.9536356386139899
1,178,DSRM04_DSAAP,0.9560210302234935
1,53,Employment_agencies,0.9565021895560443
1,51,Employment_websites,0.9769493550564455
2,207,DSENG06_BDAA,0.05657318617940932
2,90,Business Intelligence,0.09249665071667035
2,193,DSDA03_AFDM,0.1021984090472704
2,171,DSDK02_HTDBDCS,0.11365169042994816
2,145,DSDK02_BDNPD,0.11620444671592522
2,118,DSDA05_Platforms3,0.1632340683521134
2,88,Business Management,0.1655350419814684
2,220,DSENG03_DM5,0.1714675838212686
2,174,DSDA03_BDTA,0.19146394306633496
2,134,DSDK04_HBDATCHYO,0.19466744748421783
2,94,Business Model,0.19642081048748383
2,176,DSDA04_DB1,0.20664706835055968
2,93,Service-oriented modeling,0.2113520103354476
2,119,DSDK01_BPD,0.2267338523877569
2,198,DSDK03_TROFITSPADMP,0.24635779281048398
2,127,DSDA05_Platforms2,0.24953681130272187
2,179,DSDA05_Platforms1,0.25750818734975456
2,262,Text mining,0.2586190990968259
2,265,Text_mining,0.2586190990968259
2,264,Predictive Analytics,0.26001326062447727
2,270,Predictive_Analytics,0.26001326062447727
2,213,DSDA03_DA,0.26043543592915064
2,92,Project management,0.26624489203464174
2,187,DSRM04_SPIA,0.2796586410204297
2,59,Cloud_Computing,0.29193475847141226
2,65,Cloud Computing,0.29193475847141226
2,209,DSDK03_The_Significance_Of_Management_Information_Systems_For_Enhancing_Strategic_And_Tactical_Planning,0.2964724385271915
2,256,Data_mining,0.29714661466767556
2,267,Data mining,0.29714661466767556
2,293,database,0.3162765290636049
2,251,Video_commerce,0.3303014627094518
2,99,IsOperationsResearchReallyResearch,0.3386504872644017
2,196,DSRM03_IORRR,0.3386504872644017
2,298,db,0.3424654068085954
2,227,DSENG05_SSM,0.34741904709097504
2,302,productDevelopment,0.35325987474514353
2,260,Categorization,0.36913824088381175
2,157,DSDK04_Analytical_Support_Introduction,0.3717936639261431
2,89,Business,0.37211676067794464
2,167,DSRM04_SP,0.3799506311149383
2,257,Clustering,0.3833357213602693
2,142,DSDA05_BDAP,0.3849299542138558
2,182,DSDA05_CDV,0.4011941419223166
2,186,DSENG02_CS3,0.4022619351422734
2,208,DSDA04_DB2,0.40236245298114004
2,246,Mobile_marketing,0.406789465052093
2,57,Distributed Computing,0.4077799800094989
2,63,Distributed_Computing,0.4077799800094989
2,275,ODBMS,0.40898883806115827
2,191,DSDM06_IPRIDM,0.4119791511499542
2,277,RDBMS,0.4120262313919585
2,35,Investment_theory,0.4132749410622425
2,291,NoSQL,0.4152288397550783
2,306,MarketPenetration,0.42175231701299076
2,269,Classification,0.42363374131901566
2,44,Important_Methods_For_Statistical_Data_Analysis,0.42560861075886913
2,136,DSDA02_IMFSDA,0.42560861075886913
2,143,DSDK06_Marketing,0.43634595787159847
2,258,Machine learning,0.43740158073433466
2,261,Machine_learning,0.43740158073433466
2,214,DSENG04_RNRD,0.4409797328084425
2,292,DSENG04_Relational_non-relational_databases,0.4409797328084425
2,85,Non-store_retailing,0.44945377518148877
2,110,FrascatiDefinitionofResearch,0.452757365991051
2,161,DSRM03_FDOR,0.452757365991051
2,149,DSENG03_ATFDM,0.4543874835754199
2,303,VirtualProductDevelopment,0.4550430655419272
2,64,Hadoop,0.4607249278926968
2,60,Cloudera,0.4655976224264544
2,326,Julia,0.46626763128948834
2,146,DSENG05_DS2,0.47689204330155877
2,215,DSENG05_DS1,0.4809540525022008
2,177,DSDM02_DM101,0.4850425912489944
2,49,Executive_search,0.4850448026442957
2,299,Data_warehouse,0.48852993886384555
2,199,DSDA04_DB,0.49030803853911653
2,212,DSENG04_DB4,0.49243850320501625
2,283,DB4,0.49243850320501625
2,58,Hortonworks,0.4954166637574938
2,76,KNIME,0.5061356433872297
2,238,KNIME,0.5061356433872297
2,218,DSENG03_DM3,0.5065384389539858
2,117,DSENG06_AA,0.507220493156699
2,205,DSDM05_DFM,0.5080975355564873
2,333,R,0.5083300208185086
2,252,Unsupervised_learning,0.5091199849049033
2,266,Unsupervised learning,0.5091199849049033
2,197,DSDK01_BP,0.51796413688861
2,150,DSRM04_EAP,0.5250841622684228
2,221,DSRM06_Ing,0.5252486027516564
2,155,DSDK05_ACD,0.5255874786861787
2,55,Onboarding,0.5268162663543946
2,170,DSDK03_SM,0.5279863607075618
2,129,DSDM01_DMCP,0.5291568013211045
2,169,DSDM03_DI4,0.531740517000316
2,259,Information_Retrieval,0.5378287843869205
2,263,Information Retrieval,0.5378287843869205
2,66,SAS,0.5390950030756849
2,229,SAS,0.5390950030756849
2,314,SAS,0.5390950030756849
2,254,Supervised_Learning,0.5413069882450767
2,255,Supervised Learning,0.5413069882450767
2,222,DSDK04_AS,0.5431984364288567
2,188,DSDM02_Database_Model,0.5442207996530954
2,180,DSRM06_DOI,0.5452500608583514
2,327,Python,0.5469652690670586
2,225,DSDM04_DG,0.5491928227591578
2,309,RequirementsManagement,0.5493266740502081
2,107,RMO,0.5503859535364679
2,175,DSRM05_RMO,0.5503859535364679
2,122,DSDK06_ADFM,0.5552997478090143
2,295,Database,0.5555201375231451
2,133,DSDA01_PA,0.5558042396497589
2,50,Personality-job_fit_theory,0.5599113482603695
2,140,DSRM06_TCAIPSIS,0.5601004465281663
2,328,Software_architecture,0.5661559568712415
2,125,DSDA03_HPACIDM,0.5704954013616345
2,75,GATE,0.5712802805161468
2,237,GATE,0.5712802805161468
2,19,_BiomedicalEngineers,0.5725348364368787
2,151,DSENG02_CS1,0.57385505041756
2,253,Statistics,0.5743700400170214
2,168,DSDK02_S,0.5761579522445449
2,16,BiomedicalEngineers2,0.5798665727454062
2,201,DSDM02_DM,0.5813423240644684
2,38,Stock_Trader,0.5852284078661782
2,195,DSDA04_DI,0.5856410454064743
2,332,Software_developer,0.5877099763895643
2,100,Secondary_research,0.5878446164704124
2,285,Microsoft_SQL_Server,0.5888285158466829
2,70,SPSS,0.5903871543227985
2,232,SPSS,0.5903871543227985
2,300,Time_toMarket,0.5920686899674283
2,40,StatisticalTechniques,0.5972804216340889
2,154,DSDA02_ST,0.5972804216340889
2,31,Corporate_finance,0.5975883918417835
2,250,Viral_marketing,0.5988158323132426
2,210,DSDM03_DI3,0.599743306155001
2,228,DSENG03_DM4,0.6033998519373378
2,286,IBM_DB2,0.6034435152497581
2,281,Database2,0.6044261174059413
2,315,Programmer,0.6084839680774841
2,45,Correlation,0.6099681243333309
2,139,DSDA02_CoR,0.6099681243333309
2,67,JMP,0.6102830125101433
2,230,JMP,0.6102830125101433
2,113,DSDM05_DP,0.6128539261452466
2,24,Math_Stats_tools,0.6161555261336085
2,103,DSRM01_Scientific_method,0.61762926952618
2,192,DSRM01_SM,0.61762926952618
2,102,RM3,0.6270217797845412
2,219,DSRM01_RM3,0.6270217797845412
2,126,DSENG04_DB3,0.6317176972708154
2,294,DB3,0.6317176972708154
2,84,E-commerce_credit_card_payment_system,0.632009995468715
2,284,Data_mart,0.6338048477591305
2,166,DSDM03_DI1,0.6341159080778846
2,310,C--,0.6343644321930146
2,91,Job interview,0.6348972811028536
2,77,Waffles,0.6360813336044535
2,239,Waffles,0.6360813336044535
2,181,DSDM04_DA,0.6369302664418305
2,158,DSENG06_OR,0.6392065184098685
2,105,DSRM02_Systematic_study,0.6421973730160466
2,148,DSRM02_SysS,0.6421973730160466
2,216,DSDM03_DCAI,0.6434018977596692
2,165,DSDA04_DB4,0.6437556304571554
2,114,DSDM06_EORDM,0.6457726288359817
2,244,MarketingMix,0.6469187516204312
2,211,DSDA06_DVT,0.6470761770968472
2,334,Computer_network,0.6476809086409645
2,87,Business communication,0.6573284954291373
2,111,SS,0.6610079027496156
2,116,DSRM02_SS,0.6610079027496156
2,217,DSRM06_SM,0.6612903535550296
2,156,DSENG03_DM1,0.6647539876909975
2,282,MonetDB,0.665482696798491
2,312,Computer_Programming,0.6689474770599839
2,52,Human_resource_management,0.6701083602368298
2,204,DSENG01_EP,0.6702395773889553
2,26,Financial_economics,0.6708666996392898
2,37,Finance,0.6726993967298756
2,98,RM2,0.6827666310079441
2,184,DSRM01_RM2,0.6827666310079441
2,104,RM4,0.6841251341827582
2,128,DSRM01_RM4,0.6841251341827582
2,106,DSRM06_Contribute_research_objectives,0.6858992330125073
2,185,DSRM05_CRO,0.6858992330125073
2,245,Advertising,0.6890079087391652
2,290,SPARQL,0.6893770782191064
2,147,DSDM03_DI2,0.6903941116014186
2,153,DSDM04_DL,0.6921650354290234
2,268,Statistical method,0.6990139219905904
2,271,Statistical_method,0.6990139219905904
2,71,Weka,0.7032585909850413
2,233,Weka,0.7032585909850413
2,81,E-commerce,0.711969510654584
2,23,Mathematics,0.7152817904520394
2,46,DataAnalytics,0.7165508558023064
2,123,DSDA02_DA,0.7165508558023064
2,132,DSENG06_DB,0.721647733050401
2,79,Software,0.7228122805483399
2,241,Software,0.7228122805483399
2,20,Statistics,0.7232339314644063
2,41,Statistics,0.7232339314644063
2,131,DSDA02_Stat,0.7232339314644063
2,82,Online_marketplace,0.7235060201254295
2,56,Human_resource_consulting,0.7247595400654319
2,160,DSENG02_CS2,0.7270772458379031
2,276,MySQL,0.7291992118253932
2,308,Product,0.7310755825089803
2,68,Git,0.7359837254010089
2,231,Git,0.7359837254010089
2,95,Corporate communication,0.7360633855512084
2,101,RM5,0.7385183608615296
2,206,DSRM01_RM5,0.7385183608615296
2,163,DSDM05_Data_Steward,0.7440456686513244
2,189,DSENG04_DB5,0.7457912628203227
2,279,DB5,0.7457912628203227
2,247,Interactive_advertising,0.7467890587158253
2,202,DSENG05_DS4,0.7502530198775529
2,72,Oracle Data Mining,0.7530106763066077
2,80,Oracle_Data_Mining,0.7530106763066077
2,234,Oracle Data Mining,0.7530106763066077
2,242,Oracle_Data_Mining,0.7530106763066077
2,121,DSDM06_ELACIPR,0.753057508914614
2,61,Grid_computing,0.7566539860248618
2,62,Grid computing,0.7566539860248618
2,194,DSDK03_SFM,0.7575045303904993
2,203,DSDM04_Data_Sharing,0.7669086250845507
2,28,CapitalMarket,0.7682168214567708
2,319,C++,0.7683065412111321
2,18,BiomedicalEngineering,0.7683724302108786
2,190,DSDA06_SV,0.7690305161639784
2,33,Financial_market_efficiency,0.7691648313473438
2,289,Databases,0.7692882700976627
2,323,System_programming,0.7777563676158052
2,324,Scala,0.7798457748772157
2,17,Biomedicine,0.7811663037979237
2,25,Financial_services,0.7827218960782008
2,322,PHP,0.785235975064
2,223,DSDA05_DV,0.7951948260724168
2,311,C,0.7952398418269088
2,83,Types_of_e-commerce,0.7967352785213966
2,152,DSDA04_DB3,0.8105478581837363
2,172,DSDM01_DMP,0.812743785189343
2,288,Oracle_Database,0.8236419017762122
2,108,RM1,0.8238241419837766
2,115,DSRM06_RM1,0.8238241419837766
2,135,DSRM01_RM1,0.8238241419837766
2,330,Software_engineer,0.8240921696314323
2,249,Television_advertisement,0.8244494847946213
2,86,Digital_economy,0.8255331119836715
2,287,CouchDB,0.8291304365955653
2,32,Financial_market,0.8299119535834164
2,272,Apache_HBase,0.8300952989590022
2,313,pbdR,0.8304036115501878
2,305,CAD,0.8342575751207431
2,226,DSDM02_DBMS-Data_Models,0.8346609678115522
2,297,PostgreSQL,0.836145992191557
2,159,DSDM03_DI5,0.8363808382642786
2,307,Pro-innovation_bias,0.841410649825423
2,130,DSDM01_DMC,0.8427027217910728
2,273,MongoDB,0.84828255727241
2,317,Objective-C,0.8548047171992545
2,54,Employment_agency,0.8585569695195876
2,30,Financial_instrument,0.8595521094899776
2,27,FinanceCapitalism,0.8653662448064353
2,78,Mathematica,0.8660284966873624
2,240,Mathematica,0.8660284966873624
2,173,DSENG04_DB1,0.874023540104884
2,278,DB1,0.874023540104884
2,320,Java,0.8749431450135513
2,109,Primary_Research,0.8757304852625121
2,96,ScholarlyMethod,0.875761427848328
2,316,C_Sharp,0.8788452283012997
2,183,DSDM06_EIIDM,0.8789159110972089
2,304,Product_life-CycleManagement,0.8839499336670928
2,301,New_product_development,0.8892651716928163
2,200,DSDM01_Data_Management,0.8921857987102134
2,97,UndergraduateResearch,0.893790799367139
2,120,DSENG04_DB6,0.9016934497533332
2,280,DB6,0.9016934497533332
2,164,DSENG02_CS,0.9034119792549877
2,248,Meta-advertising,0.9085924962923404
2,36,Stock_Exchange,0.9115608783486415
2,12,Graduate_school,0.9119121343855703
2,329,JavaScript,0.9121410784499397
2,43,List_of_statistical_packages,0.916076387861138
2,141,DSDA02_LOSP,0.916076387861138
2,22,List_of_statistical_packages,0.9166129222372279
2,69,List_of_statistical_packages,0.9166129222372279
2,137,DSDM01_WADMP,0.9177794375044063
2,42,6_BASIC_STATISTICAL_TOOLS,0.9253461073012795
2,138,DSDA02_BST,0.9253461073012795
2,325,PL-SQL,0.928110174569628
2,34,FinancialRegulation,0.9297768048676501
2,224,DSENG03_DM2,0.9427045333364101
2,331,Transact-SQL,0.9448380670751405
2,14,Professional_Science_Master's_Degree,0.9588227164856263
2,296,Elasticsearch,0.9589959604313708
2,318,Ruby,0.9625888328160029
2,321,Objective-J,0.965888360972695
2,124,DSENG04_DB2,0.9675753086375487
2,274,DB2,0.9675753086375487
2,9,European_Joint_Master_degree_in_Economics,0.971032653908658
2,73,Octave,0.9742071612005936
2,235,Octave,0.9742071612005936
2,243,Co-marketing,0.9754538171539789
2,74,MATLAB,0.978783930318583
2,236,MATLAB,0.978783930318583
2,11,Educational_specialist,0.9789672011352413
2,162,DSDM01_Data_Management_Sample_Plan,0.9897878082264768
2,29,Mathematical_finance,0.9934178230705594
2,21,Lists_of_mathematics_topics,0.9953527530509688
2,13,Master_of_Engineering,1.0023374788852513
2,15,Master_of_Laws,1.0074907595110476
2,47,Summary_Table_for_Statistical_Techniques,1.015467609464736
2,112,DSDM05_FDDTDC,1.0205663121998039
2,178,DSRM04_DSAAP,1.0232714784477268
2,0,First_professional_degree,1.0323579852227494
2,39,A_Guide_to_Statistical_Techniques,1.033417332813809
2,6,Doctor_of_Philosophy,1.0348807323975975
2,8,Master_degree,1.0358070358051839
2,144,DSENG06_LORS,1.0410741940211912
2,2,Bachelor_degree,1.0431525604752325
2,48,Executive_search_firms,1.051339837918034
2,53,Employment_agencies,1.0568333911411956
2,7,Master_of_Science,1.0575943602476725
2,5,Terminal_degree,1.0594838832576827
2,1,Master's_degree_in_Europe,1.0727935640637178
2,10,Engineer_degree,1.0731009450512554
2,3,Master_of_Applied_Science,1.0737288115056525
2,51,Employment_websites,1.07411078821705
2,4,Chemistry_Quality_Eurolabels,1.0781754037194713
3,174,DSDA03_BDTA,0.18631216142374563
3,99,IsOperationsResearchReallyResearch,0.18894756805849144
3,196,DSRM03_IORRR,0.18894756805849144
3,220,DSENG03_DM5,0.202405597631367
3,207,DSENG06_BDAA,0.20716020006386748
3,176,DSDA04_DB1,0.22117716798233078
3,171,DSDK02_HTDBDCS,0.22362515376273107
3,193,DSDA03_AFDM,0.231766780210934
3,262,Text mining,0.24743827495502424
3,265,Text_mining,0.24743827495502424
3,90,Business Intelligence,0.2496410620149564
3,145,DSDK02_BDNPD,0.2522043310401213
3,186,DSENG02_CS3,0.25698399982634434
3,260,Categorization,0.2798796024832678
3,94,Business Model,0.2854406872707801
3,264,Predictive Analytics,0.2862272473220865
3,270,Predictive_Analytics,0.2862272473220865
3,88,Business Management,0.2888068346424302
3,187,DSRM04_SPIA,0.31566856771929486
3,256,Data_mining,0.3166268908547367
3,267,Data mining,0.3166268908547367
3,258,Machine learning,0.31835067637030534
3,261,Machine_learning,0.31835067637030534
3,110,FrascatiDefinitionofResearch,0.3222812453705808
3,161,DSRM03_FDOR,0.3222812453705808
3,93,Service-oriented modeling,0.3223606474590993
3,213,DSDA03_DA,0.32612650585847536
3,269,Classification,0.3264363870065198
3,134,DSDK04_HBDATCHYO,0.33441204952651504
3,118,DSDA05_Platforms3,0.34018468283083014
3,209,DSDK03_The_Significance_Of_Management_Information_Systems_For_Enhancing_Strategic_And_Tactical_Planning,0.34485004703567357
3,92,Project management,0.34591683362498404
3,251,Video_commerce,0.3543286461666729
3,182,DSDA05_CDV,0.3555358852531395
3,198,DSDK03_TROFITSPADMP,0.36132909693330595
3,119,DSDK01_BPD,0.3769887265756686
3,89,Business,0.37823894701351746
3,257,Clustering,0.37840544859242986
3,127,DSDA05_Platforms2,0.3917773995693864
3,140,DSRM06_TCAIPSIS,0.39277108915731873
3,151,DSENG02_CS1,0.39366488263779364
3,252,Unsupervised_learning,0.4020586287616936
3,266,Unsupervised learning,0.4020586287616936
3,57,Distributed Computing,0.4165770457924234
3,63,Distributed_Computing,0.4165770457924234
3,167,DSRM04_SP,0.4179048848215797
3,246,Mobile_marketing,0.41905417953037716
3,107,RMO,0.4224250970037692
3,175,DSRM05_RMO,0.4224250970037692
3,44,Important_Methods_For_Statistical_Data_Analysis,0.4225119458752047
3,136,DSDA02_IMFSDA,0.4225119458752047
3,19,_BiomedicalEngineers,0.4298439735864973
3,35,Investment_theory,0.43136575525450616
3,298,db,0.4322822793503165
3,85,Non-store_retailing,0.4325403624739149
3,221,DSRM06_Ing,0.43397227509338276
3,16,BiomedicalEngineers2,0.44175938037509155
3,59,Cloud_Computing,0.4445911949647626
3,65,Cloud Computing,0.4445911949647626
3,104,RM4,0.4471738937269234
3,128,DSRM01_RM4,0.4471738937269234
3,253,Statistics,0.44920868343450127
3,149,DSENG03_ATFDM,0.45075736946463363
3,157,DSDK04_Analytical_Support_Introduction,0.4556159177429323
3,49,Executive_search,0.46024078999875007
3,100,Secondary_research,0.4611620658798582
3,302,productDevelopment,0.46166876855131866
3,179,DSDA05_Platforms1,0.46312569561624917
3,191,DSDM06_IPRIDM,0.46573824560793065
3,293,database,0.46861160410365
3,102,RM3,0.46882766606341264
3,219,DSRM01_RM3,0.46882766606341264
3,326,Julia,0.4738352553182136
3,180,DSRM06_DOI,0.47714808246099216
3,306,MarketPenetration,0.4773359018970108
3,254,Supervised_Learning,0.4839768961124157
3,255,Supervised Learning,0.4839768961124157
3,275,ODBMS,0.4852899636634751
3,327,Python,0.4881509272425396
3,217,DSRM06_SM,0.488364833001227
3,218,DSENG03_DM3,0.4913321711113384
3,55,Onboarding,0.49227139893549876
3,227,DSENG05_SSM,0.49397586493386747
3,143,DSDK06_Marketing,0.49521904124761507
3,111,SS,0.4991576872049197
3,116,DSRM02_SS,0.4991576872049197
3,333,R,0.5015836673120339
3,222,DSDK04_AS,0.5038459118972546
3,103,DSRM01_Scientific_method,0.5057828238102685
3,192,DSRM01_SM,0.5057828238102685
3,259,Information_Retrieval,0.5063287846152498
3,263,Information Retrieval,0.5063287846152498
3,277,RDBMS,0.5098295696213453
3,208,DSDA04_DB2,0.5127305748293024
3,303,VirtualProductDevelopment,0.5131334533244233
3,50,Personality-job_fit_theory,0.5196192530469679
3,23,Mathematics,0.5201795091517469
3,38,Stock_Trader,0.5257408656366716
3,177,DSDM02_DM101,0.5272168507376727
3,91,Job interview,0.5290775163637902
3,122,DSDK06_ADFM,0.5293972814477138
3,98,RM2,0.5307261304287293
3,184,DSRM01_RM2,0.5307261304287293
3,212,DSENG04_DB4,0.5320383718400288
3,283,DB4,0.5320383718400288
3,204,DSENG01_EP,0.5324231488589941
3,291,NoSQL,0.5353516788149538
3,106,DSRM06_Contribute_research_objectives,0.5378202121570097
3,185,DSRM05_CRO,0.5378202121570097
3,214,DSENG04_RNRD,0.5406962401037259
3,292,DSENG04_Relational_non-relational_databases,0.5406962401037259
3,170,DSDK03_SM,0.542834985436916
3,45,Correlation,0.5440684925638022
3,139,DSDA02_CoR,0.5440684925638022
3,315,Programmer,0.5468763141284951
3,76,KNIME,0.5472337588790412
3,238,KNIME,0.5472337588790412
3,75,GATE,0.5490707923439746
3,237,GATE,0.5490707923439746
3,105,DSRM02_Systematic_study,0.5491150691097607
3,148,DSRM02_SysS,0.5491150691097607
3,150,DSRM04_EAP,0.5494982895450402
3,70,SPSS,0.5521834571462829
3,232,SPSS,0.5521834571462829
3,66,SAS,0.5525066914648865
3,229,SAS,0.5525066914648865
3,314,SAS,0.5525066914648865
3,133,DSDA01_PA,0.5526305602902397
3,12,Graduate_school,0.5566962011027273
3,250,Viral_marketing,0.5602265452157005
3,197,DSDK01_BP,0.5607473694224843
3,332,Software_developer,0.5609555762545614
3,101,RM5,0.5633012203357244
3,206,DSRM01_RM5,0.5633012203357244
3,205,DSDM05_DFM,0.5681668820353605
3,199,DSDA04_DB,0.5687395200230914
3,67,JMP,0.5703076923232224
3,230,JMP,0.5703076923232224
3,146,DSENG05_DS2,0.574278077600997
3,300,Time_toMarket,0.5757724732248202
3,125,DSDA03_HPACIDM,0.5773376933264522
3,18,BiomedicalEngineering,0.5813566657502528
3,328,Software_architecture,0.5815498911197814
3,64,Hadoop,0.5825367038350578
3,309,RequirementsManagement,0.5828734148051735
3,77,Waffles,0.5895511410670381
3,239,Waffles,0.5895511410670381
3,215,DSENG05_DS1,0.5896384666481345
3,60,Cloudera,0.5916595333859239
3,142,DSDA05_BDAP,0.5924384645399289
3,24,Math_Stats_tools,0.5936837494594901
3,117,DSENG06_AA,0.5938309894210573
3,310,C--,0.5959222206612069
3,169,DSDM03_DI4,0.5962611489178501
3,40,StatisticalTechniques,0.5967035737881332
3,154,DSDA02_ST,0.5967035737881332
3,299,Data_warehouse,0.5970674657055709
3,87,Business communication,0.6017326111483647
3,129,DSDM01_DMCP,0.6019422082273651
3,188,DSDM02_Database_Model,0.6020963192597838
3,31,Corporate_finance,0.6034931295527097
3,58,Hortonworks,0.6045530545352888
3,52,Human_resource_management,0.6051942617510959
3,26,Financial_economics,0.6077492644442988
3,155,DSDK05_ACD,0.6080313620569634
3,20,Statistics,0.6108257229566472
3,41,Statistics,0.6108257229566472
3,131,DSDA02_Stat,0.6108257229566472
3,211,DSDA06_DVT,0.6122287876909855
3,160,DSENG02_CS2,0.6151793489596339
3,312,Computer_Programming,0.6156539476626997
3,295,Database,0.6160433411681118
3,113,DSDM05_DP,0.6160494251234048
3,225,DSDM04_DG,0.6179071485351934
3,114,DSDM06_EORDM,0.6191379538204946
3,11,Educational_specialist,0.6199610912271669
3,245,Advertising,0.6201318798654544
3,37,Finance,0.624311857017904
3,228,DSENG03_DM4,0.6269822119422986
3,281,Database2,0.6314887522848522
3,201,DSDM02_DM,0.633010731246132
3,84,E-commerce_credit_card_payment_system,0.6343627596900481
3,156,DSENG03_DM1,0.6347501027254661
3,181,DSDM04_DA,0.6348040700245863
3,334,Computer_network,0.6384857798401041
3,168,DSDK02_S,0.6448005024746861
3,244,MarketingMix,0.6491299589822064
3,97,UndergraduateResearch,0.6507247199704549
3,268,Statistical method,0.6531819844722007
3,271,Statistical_method,0.6531819844722007
3,3,Master_of_Applied_Science,0.6590321147600825
3,330,Software_engineer,0.6632609863950722
3,13,Master_of_Engineering,0.6711769384627728
3,210,DSDM03_DI3,0.671521589926678
3,15,Master_of_Laws,0.674340529472302
3,286,IBM_DB2,0.6748106301771286
3,17,Biomedicine,0.6811851977247056
3,165,DSDA04_DB4,0.6817013933929841
3,285,Microsoft_SQL_Server,0.6829729845018233
3,71,Weka,0.6882314839547753
3,233,Weka,0.6882314839547753
3,14,Professional_Science_Master's_Degree,0.6889236182349228
3,195,DSDA04_DI,0.6891887416575087
3,81,E-commerce,0.6908654321662684
3,216,DSDM03_DCAI,0.6940287664698108
3,203,DSDM04_Data_Sharing,0.6974602995044932
3,79,Software,0.698336831584204
3,241,Software,0.698336831584204
3,284,Data_mart,0.7002713991549474
3,153,DSDM04_DL,0.7006477632496434
3,56,Human_resource_consulting,0.7014504899193681
3,126,DSENG04_DB3,0.7037397780923129
3,294,DB3,0.7037397780923129
3,290,SPARQL,0.7057072846433257
3,7,Master_of_Science,0.706747296854966
3,282,MonetDB,0.7071051983697856
3,166,DSDM03_DI1,0.7081374899230862
3,249,Television_advertisement,0.7115355160281652
3,247,Interactive_advertising,0.7133019210891346
3,82,Online_marketplace,0.7154712292880472
3,308,Product,0.7156957552523633
3,46,DataAnalytics,0.7177808030178616
3,123,DSDA02_DA,0.7177808030178616
3,108,RM1,0.7181585851599002
3,115,DSRM06_RM1,0.7181585851599002
3,135,DSRM01_RM1,0.7181585851599002
3,158,DSENG06_OR,0.722712801990717
3,95,Corporate communication,0.7250852155878011
3,147,DSDM03_DI2,0.7252266914686276
3,0,First_professional_degree,0.728384919335428
3,121,DSDM06_ELACIPR,0.7294079278360164
3,319,C++,0.7307916398022691
3,1,Master's_degree_in_Europe,0.7321146075467788
3,2,Bachelor_degree,0.7382435447423841
3,324,Scala,0.7404042981870083
3,10,Engineer_degree,0.7407237365618091
3,28,CapitalMarket,0.7415986081334042
3,132,DSENG06_DB,0.7426042840989124
3,8,Master_degree,0.7442304086227529
3,6,Doctor_of_Philosophy,0.7484083764540779
3,68,Git,0.7533059041807698
3,231,Git,0.7533059041807698
3,307,Pro-innovation_bias,0.7536806367592004
3,54,Employment_agency,0.7539872042944797
3,33,Financial_market_efficiency,0.755914123427077
3,323,System_programming,0.7583059674857996
3,189,DSENG04_DB5,0.7587127917859761
3,279,DB5,0.7587127917859761
3,190,DSDA06_SV,0.7590226853836726
3,276,MySQL,0.7597198995861851
3,61,Grid_computing,0.7617306734560331
3,62,Grid computing,0.7617306734560331
3,311,C,0.7641885001451232
3,96,ScholarlyMethod,0.7670259795105357
3,25,Financial_services,0.7731690980749801
3,9,European_Joint_Master_degree_in_Economics,0.7751847109681931
3,163,DSDM05_Data_Steward,0.7757754544834885
3,322,PHP,0.7760167492561757
3,194,DSDK03_SFM,0.7784334529948138
3,72,Oracle Data Mining,0.7786950133680722
3,80,Oracle_Data_Mining,0.7786950133680722
3,234,Oracle Data Mining,0.7786950133680722
3,242,Oracle_Data_Mining,0.7786950133680722
3,223,DSDA05_DV,0.779918474585641
3,27,FinanceCapitalism,0.786412290067981
3,86,Digital_economy,0.7920536645770697
3,109,Primary_Research,0.8028903735896351
3,313,pbdR,0.8077960773378676
3,32,Financial_market,0.8102838894266742
3,305,CAD,0.8113217491806606
3,30,Financial_instrument,0.8116735060522815
3,202,DSENG05_DS4,0.8124341991772361
3,164,DSENG02_CS,0.8131925189705165
3,83,Types_of_e-commerce,0.815425478558428
3,152,DSDA04_DB3,0.8200621893457827
3,317,Objective-C,0.8202674043657602
3,172,DSDM01_DMP,0.8206082991171547
3,120,DSENG04_DB6,0.8250905058571764
3,280,DB6,0.8250905058571764
3,78,Mathematica,0.8329091663683397
3,240,Mathematica,0.8329091663683397
3,297,PostgreSQL,0.8345807337954403
3,226,DSDM02_DBMS-Data_Models,0.835237487928817
3,287,CouchDB,0.8383189035817551
3,159,DSDM03_DI5,0.8398125906101325
3,183,DSDM06_EIIDM,0.8439054811355188
3,272,Apache_HBase,0.8450463019089444
3,320,Java,0.8471411706746804
3,316,C_Sharp,0.8480363163776192
3,248,Meta-advertising,0.8506650934546323
3,36,Stock_Exchange,0.8519280678258376
3,288,Oracle_Database,0.8535598638532849
3,43,List_of_statistical_packages,0.8569754174760649
3,141,DSDA02_LOSP,0.8569754174760649
3,22,List_of_statistical_packages,0.8573912408384438
3,69,List_of_statistical_packages,0.8573912408384438
3,130,DSDM01_DMC,0.8580226882264311
3,273,MongoDB,0.8580879028490924
3,289,Databases,0.8729018918524718
3,301,New_product_development,0.8742596276889827
3,42,6_BASIC_STATISTICAL_TOOLS,0.8753812231019489
3,138,DSDA02_BST,0.8753812231019489
3,304,Product_life-CycleManagement,0.8785375675752947
3,34,FinancialRegulation,0.8831679997270918
3,173,DSENG04_DB1,0.8854392173327598
3,278,DB1,0.8854392173327598
3,329,JavaScript,0.8859164381845069
3,200,DSDM01_Data_Management,0.905232754735241
3,325,PL-SQL,0.9067580854378159
3,124,DSENG04_DB2,0.9151640225795223
3,274,DB2,0.9151640225795223
3,137,DSDM01_WADMP,0.9186215371236387
3,318,Ruby,0.9189764281822191
3,331,Transact-SQL,0.9210712896646763
3,224,DSENG03_DM2,0.9221187562458083
3,21,Lists_of_mathematics_topics,0.9256902220364313
3,73,Octave,0.9293338278093244
3,235,Octave,0.9293338278093244
3,321,Objective-J,0.9295331887784335
3,74,MATLAB,0.9318101886575159
3,236,MATLAB,0.9318101886575159
3,296,Elasticsearch,0.9371825238038619
3,243,Co-marketing,0.9412798949415665
3,29,Mathematical_finance,0.9489379688515079
3,47,Summary_Table_for_Statistical_Techniques,0.9576523018225211
3,5,Terminal_degree,0.9618982145096099
3,162,DSDM01_Data_Management_Sample_Plan,0.9640483528031952
3,4,Chemistry_Quality_Eurolabels,0.9704877131419547
3,112,DSDM05_FDDTDC,0.9893873620471094
3,178,DSRM04_DSAAP,0.991756807800423
3,39,A_Guide_to_Statistical_Techniques,0.9923906420980797
3,53,Employment_agencies,1.0146119589047353
3,48,Executive_search_firms,1.0146189729401975
3,144,DSENG06_LORS,1.017864351131316
3,51,Employment_websites,1.0388276419308458
4,262,Text mining,0.15186507251543424
4,265,Text_mining,0.15186507251543424
4,90,Business Intelligence,0.1595385182502237
4,220,DSENG03_DM5,0.16640627338797376
4,93,Service-oriented modeling,0.16810860319448195
4,193,DSDA03_AFDM,0.1762844628712429
4,118,DSDA05_Platforms3,0.17968863220843623
4,88,Business Management,0.18134875665905836
4,94,Business Model,0.19830372382728723
4,176,DSDA04_DB1,0.21104589187953704
4,256,Data_mining,0.211523538683711
4,267,Data mining,0.211523538683711
4,92,Project management,0.21421516597829116
4,186,DSENG02_CS3,0.21554762527812055
4,260,Categorization,0.22101318402100711
4,207,DSENG06_BDAA,0.2233189524110054
4,134,DSDK04_HBDATCHYO,0.2364358558681865
4,264,Predictive Analytics,0.24874038725009628
4,270,Predictive_Analytics,0.24874038725009628
4,119,DSDK01_BPD,0.2510545971411067
4,258,Machine learning,0.2567321623635411
4,261,Machine_learning,0.2567321623635411
4,57,Distributed Computing,0.25722346154798714
4,63,Distributed_Computing,0.25722346154798714
4,269,Classification,0.2599984012239527
4,171,DSDK02_HTDBDCS,0.26264277601009045
4,127,DSDA05_Platforms2,0.2636942542581383
4,179,DSDA05_Platforms1,0.26521191102160835
4,59,Cloud_Computing,0.2666929052192418
4,65,Cloud Computing,0.2666929052192418
4,277,RDBMS,0.2703475496339527
4,293,database,0.2743805114911042
4,275,ODBMS,0.2752197721606696
4,298,db,0.27591083165462327
4,213,DSDA03_DA,0.2823979053717248
4,326,Julia,0.28286821358164405
4,333,R,0.28412534897085173
4,209,DSDK03_The_Significance_Of_Management_Information_Systems_For_Enhancing_Strategic_And_Tactical_Planning,0.28415193007074924
4,145,DSDK02_BDNPD,0.2854142767178679
4,257,Clustering,0.28998765372391533
4,99,IsOperationsResearchReallyResearch,0.3036983993888134
4,196,DSRM03_IORRR,0.3036983993888134
4,251,Video_commerce,0.30691815014810253
4,327,Python,0.30775819075426436
4,182,DSDA05_CDV,0.316971009865456
4,174,DSDA03_BDTA,0.3245828338984219
4,291,NoSQL,0.32567542020671547
4,110,FrascatiDefinitionofResearch,0.33107748841935136
4,161,DSRM03_FDOR,0.33107748841935136
4,89,Business,0.33389715093783945
4,151,DSENG02_CS1,0.33579567577069325
4,227,DSENG05_SSM,0.3365163117614266
4,252,Unsupervised_learning,0.3375272032126384
4,266,Unsupervised learning,0.3375272032126384
4,76,KNIME,0.3488094117248238
4,238,KNIME,0.3488094117248238
4,66,SAS,0.34912720676393794
4,229,SAS,0.34912720676393794
4,314,SAS,0.34912720676393794
4,64,Hadoop,0.3561567987993254
4,70,SPSS,0.35646668542746396
4,232,SPSS,0.35646668542746396
4,191,DSDM06_IPRIDM,0.36290749306921233
4,67,JMP,0.36458822293709825
4,230,JMP,0.36458822293709825
4,198,DSDK03_TROFITSPADMP,0.36487770850440393
4,214,DSENG04_RNRD,0.3656419688740814
4,292,DSENG04_Relational_non-relational_databases,0.3656419688740814
4,75,GATE,0.37358986794302085
4,237,GATE,0.37358986794302085
4,157,DSDK04_Analytical_Support_Introduction,0.3743286212727259
4,187,DSRM04_SPIA,0.3743928165114213
4,246,Mobile_marketing,0.3797383497484321
4,259,Information_Retrieval,0.38173075378071164
4,263,Information Retrieval,0.38173075378071164
4,60,Cloudera,0.3848953759760998
4,35,Investment_theory,0.38828587923436764
4,218,DSENG03_DM3,0.3896407314604652
4,142,DSDA05_BDAP,0.39004373913101853
4,199,DSDA04_DB,0.39679963136811214
4,58,Hortonworks,0.39977603913443926
4,212,DSENG04_DB4,0.40219485877997074
4,283,DB4,0.40219485877997074
4,299,Data_warehouse,0.40237721884273914
4,303,VirtualProductDevelopment,0.40247353187469903
4,205,DSDM05_DFM,0.40500382101841403
4,19,_BiomedicalEngineers,0.40565210701384036
4,254,Supervised_Learning,0.40649738427437443
4,255,Supervised Learning,0.40649738427437443
4,221,DSRM06_Ing,0.4084401141016074
4,332,Software_developer,0.4094655784154694
4,208,DSDA04_DB2,0.4097216066238841
4,328,Software_architecture,0.41127230281477256
4,169,DSDM03_DI4,0.4116567570117883
4,167,DSRM04_SP,0.4135511545627433
4,16,BiomedicalEngineers2,0.4151187106027433
4,85,Non-store_retailing,0.4155797877607865
4,177,DSDM02_DM101,0.41643059739172794
4,285,Microsoft_SQL_Server,0.4178528494845173
4,286,IBM_DB2,0.41821597346021344
4,117,DSENG06_AA,0.4191186849625671
4,315,Programmer,0.42014973686421453
4,197,DSDK01_BP,0.4229018891520908
4,215,DSENG05_DS1,0.42336694793994734
4,149,DSENG03_ATFDM,0.42370778204527604
4,24,Math_Stats_tools,0.424383571790397
4,188,DSDM02_Database_Model,0.42464020898061094
4,44,Important_Methods_For_Statistical_Data_Analysis,0.4275737703907664
4,136,DSDA02_IMFSDA,0.4275737703907664
4,77,Waffles,0.4281611013942883
4,239,Waffles,0.4281611013942883
4,295,Database,0.4295640930052941
4,143,DSDK06_Marketing,0.4302412057644911
4,310,C--,0.43209555441537373
4,146,DSENG05_DS2,0.4330026171716652
4,129,DSDM01_DMCP,0.43451192396868765
4,100,Secondary_research,0.4415822008156274
4,133,DSDA01_PA,0.4448248119776447
4,23,Mathematics,0.45030052612006277
4,204,DSENG01_EP,0.45350377066253145
4,49,Executive_search,0.4542647264317219
4,180,DSRM06_DOI,0.4585421028111585
4,170,DSDK03_SM,0.45881237119403295
4,201,DSDM02_DM,0.4590819269967873
4,312,Computer_Programming,0.4636929931839021
4,309,RequirementsManagement,0.4649293173340847
4,122,DSDK06_ADFM,0.46781027381515583
4,281,Database2,0.46964526796434003
4,222,DSDK04_AS,0.47061792833958405
4,228,DSENG03_DM4,0.4706527736943237
4,150,DSRM04_EAP,0.47071913817010136
4,253,Statistics,0.47184229304300285
4,104,RM4,0.47312211338852783
4,128,DSRM01_RM4,0.47312211338852783
4,107,RMO,0.4777403724321043
4,175,DSRM05_RMO,0.4777403724321043
4,302,productDevelopment,0.47937498196463857
4,225,DSDM04_DG,0.48138625636302323
4,282,MonetDB,0.48752157517699235
4,102,RM3,0.489911934006944
4,219,DSRM01_RM3,0.489911934006944
4,334,Computer_network,0.49053155873134835
4,84,E-commerce_credit_card_payment_system,0.4907797254307954
4,210,DSDM03_DI3,0.4910231189227141
4,160,DSENG02_CS2,0.4937566360141312
4,155,DSDK05_ACD,0.49508326517826184
4,55,Onboarding,0.4969467305398627
4,217,DSRM06_SM,0.49893319882204534
4,113,DSDM05_DP,0.4989963069049258
4,125,DSDA03_HPACIDM,0.49918956641753975
4,105,DSRM02_Systematic_study,0.49985390247782857
4,148,DSRM02_SysS,0.49985390247782857
4,195,DSDA04_DI,0.5018705726763328
4,71,Weka,0.502011281888321
4,233,Weka,0.502011281888321
4,98,RM2,0.5022638992413582
4,184,DSRM01_RM2,0.5022638992413582
4,306,MarketPenetration,0.5028994130748223
4,50,Personality-job_fit_theory,0.5039531106728361
4,40,StatisticalTechniques,0.5061379801849395
4,154,DSDA02_ST,0.5061379801849395
4,250,Viral_marketing,0.506728102290972
4,300,Time_toMarket,0.507356611178803
4,106,DSRM06_Contribute_research_objectives,0.508372235084011
4,185,DSRM05_CRO,0.508372235084011
4,181,DSDM04_DA,0.5115572841383009
4,216,DSDM03_DCAI,0.51210204725439
4,156,DSENG03_DM1,0.5164089446984221
4,165,DSDA04_DB4,0.519237563816783
4,126,DSENG04_DB3,0.5264230447962723
4,294,DB3,0.5264230447962723
4,140,DSRM06_TCAIPSIS,0.5297053096130168
4,268,Statistical method,0.5305794435525006
4,271,Statistical_method,0.5305794435525006
4,52,Human_resource_management,0.5315416504836659
4,114,DSDM06_EORDM,0.5319867016616455
4,211,DSDA06_DVT,0.5333580122691732
4,290,SPARQL,0.5337704049192706
4,166,DSDM03_DI1,0.5379867045845749
4,26,Financial_economics,0.5391060720328265
4,18,BiomedicalEngineering,0.5391300583491544
4,158,DSENG06_OR,0.5404320149526234
4,31,Corporate_finance,0.5406370313340094
4,276,MySQL,0.5422175980865689
4,79,Software,0.5427203434746535
4,241,Software,0.5427203434746535
4,168,DSDK02_S,0.542857363040542
4,284,Data_mart,0.5432297883422632
4,147,DSDM03_DI2,0.5472333578661498
4,153,DSDM04_DL,0.5488158422053029
4,68,Git,0.5511717128942359
4,231,Git,0.5511717128942359
4,101,RM5,0.55268571343202
4,206,DSRM01_RM5,0.55268571343202
4,38,Stock_Trader,0.5548286931175882
4,20,Statistics,0.5552804053172826
4,41,Statistics,0.5552804053172826
4,131,DSDA02_Stat,0.5552804053172826
4,37,Finance,0.5554599626167738
4,87,Business communication,0.5580029936858315
4,45,Correlation,0.5584761416587901
4,139,DSDA02_CoR,0.5584761416587901
4,245,Advertising,0.5619614579711972
4,244,MarketingMix,0.564723768859256
4,324,Scala,0.5660456855248712
4,319,C++,0.5702799520758464
4,111,SS,0.5709844333530001
4,116,DSRM02_SS,0.5709844333530001
4,189,DSENG04_DB5,0.5719860181558576
4,279,DB5,0.5719860181558576
4,330,Software_engineer,0.5750493080375138
4,72,Oracle Data Mining,0.5767008229458402
4,80,Oracle_Data_Mining,0.5767008229458402
4,234,Oracle Data Mining,0.5767008229458402
4,242,Oracle_Data_Mining,0.5767008229458402
4,323,System_programming,0.577162124011639
4,289,Databases,0.577196139902751
4,56,Human_resource_consulting,0.5820493936280715
4,82,Online_marketplace,0.582929056890165
4,103,DSRM01_Scientific_method,0.5831368627114111
4,192,DSRM01_SM,0.5831368627114111
4,322,PHP,0.5836279031441474
4,91,Job interview,0.5840595708025977
4,81,E-commerce,0.5852418954894598
4,61,Grid_computing,0.5860824134553607
4,62,Grid computing,0.5860824134553607
4,190,DSDA06_SV,0.5893514903744725
4,46,DataAnalytics,0.5902431971211415
4,123,DSDA02_DA,0.5902431971211415
4,311,C,0.5953813220281801
4,308,Product,0.5956768580070715
4,17,Biomedicine,0.5959261950140399
4,203,DSDM04_Data_Sharing,0.5994664811112421
4,132,DSENG06_DB,0.5998937233440598
4,313,pbdR,0.6219880204570414
4,247,Interactive_advertising,0.6225778865150191
4,163,DSDM05_Data_Steward,0.6240443034329426
4,121,DSDM06_ELACIPR,0.6352775023747619
4,95,Corporate communication,0.6392974780013224
4,14,Professional_Science_Master's_Degree,0.6428924155046288
4,249,Television_advertisement,0.6432855780911078
4,78,Mathematica,0.6440423389871459
4,240,Mathematica,0.6440423389871459
4,83,Types_of_e-commerce,0.645341910822421
4,287,CouchDB,0.6454497673720809
4,272,Apache_HBase,0.6462516212009443
4,202,DSENG05_DS4,0.6501510573824625
4,194,DSDK03_SFM,0.6507162705186886
4,223,DSDA05_DV,0.6515884827809721
4,288,Oracle_Database,0.6532503476052955
4,97,UndergraduateResearch,0.6545400086021663
4,297,PostgreSQL,0.6565661835377141
4,152,DSDA04_DB3,0.6604132519207562
4,317,Objective-C,0.6607684369516288
4,12,Graduate_school,0.6618682934944407
4,307,Pro-innovation_bias,0.6619324333024599
4,305,CAD,0.664449125712895
4,86,Digital_economy,0.6654352247999364
4,320,Java,0.6661809082107053
4,316,C_Sharp,0.6714807919665502
4,164,DSENG02_CS,0.6727477117721679
4,96,ScholarlyMethod,0.6727874684950161
4,159,DSDM03_DI5,0.6729929688232197
4,226,DSDM02_DBMS-Data_Models,0.6737566594061823
4,172,DSDM01_DMP,0.6739462634944481
4,25,Financial_services,0.6761352793010567
4,108,RM1,0.6797489619876491
4,115,DSRM06_RM1,0.6797489619876491
4,135,DSRM01_RM1,0.6797489619876491
4,33,Financial_market_efficiency,0.6807791683330509
4,28,CapitalMarket,0.6834928509867508
4,273,MongoDB,0.6853576646017256
4,9,European_Joint_Master_degree_in_Economics,0.690676222653112
4,43,List_of_statistical_packages,0.6915134430756014
4,141,DSDA02_LOSP,0.6915134430756014
4,22,List_of_statistical_packages,0.6921631745854324
4,69,List_of_statistical_packages,0.6921631745854324
4,27,FinanceCapitalism,0.6944204999688155
4,13,Master_of_Engineering,0.6946167436501467
4,130,DSDM01_DMC,0.6973417648922009
4,120,DSENG04_DB6,0.6982129891193025
4,280,DB6,0.6982129891193025
4,54,Employment_agency,0.699604463324137
4,109,Primary_Research,0.7045458932741326
4,173,DSENG04_DB1,0.706657746319648
4,278,DB1,0.706657746319648
4,11,Educational_specialist,0.7072158627823361
4,329,JavaScript,0.7146797721343816
4,32,Financial_market,0.7198954976682903
4,183,DSDM06_EIIDM,0.7211381269163386
4,0,First_professional_degree,0.7275346325429535
4,248,Meta-advertising,0.7286629820195366
4,30,Financial_instrument,0.728967104665487
4,7,Master_of_Science,0.7297151936817002
4,8,Master_degree,0.7359774107239019
4,15,Master_of_Laws,0.7372223480275273
4,200,DSDM01_Data_Management,0.7428134582744454
4,325,PL-SQL,0.7441990198660873
4,2,Bachelor_degree,0.7475827097353929
4,6,Doctor_of_Philosophy,0.7483250945732136
4,301,New_product_development,0.7504563320728863
4,74,MATLAB,0.756780170548045
4,236,MATLAB,0.756780170548045
4,304,Product_life-CycleManagement,0.7568796924788536
4,321,Objective-J,0.7611508492682472
4,10,Engineer_degree,0.7616023400085004
4,124,DSENG04_DB2,0.7616843293910859
4,274,DB2,0.7616843293910859
4,1,Master's_degree_in_Europe,0.7623340056899721
4,42,6_BASIC_STATISTICAL_TOOLS,0.7631901130141254
4,138,DSDA02_BST,0.7631901130141254
4,73,Octave,0.7646349222105122
4,235,Octave,0.7646349222105122
4,331,Transact-SQL,0.7655279396563704
4,296,Elasticsearch,0.7667222948317085
4,318,Ruby,0.7688694726918582
4,137,DSDM01_WADMP,0.7726790443263039
4,224,DSENG03_DM2,0.7735706626590406
4,34,FinancialRegulation,0.7738984717816388
4,36,Stock_Exchange,0.7774209865291984
4,3,Master_of_Applied_Science,0.7804240201943224
4,21,Lists_of_mathematics_topics,0.7866186871668324
4,243,Co-marketing,0.8020772553219395
4,29,Mathematical_finance,0.814757899420737
4,47,Summary_Table_for_Statistical_Techniques,0.8196088053470483
4,162,DSDM01_Data_Management_Sample_Plan,0.823148460329705
4,5,Terminal_degree,0.8435450420711107
4,4,Chemistry_Quality_Eurolabels,0.8537905306918923
4,112,DSDM05_FDDTDC,0.8558768823227468
4,39,A_Guide_to_Statistical_Techniques,0.8602934581412298
4,178,DSRM04_DSAAP,0.8643934459425848
4,144,DSENG06_LORS,0.8701486720154258
4,48,Executive_search_firms,0.8720590027578636
4,53,Employment_agencies,0.8794076823543879
4,51,Employment_websites,0.9015783555755607
5,207,DSENG06_BDAA,0.0766944863431871
5,90,Business Intelligence,0.1133089245074238
5,171,DSDK02_HTDBDCS,0.13274486337057778
5,193,DSDA03_AFDM,0.1391071094141576
5,118,DSDA05_Platforms3,0.14336617696662468
5,262,Text mining,0.1521450825399685
5,265,Text_mining,0.1521450825399685
5,220,DSENG03_DM5,0.15859932563743917
5,88,Business Management,0.16165041781875444
5,93,Service-oriented modeling,0.1646567767480882
5,145,DSDK02_BDNPD,0.1681374030149575
5,94,Business Model,0.1810155816429151
5,134,DSDK04_HBDATCHYO,0.18913818574668262
5,176,DSDA04_DB1,0.2092468574015689
5,256,Data_mining,0.21186047039754996
5,267,Data mining,0.21186047039754996
5,179,DSDA05_Platforms1,0.2241367680051738
5,174,DSDA03_BDTA,0.22465366323016756
5,59,Cloud_Computing,0.23079382440658947
5,65,Cloud Computing,0.23079382440658947
5,127,DSDA05_Platforms2,0.23136396310121288
5,119,DSDK01_BPD,0.23706575814747632
5,92,Project management,0.23845415757453114
5,251,Video_commerce,0.25648496636655294
5,264,Predictive Analytics,0.2684347816057505
5,270,Predictive_Analytics,0.2684347816057505
5,213,DSDA03_DA,0.27508133293385184
5,198,DSDK03_TROFITSPADMP,0.2822152875617524
5,260,Categorization,0.28886527692195374
5,293,database,0.3009522668309663
5,209,DSDK03_The_Significance_Of_Management_Information_Systems_For_Enhancing_Strategic_And_Tactical_Planning,0.31074333661124687
5,298,db,0.31418499560602087
5,186,DSENG02_CS3,0.31500568740451884
5,269,Classification,0.3195565627017327
5,227,DSENG05_SSM,0.32601658079905504
5,99,IsOperationsResearchReallyResearch,0.32693981399887284
5,196,DSRM03_IORRR,0.32693981399887284
5,142,DSDA05_BDAP,0.3287951811644725
5,246,Mobile_marketing,0.3326012949016721
5,85,Non-store_retailing,0.3329015240583082
5,275,ODBMS,0.3340262240982905
5,277,RDBMS,0.33416670680984184
5,187,DSRM04_SPIA,0.3386548435069603
5,57,Distributed Computing,0.34387479630830364
5,63,Distributed_Computing,0.34387479630830364
5,89,Business,0.344934930688657
5,182,DSDA05_CDV,0.35254536210888066
5,64,Hadoop,0.3555156117677982
5,60,Cloudera,0.35556751985553237
5,257,Clustering,0.35636597245098645
5,191,DSDM06_IPRIDM,0.3590176994142886
5,258,Machine learning,0.36288755520019345
5,261,Machine_learning,0.36288755520019345
5,58,Hortonworks,0.36489346053723615
5,35,Investment_theory,0.375055395016447
5,157,DSDK04_Analytical_Support_Introduction,0.3803429258285197
5,291,NoSQL,0.382348833156575
5,326,Julia,0.3873321961949916
5,302,productDevelopment,0.38969957137221045
5,110,FrascatiDefinitionofResearch,0.39131536239132825
5,161,DSRM03_FDOR,0.39131536239132825
5,208,DSDA04_DB2,0.3940885704416808
5,333,R,0.3978499001299296
5,146,DSENG05_DS2,0.40214510618855503
5,76,KNIME,0.4041023907368827
5,238,KNIME,0.4041023907368827
5,214,DSENG04_RNRD,0.4055851498111167
5,292,DSENG04_Relational_non-relational_databases,0.4055851498111167
5,143,DSDK06_Marketing,0.40958548333003375
5,303,VirtualProductDevelopment,0.4123621533458701
5,167,DSRM04_SP,0.4145335304607449
5,49,Executive_search,0.42036508231906167
5,306,MarketPenetration,0.4212923519882157
5,66,SAS,0.4273200769980797
5,229,SAS,0.4273200769980797
5,314,SAS,0.4273200769980797
5,205,DSDM05_DFM,0.4356276541759213
5,44,Important_Methods_For_Statistical_Data_Analysis,0.4401514704829834
5,136,DSDA02_IMFSDA,0.4401514704829834
5,151,DSENG02_CS1,0.44043264912879065
5,212,DSENG04_DB4,0.4438441021499996
5,283,DB4,0.4438441021499996
5,215,DSENG05_DS1,0.4438895971959935
5,327,Python,0.4441860322539718
5,299,Data_warehouse,0.44611988051496343
5,177,DSDM02_DM101,0.4480969632794167
5,199,DSDA04_DB,0.4489820302554278
5,75,GATE,0.4506875332732898
5,237,GATE,0.4506875332732898
5,149,DSENG03_ATFDM,0.4516398497231725
5,218,DSENG03_DM3,0.45431695464383093
5,117,DSENG06_AA,0.4567251849136885
5,252,Unsupervised_learning,0.45873155210034533
5,266,Unsupervised learning,0.45873155210034533
5,169,DSDM03_DI4,0.46130372755736515
5,221,DSRM06_Ing,0.4620832445740676
5,332,Software_developer,0.46302162714335526
5,197,DSDK01_BP,0.4634442715223478
5,70,SPSS,0.4704285694803475
5,232,SPSS,0.4704285694803475
5,129,DSDM01_DMCP,0.4731055705597048
5,19,_BiomedicalEngineers,0.4746934238516113
5,170,DSDK03_SM,0.4775752604765259
5,180,DSRM06_DOI,0.4786734061144864
5,259,Information_Retrieval,0.47998474250054235
5,263,Information Retrieval,0.47998474250054235
5,16,BiomedicalEngineers2,0.4827663284725936
5,67,JMP,0.48285111826460436
5,230,JMP,0.48285111826460436
5,155,DSDK05_ACD,0.4831291122588197
5,328,Software_architecture,0.4843051992473354
5,55,Onboarding,0.4852116963747891
5,225,DSDM04_DG,0.48614125218414406
5,295,Database,0.48910810001121097
5,122,DSDK06_ADFM,0.48928225372275047
5,100,Secondary_research,0.4896047195208776
5,188,DSDM02_Database_Model,0.49063610335656105
5,24,Math_Stats_tools,0.494102339361972
5,285,Microsoft_SQL_Server,0.4958827480042207
5,315,Programmer,0.4969270084613068
5,286,IBM_DB2,0.4988552273939749
5,150,DSRM04_EAP,0.5026595566936325
5,133,DSDA01_PA,0.5046693961654791
5,309,RequirementsManagement,0.5057768425073199
5,84,E-commerce_credit_card_payment_system,0.5068691935447047
5,125,DSDA03_HPACIDM,0.5088759927139803
5,250,Viral_marketing,0.5161815703121527
5,50,Personality-job_fit_theory,0.5162077955632718
5,195,DSDA04_DI,0.5171824487031824
5,38,Stock_Trader,0.5189966802161607
5,201,DSDM02_DM,0.519518594696724
5,113,DSDM05_DP,0.5227996496104179
5,168,DSDK02_S,0.5250081617018423
5,281,Database2,0.5277844806019685
5,210,DSDM03_DI3,0.5305978491122698
5,31,Corporate_finance,0.5311080791794438
5,254,Supervised_Learning,0.5320114067247856
5,255,Supervised Learning,0.5320114067247856
5,300,Time_toMarket,0.5333278896771974
5,204,DSENG01_EP,0.5352672050645939
5,228,DSENG03_DM4,0.5354337567514693
5,77,Waffles,0.5364345351980844
5,239,Waffles,0.5364345351980844
5,222,DSDK04_AS,0.54220239745283
5,310,C--,0.5422916426324771
5,334,Computer_network,0.5441161473790064
5,140,DSRM06_TCAIPSIS,0.5442750512971404
5,107,RMO,0.5443356483741985
5,175,DSRM05_RMO,0.5443356483741985
5,181,DSDM04_DA,0.5486715998582801
5,253,Statistics,0.5487915711365361
5,114,DSDM06_EORDM,0.5551632350655923
5,104,RM4,0.5573864115605067
5,128,DSRM01_RM4,0.5573864115605067
5,166,DSDM03_DI1,0.5599578573337566
5,102,RM3,0.5624135112622483
5,219,DSRM01_RM3,0.5624135112622483
5,52,Human_resource_management,0.5661484089186927
5,312,Computer_Programming,0.5679341598304843
5,158,DSENG06_OR,0.5695032734917262
5,37,Finance,0.5699984908886344
5,165,DSDA04_DB4,0.570193973548367
5,282,MonetDB,0.5702144245113225
5,245,Advertising,0.5721598159061778
5,105,DSRM02_Systematic_study,0.5729116254713313
5,148,DSRM02_SysS,0.5729116254713313
5,40,StatisticalTechniques,0.5731839757785597
5,154,DSDA02_ST,0.5731839757785597
